timestamp_sec,raw_odom_yaw,raw_imu_yaw,ekf_filtered_yaw,raw_odom_w,raw_imu_w,ekf_filtered_w,raw_odom_v,ekf_filtered_v
451.464,1.2341,2.3989,2.399,0.0004,0.0,-0.0,0.0,0.0
451.525,1.2341,2.3989,2.399,-0.0004,0.0,-0.0,0.0,0.0
451.569,1.2341,2.3989,2.399,-0.0001,0.0,-0.0,0.0,0.0
451.615,1.2341,2.3989,2.399,0.0002,0.0,-0.0,0.0,0.0
451.678,1.2341,2.3989,2.3989,0.0,0.0,-0.0,0.0,0.0
451.716,1.2341,2.3989,2.3989,0.0004,0.0,0.0,0.0,0.0
451.765,1.2341,2.399,2.3989,0.0003,0.0,0.0,0.0,0.0
451.824,1.2341,2.399,2.399,0.0005,0.0,0.0,0.0,0.0
451.867,1.2341,2.399,2.399,0.0004,0.0,0.0,0.0,0.0
451.917,1.2341,2.399,2.399,-0.0009,0.0,-0.0,0.0,0.0
451.972,1.2341,2.3989,2.399,-0.0008,0.0,-0.0,0.0,0.0
452.017,1.2341,2.399,2.399,0.0007,0.0,0.0,0.0,0.0
452.065,1.2341,2.399,2.399,-0.0,0.0,0.0,0.0,0.0
452.124,1.2341,2.399,2.399,0.0003,0.0,0.0,0.0,0.0
452.166,1.2341,2.399,2.399,-0.0,0.0,0.0,0.0,0.0
452.219,1.2341,2.399,2.399,-0.0,0.0,0.0,0.0,0.0
452.273,1.2341,2.3989,2.399,-0.0007,0.0,-0.0,0.0,0.0
452.32,1.2341,2.399,2.399,0.0006,0.0,0.0,0.0,0.0
452.365,1.2341,2.3989,2.399,-0.0004,0.0,-0.0,0.0,0.0
452.427,1.2341,2.399,2.399,0.0009,0.0,0.0,0.0,0.0
452.467,1.2341,2.3989,2.399,-0.0011,0.0,-0.0,0.0,0.0
452.527,1.2341,2.399,2.399,0.0003,0.0,0.0,0.0,0.0
452.571,1.2341,2.3989,2.399,-0.0008,0.0,-0.0,0.0,0.0
452.619,1.2341,2.399,2.399,0.001,0.0,0.0,0.0,0.0
452.666,1.2341,2.3989,2.399,-0.0008,0.0,-0.0,0.0,0.0
452.723,1.2341,2.399,2.399,0.0013,0.0,0.0,0.0,0.0
452.767,1.2342,2.399,2.399,0.0004,0.0,0.0,0.0,0.0
452.815,1.234,2.3989,2.399,-0.0027,0.0,-0.0,0.0,0.0
452.872,1.2341,2.3989,2.3989,0.0012,0.0,0.0,0.0,0.0
452.92,1.2341,2.3989,2.3989,-0.0004,0.0,-0.0,0.0,0.0
452.965,1.234,2.3989,2.3989,-0.0005,0.0,-0.0,0.0,0.0
453.025,1.2341,2.3989,2.3989,0.0005,0.0,0.0,0.0,0.0
453.071,1.2341,2.3989,2.3989,0.0002,0.0,0.0,0.0,0.0
453.116,1.2341,2.3989,2.3989,0.0002,0.0,0.0,0.0,0.0
453.173,1.234,2.3988,2.3989,-0.0018,0.0,-0.0,0.0,0.0
453.224,1.2341,2.3989,2.3989,0.0015,0.0,0.0,0.0,0.0
453.267,1.2341,2.399,2.3989,0.0009,0.0,0.0,0.0,0.0
453.323,1.2341,2.3989,2.3989,-0.0006,0.0,0.0,0.0,0.0
453.371,1.2341,2.3989,2.3989,0.0002,0.0,0.0,0.0,0.0
453.415,1.2342,2.399,2.3989,0.0012,0.0,0.0,0.0,0.0
453.477,1.2341,2.399,2.3989,-0.0005,0.0,0.0,0.0,0.0
453.52,1.2341,2.399,2.399,-0.0002,0.0,0.0,0.0,0.0
453.567,1.2341,2.3989,2.3989,-0.0008,0.0,-0.0,0.0,0.0
453.624,1.234,2.3989,2.3989,-0.001,0.0,-0.0,0.0,0.0
453.668,1.2341,2.3989,2.3989,0.0012,0.0,0.0,0.0,0.0
453.718,1.234,2.3989,2.3989,-0.0014,0.0,-0.0,0.0,0.0
453.773,1.2341,2.3989,2.3989,0.001,0.0,0.0,0.0,0.0
453.821,1.234,2.3989,2.3989,-0.0004,0.0,-0.0,0.0,0.0
453.868,1.2341,2.3989,2.3989,0.0004,0.0,0.0,0.0,0.0
453.926,1.2341,2.399,2.3989,0.0015,0.0,0.0,0.0,0.0
453.969,1.2341,2.399,2.3989,-0.0003,0.0,0.0,0.0,0.0
454.019,1.234,2.3989,2.3989,-0.0016,0.0,-0.0,0.0,0.0
454.075,1.2341,2.3989,2.3989,0.0006,0.0,0.0,0.0,0.0
454.122,1.2341,2.3989,2.3989,-0.0005,0.0,-0.0,0.0,0.0
454.166,1.234,2.3989,2.3989,-0.0007,0.0,-0.0,0.0,0.0
454.224,1.2341,2.399,2.3989,0.0016,0.0,0.0,0.0,0.0
454.271,1.2341,2.399,2.3989,0.0009,0.0,0.0,0.0,0.0
454.315,1.2341,2.3989,2.3989,-0.0014,0.0,-0.0,0.0,0.0
454.364,1.2341,2.399,2.3989,0.0011,0.0,0.0,0.0,0.0
454.422,1.2341,2.3989,2.3989,-0.0008,0.0,-0.0,0.0,0.0
454.465,1.2341,2.399,2.3989,0.0007,0.0,0.0,0.0,0.0
454.523,1.2341,2.3989,2.3989,-0.0009,0.0,-0.0,0.0,0.0
454.57,1.2341,2.3989,2.3989,-0.0,0.0,-0.0,0.0,0.0
454.616,1.2341,2.399,2.3989,0.0012,0.0,0.0,0.0,0.0
454.669,1.2341,2.399,2.399,0.0004,0.0,0.0,0.0,0.0
454.715,1.2341,2.399,2.399,-0.0002,0.0,0.0,0.0,0.0
454.773,1.2341,2.3989,2.399,-0.0012,0.0,-0.0,0.0,0.0
454.821,1.2341,2.3989,2.3989,0.0004,0.0,-0.0,0.0,0.0
454.868,1.2341,2.399,2.399,0.0002,0.0,0.0,0.0,0.0
454.925,1.2341,2.3989,2.3989,-0.0009,0.0,-0.0,0.0,0.0
454.969,1.234,2.3989,2.3989,-0.0001,0.0,-0.0,0.0,0.0
455.024,1.2341,2.399,2.3989,0.0011,0.0,0.0,0.0,0.0
455.072,1.2341,2.399,2.3989,0.0008,0.0,0.0,0.0,0.0
455.119,1.2341,2.3989,2.3989,-0.001,0.0,-0.0,0.0,0.0
455.174,1.2341,2.3989,2.3989,0.0,0.0,-0.0,0.0,0.0
455.222,1.234,2.3989,2.3989,-0.0006,0.0,-0.0,0.0,0.0
455.263,1.2341,2.3989,2.3989,0.0009,0.0,0.0,0.0,0.0
455.324,1.2341,2.3989,2.3989,-0.0002,0.0,0.0,0.0,0.0
455.368,1.234,2.3989,2.3989,-0.0006,0.0,-0.0,0.0,0.0
455.416,1.2341,2.3989,2.3989,0.0002,0.0,-0.0,0.0,0.0
455.471,1.2341,2.3989,2.3989,0.0004,0.0,0.0,0.0,0.0
455.52,1.2341,2.3989,2.3989,-0.0,0.0,0.0,0.0,0.0
455.565,1.2341,2.3989,2.3989,0.0002,0.0,0.0,0.0,0.0
455.629,1.2341,2.3989,2.3989,-0.0001,0.0,0.0,0.0,0.0
455.668,1.2341,2.3989,2.3989,0.0001,0.0,0.0,0.0,0.0
455.719,1.2341,2.3989,2.3989,-0.0001,0.0,-0.0,0.0,0.0
455.773,1.2341,2.399,2.3989,0.0005,0.0,0.0,0.0,0.0
455.822,1.2341,2.3989,2.3989,-0.0007,0.0,-0.0,0.0,0.0
455.865,1.2341,2.3989,2.3989,0.0001,0.0,-0.0,0.0,0.0
455.926,1.2341,2.3989,2.3989,0.0003,0.0,0.0,0.0,0.0
455.972,1.2341,2.3989,2.3989,-0.0006,0.0,-0.0,0.0,0.0
456.016,1.2341,2.399,2.3989,0.0007,0.0,0.0,0.0,0.0
456.065,1.2341,2.399,2.3989,-0.0001,0.0,0.0,0.0,0.0
456.128,1.2341,2.3989,2.3989,-0.0005,0.0,-0.0,0.0,0.0
456.164,1.2341,2.3989,2.3989,0.0004,0.0,0.0,0.0,0.0
456.224,1.2341,2.3989,2.3989,-0.0003,0.0,-0.0,0.0,0.0
456.27,1.2341,2.3989,2.3989,-0.0001,0.0,-0.0,0.0,0.0
456.318,1.2341,2.399,2.3989,0.0013,0.0,0.0,0.0,0.0
456.367,1.2341,2.399,2.3989,-0.0006,0.0,0.0,0.0,0.0
456.426,1.2341,2.399,2.3989,-0.0001,0.0,0.0,0.0,0.0
456.466,1.234,2.3989,2.3989,-0.0019,0.0,-0.0,0.0,0.0
456.525,1.2341,2.3989,2.3989,0.0006,0.0,-0.0,0.0,0.0
456.572,1.234,2.3989,2.3989,-0.0009,0.0,-0.0,0.0,0.0
456.617,1.2341,2.399,2.3989,0.0019,0.0,0.0,0.0,0.0
456.663,1.2341,2.3989,2.3989,-0.0005,0.0,0.0,0.0,0.0
456.725,1.2341,2.399,2.3989,0.0011,0.0,0.0,0.0,0.0
456.767,1.2341,2.399,2.3989,-0.0007,0.0,0.0,0.0,0.0
456.826,1.2341,2.399,2.3989,0.0006,0.0,0.0,0.0,0.0
456.873,1.2341,2.3989,2.3989,-0.001,0.0,-0.0,0.0,0.0
456.92,1.2341,2.399,2.3989,0.0003,0.0,-0.0,0.0,0.0
456.964,1.2341,2.3989,2.3989,-0.0001,0.0,-0.0,0.0,0.0
457.027,1.2341,2.3989,2.3989,-0.0006,0.0,-0.0,0.0,0.0
457.068,1.2341,2.3989,2.3989,0.0004,0.0,0.0,0.0,0.0
457.117,1.2341,2.3989,2.3989,-0.0006,0.0,-0.0,0.0,0.0
457.173,1.2341,2.399,2.3989,0.0007,0.0,0.0,0.0,0.0
457.219,1.2341,2.3989,2.3989,-0.0006,0.0,-0.0,0.0,0.0
457.266,1.2341,2.399,2.3989,0.001,0.0,0.0,0.0,0.0
457.325,1.2341,2.3989,2.3989,-0.0009,0.0,-0.0,0.0,0.0
457.367,1.234,2.3989,2.3989,-0.0008,0.0,-0.0,0.0,0.0
457.423,1.234,2.3989,2.3989,-0.0003,0.0,-0.0,0.0,0.0
457.471,1.234,2.3989,2.3989,-0.0003,0.0,-0.0,0.0,0.0
457.515,1.2341,2.3989,2.3989,0.0012,0.0,0.0,0.0,0.0
457.571,1.2341,2.3989,2.3989,0.0003,0.0,0.0,0.0,0.0
457.621,1.2341,2.3989,2.3989,-0.0006,0.0,-0.0,0.0,0.0
457.667,1.2341,2.3989,2.3989,0.0007,0.0,0.0,0.0,0.0
457.725,1.2341,2.3989,2.3989,-0.0,0.0,0.0,0.0,0.0
457.768,1.2341,2.3989,2.3989,-0.0004,0.0,-0.0,0.0,0.0
457.816,1.2341,2.3989,2.3989,-0.0003,0.0,-0.0,0.0,0.0
457.875,1.2341,2.3989,2.3989,0.0,0.0,-0.0,0.0,0.0
457.918,1.234,2.3989,2.3989,-0.0003,0.0,-0.0,0.0,0.0
457.968,1.234,2.3989,2.3989,0.0002,0.0,-0.0,0.0,0.0
458.025,1.2341,2.3989,2.3989,0.0003,0.0,0.0,0.0,0.0
458.066,1.2341,2.3989,2.3989,0.0001,0.0,0.0,0.0,0.0
458.117,1.234,2.3989,2.3989,-0.0009,0.0,-0.0,0.0,0.0
458.175,1.234,2.3989,2.3989,-0.0002,0.0,-0.0,0.0,0.0
458.217,1.234,2.3989,2.3989,0.0001,0.0,-0.0,0.0,0.0
458.272,1.2341,2.399,2.3989,0.0014,0.0,0.0,0.0,0.0
458.32,1.234,2.3989,2.3989,-0.0009,0.0,-0.0,0.0,0.0
458.366,1.2341,2.3989,2.3989,0.0005,0.0,0.0,0.0,0.0
458.427,1.2341,2.3989,2.3989,-0.0,0.0,0.0,0.0,0.0
458.468,1.2341,2.3989,2.3989,0.0002,0.0,0.0,0.0,0.0
458.523,1.2341,2.3989,2.3989,-0.0004,0.0,-0.0,0.0,0.0
458.57,1.2341,2.399,2.3989,0.0009,0.0,0.0,0.0,0.0
458.619,1.234,2.3989,2.3989,-0.0017,0.0,-0.0,0.0,0.0
458.673,1.234,2.3989,2.3989,0.0006,0.0,-0.0,0.0,0.0
458.722,1.2341,2.3989,2.3989,0.0004,0.0,0.0,0.0,0.0
458.764,1.2341,2.3989,2.3989,0.0001,0.0,0.0,0.0,0.0
458.826,1.234,2.3989,2.3989,-0.0006,0.0,-0.0,0.0,0.0
458.867,1.2341,2.399,2.3989,0.0013,0.0,0.0,0.0,0.0
458.927,1.2341,2.3989,2.3989,-0.0007,0.0,-0.0,0.0,0.0
458.976,1.234,2.3989,2.3989,-0.0008,0.0,-0.0,0.0,0.0
459.021,1.234,2.3989,2.3989,-0.0004,0.0,-0.0,0.0,0.0
459.076,1.234,2.3989,2.3989,0.0004,0.0,-0.0,0.0,0.0
459.125,1.234,2.3989,2.3989,-0.0,0.0,-0.0,0.0,0.0
459.164,1.234,2.3989,2.3989,0.0001,0.0,0.0,0.0,0.0
459.224,1.2341,2.3989,2.3989,0.0006,0.0,0.0,0.0,0.0
459.272,1.234,2.3989,2.3989,-0.0004,0.0,-0.0,0.0,0.0
459.315,1.2341,2.3989,2.3989,0.0006,0.0,0.0,0.0,0.0
459.364,1.234,2.3988,2.3989,-0.0019,0.0,-0.0,0.0,0.0
459.424,1.234,2.3989,2.3989,0.0009,0.0,0.0,0.0,0.0
459.468,1.234,2.3989,2.3989,-0.0,0.0,0.0,0.0,0.0
459.525,1.234,2.3989,2.3989,0.0002,0.0,0.0,0.0,0.0
459.571,1.234,2.3989,2.3989,0.0005,0.0,0.0,0.0,0.0
459.616,1.2341,2.399,2.3989,0.0011,0.0,0.0,0.0,0.0
459.665,1.2341,2.3989,2.3989,-0.0008,0.0,0.0,0.0,0.0
459.726,1.234,2.3989,2.3989,-0.0004,0.0,-0.0,0.0,0.0
459.765,1.234,2.3989,2.3989,-0.0,0.0,-0.0,0.0,0.0
459.816,1.234,2.3989,2.3989,0.0003,0.0,0.0,0.0,0.0
459.874,1.234,2.3989,2.3989,-0.0003,0.0,-0.0,0.0,0.0
459.92,1.234,2.3989,2.3989,-0.0005,0.0,-0.0,0.0,0.0
459.965,1.2341,2.3989,2.3989,0.001,0.0,0.0,0.0,0.0
460.026,1.234,2.3989,2.3989,-0.0005,0.0,-0.0,0.0,0.0
460.067,1.234,2.3989,2.3989,-0.0007,0.0,-0.0,0.0,0.0
460.116,1.2341,2.3989,2.3989,0.0012,0.0,0.0,0.0,0.0
460.173,1.234,2.3989,2.3989,-0.0006,0.0,-0.0,0.0,0.0
460.221,1.2341,2.3989,2.3989,0.0004,0.0,0.0,0.0,0.0
460.267,1.234,2.3989,2.3989,-0.0005,0.0,-0.0,0.0,0.0
460.329,1.2341,2.3989,2.3989,0.0006,0.0,0.0,0.0,0.0
460.367,1.234,2.3989,2.3989,-0.0004,0.0,-0.0,0.0,0.0
460.428,1.234,2.3989,2.3989,0.0001,0.0,0.0,0.0,0.0
460.474,1.234,2.3989,2.3989,-0.0006,0.0,-0.0,0.0,0.0
460.521,1.234,2.3988,2.3989,-0.0013,0.0,-0.0,0.0,0.0
460.566,1.234,2.3988,2.3989,0.0002,0.0,-0.0,0.0,0.0
460.624,1.234,2.3989,2.3989,0.0013,0.0,0.0,0.0,0.0
460.67,1.234,2.3989,2.3989,0.0004,0.0,0.0,0.0,0.0
460.717,1.234,2.3988,2.3989,-0.0014,0.0,-0.0,0.0,0.0
460.775,1.2341,2.3989,2.3989,0.0017,0.0,0.0,0.0,0.0
460.82,1.2341,2.3989,2.3989,-0.0006,0.0,0.0,0.0,0.0
460.866,1.234,2.3989,2.3989,-0.0007,0.0,-0.0,0.0,0.0
460.925,1.2341,2.3989,2.3989,0.0009,0.0,0.0,0.0,0.0
460.972,1.2341,2.399,2.3989,0.0006,0.0,0.0,0.0,0.0
461.016,1.2341,2.3989,2.3989,-0.0005,0.0,0.0,0.0,0.0
461.073,1.234,2.3989,2.3989,-0.0012,0.0,-0.0,0.0,0.0
461.121,1.234,2.3989,2.3989,0.0004,0.0,-0.0,0.0,0.0
461.167,1.2341,2.3989,2.3989,0.0004,0.0,0.0,0.0,0.0
461.226,1.234,2.3989,2.3989,-0.0001,0.0,-0.0,0.0,0.0
461.272,1.234,2.3989,2.3989,-0.0007,0.0,-0.0,0.0,0.0
461.318,1.2341,2.3989,2.3989,0.0015,0.0,0.0,0.0,0.0
461.366,1.234,2.3989,2.3989,-0.0009,0.0,-0.0,0.0,0.0
461.424,1.234,2.3989,2.3989,-0.0003,0.0,-0.0,0.0,0.0
461.464,1.2341,2.3989,2.3989,0.002,0.0,0.0,0.0,0.0
461.526,1.234,2.3989,2.3989,-0.0014,0.0,-0.0,0.0,0.0
461.572,1.234,2.3989,2.3989,-0.0003,0.0,-0.0,0.0,0.0
461.619,1.234,2.3989,2.3989,0.0011,0.0,0.0,0.0,0.0
461.665,1.234,2.3989,2.3989,-0.001,0.0,-0.0,0.0,0.0
461.726,1.234,2.3989,2.3989,0.0001,0.0,-0.0,0.0,0.0
461.767,1.234,2.3989,2.3989,-0.0001,0.0,-0.0,0.0,0.0
461.824,1.234,2.3989,2.3989,0.0002,0.0,0.0,0.0,0.0
461.871,1.234,2.3989,2.3989,0.0002,0.0,0.0,0.0,0.0
461.917,1.234,2.3989,2.3989,0.0002,0.0,0.0,0.0,0.0
461.965,1.2341,2.3989,2.3989,0.001,0.0,0.0,0.0,0.0
462.022,1.234,2.3989,2.3989,-0.0006,0.0,0.0,0.0,0.0
462.067,1.234,2.3989,2.3989,-0.001,0.0,-0.0,0.0,0.0
462.124,1.234,2.3989,2.3989,0.0009,0.0,0.0,0.0,0.0
462.173,1.2341,2.3989,2.3989,0.0008,0.0,0.0,0.0,0.0
462.217,1.2341,2.3989,2.3989,-0.0001,0.0,0.0,0.0,0.0
462.275,1.2341,2.3989,2.3989,-0.0006,0.0,-0.0,0.0,0.0
462.32,1.234,2.3989,2.3989,-0.0008,0.0,-0.0,0.0,0.0
462.366,1.234,2.3989,2.3989,0.0008,0.0,0.0,0.0,0.0
462.425,1.234,2.3989,2.3989,-0.0,0.0,0.0,0.0,0.0
462.471,1.234,2.3989,2.3989,-0.0008,0.0,-0.0,0.0,0.0
462.516,1.234,2.3989,2.3989,0.0009,0.0,0.0,0.0,0.0
462.575,1.2341,2.3989,2.3989,0.0007,0.0,0.0,0.0,0.0
462.624,1.234,2.3989,2.3989,-0.0013,0.0,-0.0,0.0,0.0
462.667,1.234,2.3989,2.3989,0.0009,0.0,0.0,0.0,0.0
462.727,1.2341,2.3989,2.3989,0.0008,0.0,0.0,0.0,0.0
462.771,1.234,2.3989,2.3989,-0.0009,0.0,-0.0,0.0,0.0
462.819,1.234,2.3988,2.3989,-0.0009,0.0,-0.0,0.0,0.0
462.876,1.234,2.3989,2.3989,0.0008,0.0,0.0,0.0,0.0
462.92,1.234,2.3989,2.3989,0.0001,0.0,0.0,0.0,0.0
462.965,1.234,2.3989,2.3989,-0.0007,0.0,-0.0,0.0,0.0
463.025,1.2341,2.3989,2.3989,0.001,0.0,0.0,0.0,0.0
463.071,1.2341,2.3989,2.3989,0.0003,0.0,0.0,0.0,0.0
463.117,1.234,2.3989,2.3989,-0.0011,0.0,-0.0,0.0,0.0
463.175,1.234,2.3989,2.3989,0.0002,0.0,-0.0,0.0,0.0
463.221,1.2341,2.3989,2.3989,0.0007,0.0,0.0,0.0,0.0
463.266,1.234,2.3989,2.3989,-0.0012,0.0,-0.0,0.0,0.0
463.325,1.234,2.3989,2.3989,0.0,0.0,-0.0,0.0,0.0
463.371,1.234,2.3988,2.3989,-0.0008,0.0,-0.0,0.0,0.0
463.417,1.2341,2.3989,2.3989,0.0016,0.0,0.0,0.0,0.0
463.471,1.234,2.3989,2.3989,-0.0008,0.0,-0.0,0.0,0.0
463.52,1.234,2.3989,2.3989,-0.0003,0.0,-0.0,0.0,0.0
463.566,1.2341,2.3989,2.3989,0.0019,0.0,0.0,0.0,0.0
463.625,1.2341,2.399,2.3989,0.0002,0.0,0.0,0.0,0.0
463.668,1.2341,2.3989,2.3989,-0.0007,0.0,-0.0,0.0,0.0
463.719,1.234,2.3989,2.3989,-0.0005,0.0,-0.0,0.0,0.0
463.773,1.234,2.3989,2.3989,0.0002,0.0,-0.0,0.0,0.0
463.82,1.234,2.3989,2.3989,-0.0007,0.0,-0.0,0.0,0.0
463.867,1.2341,2.3989,2.3989,0.0009,0.0,0.0,0.0,0.0
463.925,1.2341,2.3989,2.3989,-0.0001,0.0,0.0,0.0,0.0
463.97,1.234,2.3989,2.3989,-0.0003,0.0,-0.0,0.0,0.0
464.016,1.234,2.3989,2.3989,-0.0005,0.0,-0.0,0.0,0.0
464.074,1.234,2.3989,2.3989,0.0004,0.0,0.0,0.0,0.0
464.121,1.2341,2.399,2.3989,0.0013,0.0,0.0,0.0,0.0
464.167,1.2341,2.3989,2.3989,-0.0011,0.0,-0.0,0.0,0.0
464.228,1.2341,2.3989,2.3989,-0.0,0.0,-0.0,0.0,0.0
464.27,1.2341,2.3989,2.3989,0.0005,0.0,0.0,0.0,0.0
464.319,1.2341,2.3989,2.3989,-0.0002,0.0,0.0,0.0,0.0
464.372,1.2341,2.3989,2.3989,0.0,0.0,0.0,0.0,0.0
464.426,1.234,2.3989,2.3989,-0.0011,0.0,-0.0,0.0,0.0
464.466,1.2341,2.399,2.3989,0.0019,0.0,0.0,0.0,0.0
464.525,1.2341,2.3989,2.3989,-0.0008,0.0,-0.0,0.0,0.0
464.569,1.234,2.3989,2.3989,-0.0003,0.0,-0.0,0.0,0.0
464.617,1.2341,2.3989,2.3989,0.0009,0.0,0.0,0.0,0.0
464.672,1.234,2.3988,2.3989,-0.0021,0.0,-0.0,0.0,0.0
464.722,1.234,2.3989,2.3989,0.0005,0.0,-0.0,0.0,0.0
464.765,1.234,2.3989,2.3989,0.0007,0.0,0.0,0.0,0.0
464.828,1.2341,2.3989,2.3989,0.001,0.0,0.0,0.0,0.0
464.869,1.2341,2.3989,2.3989,-0.0003,0.0,0.0,0.0,0.0
464.928,1.234,2.3989,2.3989,-0.0015,0.0,-0.0,0.0,0.0
464.973,1.234,2.3989,2.3989,0.0001,0.0,-0.0,0.0,0.0
465.022,1.2341,2.3989,2.3989,0.0008,0.0,0.0,0.0,0.0
465.065,1.234,2.3989,2.3989,-0.0003,0.0,-0.0,0.0,0.0
465.124,1.234,2.3989,2.3989,0.0001,0.0,0.0,0.0,0.0
465.168,1.2341,2.399,2.3989,0.0015,0.0,0.0,0.0,0.0
465.216,1.234,2.3989,2.3989,-0.0015,0.0,-0.0,0.0,0.0
465.273,1.234,2.3989,2.3989,-0.0001,0.0,-0.0,0.0,0.0
465.318,1.2341,2.3989,2.3989,0.0006,0.0,0.0,0.0,0.0
465.366,1.2341,2.3989,2.3989,0.0006,0.0,0.0,0.0,0.0
465.425,1.2341,2.399,2.3989,0.0004,0.0,0.0,0.0,0.0
465.467,1.2341,2.3989,2.3989,-0.0008,0.0,-0.0,0.0,0.0
465.518,1.2341,2.399,2.3989,0.0007,0.0,0.0,0.0,0.0
465.576,1.2341,2.399,2.3989,-0.0001,0.0,0.0,0.0,0.0
465.62,1.234,2.3989,2.3989,-0.0014,0.0,-0.0,0.0,0.0
465.672,1.2341,2.3989,2.3989,0.0008,0.0,0.0,0.0,0.0
465.718,1.2341,2.3989,2.3989,-0.0005,0.0,-0.0,0.0,0.0
465.766,1.2341,2.3989,2.3989,-0.0001,0.0,-0.0,0.0,0.0
465.823,1.2341,2.3989,2.3989,0.0006,0.0,0.0,0.0,0.0
465.867,1.234,2.3989,2.3989,-0.0015,0.0,-0.0,0.0,0.0
465.925,1.234,2.3989,2.3989,-0.0001,0.0,-0.0,0.0,0.0
465.97,1.2341,2.3989,2.3989,0.0009,0.0,0.0,0.0,0.0
466.018,1.2341,2.399,2.3989,0.0013,0.0,0.0,0.0,0.0
466.072,1.2341,2.399,2.3989,-0.0005,0.0,0.0,0.0,0.0
466.119,1.2341,2.3989,2.3989,-0.0008,0.0,-0.0,0.0,0.0
466.165,1.2341,2.3989,2.3989,0.0005,0.0,0.0,0.0,0.0
466.224,1.234,2.3989,2.3989,-0.0006,0.0,-0.0,0.0,0.0
466.268,1.234,2.3989,2.3989,-0.0006,0.0,-0.0,0.0,0.0
466.324,1.234,2.3989,2.3989,0.0007,0.0,0.0,0.0,0.0
466.372,1.2341,2.3989,2.3989,0.0004,0.0,0.0,0.0,0.0
466.416,1.2341,2.399,2.3989,0.0006,0.0,0.0,0.0,0.0
466.474,1.2341,2.399,2.3989,0.0001,0.0,0.0,0.0,0.0
466.521,1.234,2.3989,2.3989,-0.0014,0.0,-0.0,0.0,0.0
466.568,1.2341,2.3989,2.3989,0.0012,0.0,0.0,0.0,0.0
466.625,1.2341,2.399,2.3989,0.0002,0.0,0.0,0.0,0.0
466.667,1.2341,2.3989,2.3989,-0.0006,0.0,-0.0,0.0,0.0
466.716,1.2341,2.399,2.3989,0.0008,0.0,0.0,0.0,0.0
466.774,1.2341,2.3989,2.3989,-0.0007,0.0,-0.0,0.0,0.0
466.819,1.2341,2.399,2.3989,0.0011,0.0,0.0,0.0,0.0
466.867,1.2341,2.3989,2.3989,-0.0013,0.0,-0.0,0.0,0.0
466.926,1.2341,2.3989,2.3989,0.0001,0.0,-0.0,0.0,0.0
466.971,1.2341,2.399,2.3989,0.0011,0.0,0.0,0.0,0.0
467.016,1.234,2.3989,2.3989,-0.0018,0.0,-0.0,0.0,0.0
467.078,1.2341,2.3989,2.3989,0.0007,0.0,-0.0,0.0,0.0
467.12,1.2341,2.3989,2.3989,-0.0001,0.0,-0.0,0.0,0.0
467.165,1.2341,2.3989,2.3989,0.0001,0.0,0.0,0.0,0.0
467.227,1.2341,2.3989,2.3989,-0.0001,0.0,-0.0,0.0,0.0
467.268,1.2341,2.3989,2.3989,-0.0003,0.0,-0.0,0.0,0.0
467.317,1.2341,2.3989,2.3989,0.0001,0.0,-0.0,0.0,0.0
467.375,1.2341,2.3989,2.3989,0.0001,0.0,0.0,0.0,0.0
467.425,1.2341,2.3989,2.3989,-0.0003,0.0,-0.0,0.0,0.0
467.467,1.2341,2.3989,2.3989,0.0003,0.0,0.0,0.0,0.0
467.528,1.2341,2.3989,2.3989,-0.0004,0.0,-0.0,0.0,0.0
467.571,1.234,2.3989,2.3989,-0.0001,0.0,-0.0,0.0,0.0
467.616,1.2341,2.3989,2.3989,0.0003,0.0,0.0,0.0,0.0
467.677,1.2341,2.3989,2.3989,0.0003,0.0,0.0,0.0,0.0
467.721,1.2341,2.3989,2.3989,0.0,0.0,0.0,0.0,0.0
467.766,1.2341,2.399,2.3989,0.0007,0.0,0.0,0.0,0.0
467.825,1.2341,2.3989,2.3989,-0.0009,0.0,-0.0,0.0,0.0
467.871,1.2341,2.3989,2.3989,0.0002,0.0,-0.0,0.0,0.0
467.915,1.234,2.3989,2.3989,-0.0011,0.0,-0.0,0.0,0.0
467.967,1.2341,2.399,2.3989,0.002,0.0,0.0,0.0,0.0
468.025,1.234,2.3989,2.3989,-0.0012,0.0,-0.0,0.0,0.0
468.066,1.2341,2.399,2.3989,0.0011,0.0,0.0,0.0,0.0
468.125,1.2341,2.3989,2.3989,-0.0005,0.0,-0.0,0.0,0.0
468.173,1.2341,2.3989,2.3989,0.0002,0.0,0.0,0.0,0.0
468.217,1.2341,2.3989,2.3989,-0.0002,0.0,-0.0,0.0,0.0
468.265,1.2341,2.399,2.3989,0.0011,0.0,0.0,0.0,0.0
468.328,1.2341,2.399,2.3989,0.0001,0.0,0.0,0.0,0.0
468.367,1.2341,2.399,2.399,0.0002,0.0,0.0,0.0,0.0
468.43,1.2341,2.3989,2.3989,-0.0014,0.0,-0.0,0.0,0.0
468.472,1.2341,2.3989,2.3989,-0.0002,0.0,-0.0,0.0,0.0
468.516,1.2341,2.399,2.3989,0.0009,0.0,0.0,0.0,0.0
468.574,1.2341,2.399,2.399,0.0009,0.0,0.0,0.0,0.0
468.62,1.234,2.3989,2.3989,-0.002,0.0,-0.0,0.0,0.0
468.665,1.2341,2.3989,2.3989,0.0007,0.0,-0.0,0.0,0.0
468.726,1.2341,2.3989,2.3989,-0.0003,0.0,-0.0,0.0,0.0
468.77,1.2341,2.3989,2.3989,0.0005,0.0,0.0,0.0,0.0
468.817,1.2341,2.3989,2.3989,-0.0001,0.0,0.0,0.0,0.0
468.875,1.2341,2.3989,2.3989,0.0001,0.0,0.0,0.0,0.0
468.92,1.2341,2.3989,2.3989,0.0003,0.0,0.0,0.0,0.0
468.968,1.2341,2.3989,2.3989,-0.0003,0.0,-0.0,0.0,0.0
469.025,1.2341,2.399,2.3989,0.0007,0.0,0.0,0.0,0.0
469.069,1.2341,2.399,2.399,0.0007,0.0,0.0,0.0,0.0
469.116,1.2341,2.399,2.399,-0.0009,0.0,-0.0,0.0,0.0
469.175,1.2341,2.3989,2.3989,-0.0003,0.0,-0.0,0.0,0.0
469.22,1.234,2.3989,2.3989,-0.0013,0.0,-0.0,0.0,0.0
469.265,1.2341,2.399,2.3989,0.0021,0.0,0.0,0.0,0.0
469.325,1.2341,2.399,2.3989,-0.0003,0.0,0.0,0.0,0.0
469.368,1.2341,2.3989,2.3989,-0.0012,0.0,-0.0,0.0,0.0
469.419,1.2341,2.399,2.3989,0.0014,0.0,0.0,0.0,0.0
469.473,1.2341,2.399,2.3989,-0.0006,0.0,-0.0,0.0,0.0
469.518,1.2341,2.399,2.399,0.0003,0.0,0.0,0.0,0.0
469.566,1.2341,2.399,2.399,-0.0004,0.0,-0.0,0.0,0.0
469.623,1.2341,2.399,2.399,0.0005,0.0,0.0,0.0,0.0
469.665,1.2341,2.399,2.399,-0.0006,0.0,-0.0,0.0,0.0
469.725,1.2341,2.3989,2.399,-0.0006,0.0,-0.0,0.0,0.0
469.773,1.2341,2.399,2.399,0.0008,0.0,0.0,0.0,0.0
469.818,1.2341,2.399,2.399,0.0002,0.0,0.0,0.0,0.0
469.867,1.2341,2.3989,2.399,-0.0008,0.0,-0.0,0.0,0.0
469.924,1.2341,2.3989,2.399,-0.0,0.0,-0.0,0.0,0.0
469.967,1.2341,2.399,2.399,0.0009,0.0,0.0,0.0,0.0
470.024,1.2341,2.399,2.399,-0.0,0.0,0.0,0.0,0.0
470.07,1.2341,2.3989,2.399,-0.0011,0.0,-0.0,0.0,0.0
470.118,1.2341,2.3989,2.399,0.0005,0.0,-0.0,0.0,0.0
470.174,1.2342,2.399,2.399,0.0014,0.0,0.0,0.0,0.0
470.221,1.2341,2.399,2.399,-0.0011,0.0,-0.0,0.0,0.0
470.267,1.2341,2.3989,2.399,-0.001,0.0,-0.0,0.0,0.0
470.328,1.2341,2.3989,2.399,-0.0,0.0,-0.0,0.0,0.0
470.368,1.2341,2.3989,2.3989,-0.0,0.0,-0.0,0.0,0.0
470.417,1.2341,2.399,2.399,0.0012,0.0,0.0,0.0,0.0
470.473,1.234,2.3989,2.3989,-0.0016,0.0,-0.0,0.0,0.0
470.519,1.2341,2.399,2.399,0.0015,0.0,0.0,0.0,0.0
470.566,1.234,2.3989,2.3989,-0.0021,0.0,-0.0,0.0,0.0
470.624,1.2341,2.3989,2.3989,0.0004,0.0,-0.0,0.0,0.0
470.669,1.2341,2.3989,2.3989,-0.0001,0.0,-0.0,0.0,0.0
470.716,1.2341,2.399,2.3989,0.0015,0.0,0.0,0.0,0.0
470.774,1.2342,2.399,2.399,0.0007,0.0,0.0,0.0,0.0
470.82,1.234,2.3989,2.3989,-0.0023,0.0,-0.0,0.0,0.0
470.865,1.2341,2.399,2.3989,0.0015,0.0,0.0,0.0,0.0
470.925,1.2341,2.3989,2.3989,-0.0006,0.0,-0.0,0.0,0.0
470.971,1.234,2.3988,2.3989,-0.0016,0.0,-0.0,0.0,0.0
471.019,1.2341,2.399,2.3989,0.0036,0.0,0.0,0.0,0.0
471.068,1.2341,2.399,2.3989,-0.0003,0.0,0.0,0.0,0.0
471.121,1.2341,2.3989,2.3989,-0.0008,0.0,-0.0,0.0,0.0
471.166,1.2341,2.399,2.3989,0.0005,0.0,0.0,0.0,0.0
471.224,1.2341,2.399,2.399,-0.0001,0.0,0.0,0.0,0.0
471.273,1.2341,2.399,2.399,0.0006,0.0,0.0,0.0,0.0
471.315,1.2341,2.3989,2.399,-0.0011,0.0,-0.0,0.0,0.0
471.367,1.2342,2.399,2.399,0.0013,0.0,0.0,0.0,0.0
471.423,1.2342,2.3991,2.399,0.0015,0.0,0.0,0.0,0.0
471.467,1.2341,2.3989,2.399,-0.0034,0.0,-0.0,0.0,0.0
471.525,1.2341,2.399,2.399,0.0001,0.0,-0.0,0.0,0.0
471.573,1.2341,2.399,2.399,0.0009,0.0,0.0,0.0,0.0
471.616,1.2341,2.399,2.399,-0.0009,0.0,-0.0,0.0,0.0
471.67,1.234,2.3989,2.399,-0.0013,0.0,-0.0,0.0,0.0
471.724,1.2341,2.3989,2.399,0.0001,0.0,-0.0,0.0,0.0
471.767,1.2341,2.399,2.399,0.0011,0.0,0.0,0.0,0.0
471.827,1.2341,2.3989,2.399,-0.0003,0.0,-0.0,0.0,0.0
471.874,1.2341,2.399,2.399,0.0003,0.0,0.0,0.0,0.0
471.919,1.2341,2.399,2.399,0.0004,0.0,0.0,0.0,0.0
471.965,1.2341,2.399,2.399,-0.0004,0.0,-0.0,0.0,0.0
472.026,1.2341,2.399,2.399,0.0001,0.0,0.0,0.0,0.0
472.071,1.2342,2.399,2.399,0.0011,0.0,0.0,0.0,0.0
472.124,1.2341,2.399,2.399,-0.0006,0.0,0.0,0.0,0.0
472.172,1.2341,2.3989,2.399,-0.0006,0.0,-0.0,0.0,0.0
472.216,1.2341,2.399,2.399,0.0003,0.0,0.0,0.0,0.0
472.278,1.2341,2.3989,2.399,-0.0004,0.0,-0.0,0.0,0.0
472.321,1.2341,2.399,2.399,0.0011,0.0,0.0,0.0,0.0
472.369,1.2342,2.3991,2.399,0.0011,0.0,0.0,0.0,0.0
472.425,1.2341,2.399,2.399,-0.0016,0.0,-0.0,0.0,0.0
472.465,1.2341,2.399,2.399,0.0012,0.0,0.0,0.0,0.0
472.516,1.2341,2.399,2.399,-0.0004,0.0,0.0,0.0,0.0
472.574,1.2341,2.399,2.399,-0.0002,0.0,-0.0,0.0,0.0
472.616,1.2341,2.399,2.399,0.0005,0.0,0.0,0.0,0.0
472.667,1.2341,2.399,2.399,-0.0009,0.0,-0.0,0.0,0.0
472.725,1.2342,2.399,2.399,0.001,0.0,0.0,0.0,0.0
472.767,1.2341,2.399,2.399,-0.0012,0.0,-0.0,0.0,0.0
472.816,1.2341,2.399,2.399,-0.0001,0.0,-0.0,0.0,0.0
472.873,1.2341,2.399,2.399,0.0007,0.0,0.0,0.0,0.0
472.917,1.2341,2.399,2.399,-0.0002,0.0,0.0,0.0,0.0
472.965,1.2341,2.399,2.399,-0.0001,0.0,-0.0,0.0,0.0
473.022,1.2341,2.399,2.399,0.0002,0.0,0.0,0.0,0.0
473.066,1.2342,2.399,2.399,0.0004,0.0,0.0,0.0,0.0
473.127,1.2341,2.399,2.399,-0.0006,0.0,-0.0,0.0,0.0
473.17,1.2342,2.399,2.399,0.0006,0.0,0.0,0.0,0.0
473.217,1.2341,2.3989,2.399,-0.0014,0.0,-0.0,0.0,0.0
473.274,1.2342,2.399,2.399,0.0012,0.0,0.0,0.0,0.0
473.32,1.2341,2.399,2.399,-0.0005,0.0,-0.0,0.0,0.0
473.365,1.2341,2.399,2.399,-0.0002,0.0,-0.0,0.0,0.0
473.425,1.2341,2.399,2.399,0.0006,0.0,0.0,0.0,0.0
473.468,1.2341,2.399,2.399,-0.0005,0.0,-0.0,0.0,0.0
473.518,1.2341,2.3989,2.399,-0.0016,0.0,-0.0,0.0,0.0
473.573,1.2341,2.3989,2.399,0.0007,0.0,-0.0,0.0,0.0
473.618,1.2341,2.399,2.399,0.0011,0.0,0.0,0.0,0.0
473.674,1.2342,2.399,2.399,0.0005,0.0,0.0,0.0,0.0
473.719,1.2341,2.399,2.399,-0.0013,0.0,-0.0,0.0,0.0
473.766,1.2341,2.399,2.399,0.0001,0.0,-0.0,0.0,0.0
473.826,1.2341,2.399,2.399,0.0001,0.0,-0.0,0.0,0.0
473.866,1.2341,2.399,2.399,-0.0003,0.0,-0.0,0.0,0.0
473.929,1.2341,2.399,2.399,0.0001,0.0,-0.0,0.0,0.0
473.971,1.2341,2.3989,2.399,-0.0007,0.0,-0.0,0.0,0.0
474.016,1.2341,2.3989,2.399,0.0003,0.0,-0.0,0.0,0.0
474.067,1.2341,2.3989,2.399,0.0,0.0,-0.0,0.0,0.0
474.122,1.2341,2.399,2.399,0.0008,0.0,0.0,0.0,0.0
474.167,1.2342,2.399,2.399,0.0006,0.0,0.0,0.0,0.0
474.224,1.2342,2.399,2.399,0.0003,0.0,0.0,0.0,0.0
474.272,1.2341,2.3989,2.399,-0.0018,0.0,-0.0,0.0,0.0
474.318,1.2341,2.3989,2.399,0.0002,0.0,-0.0,0.0,0.0
474.366,1.2341,2.399,2.399,0.0012,0.0,0.0,0.0,0.0
474.423,1.2341,2.399,2.399,-0.0002,0.0,0.0,0.0,0.0
474.467,1.2341,2.399,2.399,0.0005,0.0,0.0,0.0,0.0
474.528,1.2342,2.399,2.399,0.0003,0.0,0.0,0.0,0.0
474.572,1.2341,2.399,2.399,-0.0005,0.0,-0.0,0.0,0.0
474.618,1.2341,2.399,2.399,-0.0008,0.0,-0.0,0.0,0.0
474.664,1.2341,2.399,2.399,0.0009,0.0,0.0,0.0,0.0
474.726,1.2341,2.399,2.399,-0.0001,0.0,0.0,0.0,0.0
474.767,1.2341,2.399,2.399,-0.0004,0.0,-0.0,0.0,0.0
474.815,1.2341,2.399,2.399,0.0005,0.0,0.0,0.0,0.0
474.873,1.2342,2.399,2.399,0.0004,0.0,0.0,0.0,0.0
474.919,1.2341,2.399,2.399,-0.001,0.0,-0.0,0.0,0.0
474.966,1.2341,2.399,2.399,0.0002,0.0,-0.0,0.0,0.0
475.025,1.2341,2.399,2.399,-0.0001,0.0,-0.0,0.0,0.0
475.068,1.2342,2.399,2.399,0.0008,0.0,0.0,0.0,0.0
475.128,1.2341,2.399,2.399,-0.0013,0.0,-0.0,0.0,0.0
475.175,1.2341,2.399,2.399,0.0001,0.0,-0.0,0.0,0.0
475.22,1.2341,2.399,2.399,0.0007,0.0,0.0,0.0,0.0
475.266,1.2341,2.399,2.399,-0.0001,0.0,0.0,0.0,0.0
475.325,1.2341,2.3989,2.399,-0.0012,0.0,-0.0,0.0,0.0
475.369,1.2341,2.399,2.399,0.0009,0.0,0.0,0.0,0.0
475.415,1.2341,2.399,2.399,0.0001,0.0,0.0,0.0,0.0
475.473,1.2341,2.399,2.399,-0.0002,0.0,-0.0,0.0,0.0
475.52,1.2341,2.3989,2.399,-0.0005,0.0,-0.0,0.0,0.0
475.566,1.2341,2.399,2.399,0.0013,0.0,0.0,0.0,0.0
475.625,1.2342,2.399,2.399,0.0002,0.0,0.0,0.0,0.0
475.669,1.2341,2.399,2.399,-0.0007,0.0,-0.0,0.0,0.0
475.716,1.2341,2.399,2.399,0.0003,0.0,0.0,0.0,0.0
475.775,1.2341,2.399,2.399,-0.0008,0.0,-0.0,0.0,0.0
475.821,1.2341,2.399,2.399,0.0,0.0,-0.0,0.0,0.0
475.866,1.2341,2.399,2.399,0.0008,0.0,0.0,0.0,0.0
475.926,1.2341,2.399,2.399,0.0004,0.0,0.0,0.0,0.0
475.973,1.2341,2.399,2.399,-0.0005,0.0,-0.0,0.0,0.0
476.017,1.2341,2.3989,2.399,-0.0014,0.0,-0.0,0.0,0.0
476.076,1.2341,2.399,2.399,0.0012,0.0,0.0,0.0,0.0
476.12,1.2341,2.3989,2.399,-0.0009,0.0,-0.0,0.0,0.0
476.167,1.2341,2.399,2.399,0.0008,0.0,0.0,0.0,0.0
476.224,1.2341,2.3989,2.399,-0.0007,0.0,-0.0,0.0,0.0
476.267,1.2341,2.399,2.399,0.0002,0.0,-0.0,0.0,0.0
476.325,1.2341,2.399,2.399,0.0005,0.0,0.0,0.0,0.0
476.372,1.2341,2.399,2.399,-0.0005,0.0,-0.0,0.0,0.0
476.417,1.2341,2.399,2.399,0.0004,0.0,0.0,0.0,0.0
476.479,1.2341,2.3989,2.399,-0.0005,0.0,-0.0,0.0,0.0
476.521,1.2341,2.399,2.399,0.0006,0.0,0.0,0.0,0.0
476.566,1.2341,2.399,2.399,-0.0005,0.0,-0.0,0.0,0.0
476.626,1.2341,2.399,2.399,0.0,0.0,-0.0,0.0,0.0
476.673,1.2341,2.399,2.399,0.0007,0.0,0.0,0.0,0.0
476.718,1.234,2.3989,2.399,-0.0026,0.0,-0.0,0.0,0.0
476.777,1.2342,2.399,2.399,0.0029,0.0,0.0,0.0,0.0
476.822,1.2341,2.399,2.399,-0.0013,0.0,-0.0,0.0,0.0
476.867,1.2341,2.399,2.399,0.0,0.0,-0.0,0.0,0.0
476.924,1.234,2.3989,2.399,-0.0013,0.0,-0.0,0.0,0.0
476.973,1.2341,2.3989,2.3989,0.0005,0.0,-0.0,0.0,0.0
477.015,1.2341,2.399,2.399,0.0008,0.0,0.0,0.0,0.0
477.073,1.2341,2.399,2.399,0.0006,0.0,0.0,0.0,0.0
477.123,1.2341,2.3989,2.399,-0.0012,0.0,-0.0,0.0,0.0
477.167,1.2342,2.399,2.399,0.002,0.0,0.0,0.0,0.0
477.225,1.2341,2.399,2.399,-0.0005,0.0,0.0,0.0,0.0
477.27,1.2341,2.3989,2.399,-0.0013,0.0,-0.0,0.0,0.0
477.32,1.2341,2.399,2.399,0.0014,0.0,0.0,0.0,0.0
477.375,1.2341,2.399,2.399,-0.0,0.0,0.0,0.0,0.0
477.423,1.2341,2.399,2.399,-0.0,0.0,0.0,0.0,0.0
477.467,1.2341,2.399,2.399,-0.0004,0.0,-0.0,0.0,0.0
477.524,1.2342,2.399,2.399,0.0008,0.0,0.0,0.0,0.0
477.567,1.2341,2.399,2.399,-0.0004,0.0,-0.0,0.0,0.0
477.627,1.2341,2.399,2.399,-0.0007,0.0,-0.0,0.0,0.0
477.669,1.2341,2.3989,2.399,-0.0004,0.0,-0.0,0.0,0.0
477.717,1.2341,2.399,2.399,0.0007,0.0,0.0,0.0,0.0
477.775,1.2341,2.399,2.399,0.0005,0.0,0.0,0.0,0.0
477.821,1.2341,2.399,2.399,-0.0004,0.0,0.0,0.0,0.0
477.866,1.2341,2.399,2.399,-0.0001,0.0,-0.0,0.0,0.0
477.924,1.2341,2.399,2.399,-0.0001,0.0,-0.0,0.0,0.0
477.971,1.2341,2.399,2.399,0.0003,0.0,0.0,0.0,0.0
478.016,1.2341,2.399,2.399,-0.0001,0.0,0.0,0.0,0.0
478.075,1.2341,2.399,2.399,0.0002,0.0,0.0,0.0,0.0
478.121,1.2341,2.399,2.399,0.0004,0.0,0.0,0.0,0.0
478.166,1.2341,2.399,2.399,-0.0005,0.0,-0.0,0.0,0.0
478.226,1.2341,2.399,2.399,-0.0006,0.0,-0.0,0.0,0.0
478.27,1.2341,2.3989,2.399,-0.0001,0.0,-0.0,0.0,0.0
478.316,1.2341,2.399,2.399,0.0006,0.0,0.0,0.0,0.0
478.376,1.2341,2.399,2.399,0.0002,0.0,0.0,0.0,0.0
478.421,1.2341,2.3989,2.399,-0.0008,0.0,-0.0,0.0,0.0
478.466,1.2341,2.399,2.399,0.0007,0.0,0.0,0.0,0.0
478.524,1.2341,2.399,2.399,-0.0002,0.0,-0.0,0.0,0.0
478.573,1.2341,2.3989,2.399,-0.0006,0.0,-0.0,0.0,0.0
478.616,1.2341,2.399,2.399,0.0017,0.0,0.0,0.0,0.0
478.667,1.2341,2.3989,2.399,-0.0012,0.0,-0.0,0.0,0.0
478.725,1.2341,2.399,2.399,0.0006,0.0,0.0,0.0,0.0
478.766,1.2341,2.399,2.399,0.0005,0.0,0.0,0.0,0.0
478.826,1.2341,2.399,2.399,-0.0007,0.0,-0.0,0.0,0.0
478.873,1.2341,2.399,2.399,0.0004,0.0,0.0,0.0,0.0
478.917,1.2341,2.3989,2.399,-0.0014,0.0,-0.0,0.0,0.0
478.967,1.2342,2.399,2.399,0.0017,0.0,0.0,0.0,0.0
479.024,1.2342,2.399,2.399,0.0002,0.0,0.0,0.0,0.0
479.066,1.2341,2.3989,2.399,-0.0017,0.0,-0.0,0.0,0.0
479.116,1.2341,2.399,2.399,0.0013,0.0,0.0,0.0,0.0
479.172,1.2342,2.399,2.399,0.0,0.0,0.0,0.0,0.0
479.218,1.2341,2.399,2.399,-0.0008,0.0,-0.0,0.0,0.0
479.27,1.2342,2.399,2.399,0.0012,0.0,0.0,0.0,0.0
479.325,1.2342,2.399,2.399,-0.0003,0.0,0.0,0.0,0.0
479.368,1.2341,2.399,2.399,-0.0004,0.0,-0.0,0.0,0.0
479.417,1.2342,2.399,2.399,0.0003,0.0,0.0,0.0,0.0
479.474,1.2341,2.399,2.399,-0.0002,0.0,-0.0,0.0,0.0
479.52,1.2341,2.399,2.399,0.0,0.0,-0.0,0.0,0.0
479.566,1.2341,2.399,2.399,-0.0003,0.0,-0.0,0.0,0.0
479.623,1.2341,2.399,2.399,-0.0002,0.0,-0.0,0.0,0.0
479.667,1.2341,2.399,2.399,-0.0004,0.0,-0.0,0.0,0.0
479.725,1.2341,2.399,2.399,0.0005,0.0,0.0,0.0,0.0
479.77,1.2341,2.399,2.399,0.0,0.0,0.0,0.0,0.0
479.815,1.2341,2.399,2.399,0.0003,0.0,0.0,0.0,0.0
479.877,1.2342,2.399,2.399,0.0006,0.0,0.0,0.0,0.0
479.922,1.2341,2.399,2.399,-0.0005,0.0,-0.0,0.0,0.0
479.967,1.2341,2.399,2.399,-0.001,0.0,-0.0,0.0,0.0
480.024,1.2341,2.399,2.399,0.0008,0.0,0.0,0.0,0.0
480.072,1.2341,2.399,2.399,-0.0005,0.0,-0.0,0.0,0.0
480.116,1.2341,2.399,2.399,0.0001,0.0,-0.0,0.0,0.0
480.166,1.2342,2.399,2.399,0.0009,0.0,0.0,0.0,0.0
480.223,1.2342,2.399,2.399,0.0003,0.0,0.0,0.0,0.0
480.266,1.2341,2.3989,2.399,-0.0024,0.0,-0.0,0.0,0.0
480.324,1.2341,2.3989,2.399,-0.0,0.0,-0.0,0.0,0.0
480.373,1.2342,2.399,2.399,0.0015,0.0,0.0,0.0,0.0
480.415,1.2341,2.399,2.399,-0.0001,0.0,0.0,0.0,0.0
480.465,1.2341,2.3989,2.399,-0.0017,0.0,-0.0,0.0,0.0
480.524,1.2341,2.399,2.399,0.001,0.0,0.0,0.0,0.0
480.566,1.2342,2.399,2.399,0.0009,0.0,0.0,0.0,0.0
480.625,1.2341,2.399,2.399,-0.0006,0.0,-0.0,0.0,0.0
480.674,1.2341,2.399,2.399,0.0004,0.0,0.0,0.0,0.0
480.718,1.2341,2.399,2.399,-0.0005,0.0,-0.0,0.0,0.0
480.769,1.2341,2.3989,2.399,-0.001,0.0,-0.0,0.0,0.0
480.824,1.2341,2.399,2.399,0.0011,0.0,0.0,0.0,0.0
480.867,1.2342,2.399,2.399,0.0007,0.0,0.0,0.0,0.0
480.925,1.2342,2.399,2.399,-0.0002,0.0,0.0,0.0,0.0
480.971,1.2341,2.399,2.399,-0.0002,0.0,-0.0,0.0,0.0
481.017,1.2341,2.399,2.399,-0.0,0.0,-0.0,0.0,0.0
481.075,1.2341,2.399,2.399,-0.0001,0.0,-0.0,0.0,0.0
481.122,1.2341,2.399,2.399,-0.0002,0.0,-0.0,0.0,0.0
481.168,1.2341,2.399,2.399,-0.0003,0.0,-0.0,0.0,0.0
481.223,1.2341,2.399,2.399,0.0008,0.0,0.0,0.0,0.0
481.272,1.2342,2.399,2.399,0.0003,0.0,0.0,0.0,0.0
481.318,1.2341,2.399,2.399,-0.0006,0.0,-0.0,0.0,0.0
481.377,1.2341,2.399,2.399,-0.0004,0.0,-0.0,0.0,0.0
481.423,1.2341,2.3989,2.399,-0.0006,0.0,-0.0,0.0,0.0
481.467,1.2341,2.3989,2.399,0.0001,0.0,-0.0,0.0,0.0
481.528,1.2341,2.399,2.399,0.0004,0.0,0.0,0.0,0.0
481.567,1.2341,2.399,2.399,-0.0001,0.0,-0.0,0.0,0.0
481.617,1.2341,2.399,2.399,0.0007,0.0,0.0,0.0,0.0
481.674,1.2341,2.399,2.399,0.0001,0.0,0.0,0.0,0.0
481.722,1.2341,2.3989,2.399,-0.0017,0.0,-0.0,0.0,0.0
481.767,1.2341,2.399,2.399,0.001,0.0,0.0,0.0,0.0
481.827,1.2341,2.399,2.399,0.0002,0.0,0.0,0.0,0.0
481.868,1.2341,2.3989,2.399,-0.0014,0.0,-0.0,0.0,0.0
481.917,1.2341,2.399,2.399,0.0018,0.0,0.0,0.0,0.0
481.974,1.2342,2.399,2.399,0.0006,0.0,0.0,0.0,0.0
482.019,1.2341,2.399,2.399,-0.0015,0.0,-0.0,0.0,0.0
482.067,1.2341,2.399,2.399,0.0001,0.0,-0.0,0.0,0.0
482.128,1.2341,2.399,2.399,-0.0005,0.0,-0.0,0.0,0.0
482.17,1.2341,2.399,2.399,0.0007,0.0,0.0,0.0,0.0
482.219,1.2342,2.399,2.399,0.0007,0.0,0.0,0.0,0.0
482.275,1.2341,2.399,2.399,-0.0005,0.0,-0.0,0.0,0.0
482.324,1.2341,2.399,2.399,-0.0002,0.0,-0.0,0.0,0.0
482.367,1.2342,2.399,2.399,0.0005,0.0,0.0,0.0,0.0
482.43,1.2341,2.3989,2.399,-0.0015,0.0,-0.0,0.0,0.0
482.47,1.2342,2.399,2.399,0.0015,0.0,0.0,0.0,0.0
482.517,1.2341,2.3989,2.399,-0.0015,0.0,-0.0,0.0,0.0
482.574,1.2341,2.399,2.399,0.0002,0.0,-0.0,0.0,0.0
482.622,1.2342,2.399,2.399,0.0011,0.0,0.0,0.0,0.0
482.667,1.2341,2.399,2.399,-0.0007,0.0,-0.0,0.0,0.0
482.726,1.2341,2.399,2.399,-0.0006,0.0,-0.0,0.0,0.0
482.771,1.2341,2.3989,2.399,-0.0002,0.0,-0.0,0.0,0.0
482.819,1.2341,2.399,2.399,0.0002,0.0,-0.0,0.0,0.0
482.866,1.2341,2.3989,2.399,-0.0007,0.0,-0.0,0.0,0.0
482.921,1.2341,2.3989,2.399,0.0002,0.0,-0.0,0.0,0.0
482.964,1.2341,2.399,2.399,0.0008,0.0,0.0,0.0,0.0
483.023,1.2341,2.3989,2.399,-0.0004,0.0,-0.0,0.0,0.0
483.072,1.2341,2.3989,2.399,0.0001,0.0,0.0,0.0,0.0
483.117,1.2342,2.399,2.399,0.0023,0.0,0.0,0.0,0.0
483.174,1.2341,2.399,2.399,-0.0008,0.0,0.0,0.0,0.0
483.218,1.2341,2.399,2.399,-0.0005,0.0,-0.0,0.0,0.0
483.266,1.2341,2.399,2.399,0.0,0.0,-0.0,0.0,0.0
483.326,1.2341,2.399,2.399,0.0001,0.0,0.0,0.0,0.0
483.367,1.2341,2.399,2.399,0.0003,0.0,0.0,0.0,0.0
483.425,1.2341,2.399,2.399,-0.0006,0.0,-0.0,0.0,0.0
483.472,1.2341,2.399,2.399,0.0002,0.0,-0.0,0.0,0.0
483.517,1.2341,2.399,2.399,0.0004,0.0,0.0,0.0,0.0
483.566,1.2341,2.399,2.399,-0.0003,0.0,-0.0,0.0,0.0
483.623,1.2341,2.399,2.399,0.0001,0.0,0.0,0.0,0.0
483.666,1.2341,2.399,2.399,0.0002,0.0,0.0,0.0,0.0
483.729,1.2341,2.399,2.399,-0.0008,0.0,-0.0,0.0,0.0
483.771,1.2341,2.399,2.399,0.0001,0.0,-0.0,0.0,0.0
483.818,1.2342,2.399,2.399,0.001,0.0,0.0,0.0,0.0
483.874,1.2341,2.399,2.399,-0.0008,0.0,-0.0,0.0,0.0
483.921,1.2342,2.399,2.399,0.0012,0.0,0.0,0.0,0.0
483.966,1.2341,2.399,2.399,-0.0009,0.0,-0.0,0.0,0.0
484.026,1.2341,2.399,2.399,-0.0007,0.0,-0.0,0.0,0.0
484.07,1.2341,2.399,2.399,0.0002,0.0,-0.0,0.0,0.0
484.117,1.2341,2.399,2.399,0.0007,0.0,0.0,0.0,0.0
484.167,1.2341,2.399,2.399,-0.0001,0.0,0.0,0.0,0.0
484.222,1.2341,2.399,2.399,0.0001,0.0,0.0,0.0,0.0
484.264,1.2341,2.399,2.399,-0.0008,0.0,-0.0,0.0,0.0
484.326,1.2341,2.399,2.399,0.0004,0.0,0.0,0.0,0.0
484.373,1.2341,2.399,2.399,-0.0005,0.0,-0.0,0.0,0.0
484.416,1.2341,2.399,2.399,-0.0,0.0,-0.0,0.0,0.0
484.474,1.2341,2.3989,2.399,-0.0005,0.0,-0.0,0.0,0.0
484.52,1.2342,2.399,2.399,0.0015,0.0,0.0,0.0,0.0
484.567,1.2341,2.399,2.399,-0.0014,0.0,-0.0,0.0,0.0
484.623,1.2341,2.399,2.399,0.0008,0.0,0.0,0.0,0.0
484.667,1.2341,2.3989,2.399,-0.0014,0.0,-0.0,0.0,0.0
484.725,1.2341,2.399,2.399,0.001,0.0,0.0,0.0,0.0
484.772,1.2341,2.399,2.399,-0.0,0.0,0.0,0.0,0.0
484.816,1.2341,2.399,2.399,0.0005,0.0,0.0,0.0,0.0
484.877,1.2341,2.399,2.399,-0.0002,0.0,0.0,0.0,0.0
484.919,1.2341,2.399,2.399,-0.0007,0.0,-0.0,0.0,0.0
484.966,1.2341,2.399,2.399,0.0001,0.0,-0.0,0.0,0.0
485.026,1.2341,2.399,2.399,0.0004,0.0,0.0,0.0,0.0
485.069,1.2341,2.399,2.399,0.0,0.0,0.0,0.0,0.0
485.125,1.2341,2.399,2.399,-0.0002,0.0,-0.0,0.0,0.0
485.172,1.2341,2.399,2.399,0.0001,0.0,-0.0,0.0,0.0
485.216,1.2341,2.399,2.399,-0.0003,0.0,-0.0,0.0,0.0
485.267,1.2341,2.399,2.399,0.0006,0.0,0.0,0.0,0.0
485.323,1.2341,2.399,2.399,-0.0005,0.0,-0.0,0.0,0.0
485.367,1.2342,2.399,2.399,0.0019,0.0,0.0,0.0,0.0
485.418,1.2341,2.399,2.399,-0.0013,0.0,-0.0,0.0,0.0
485.474,1.2341,2.399,2.399,0.0002,0.0,0.0,0.0,0.0
485.517,1.2341,2.399,2.399,0.0,0.0,0.0,0.0,0.0
485.565,1.2341,2.399,2.399,-0.0001,0.0,-0.0,0.0,0.0
485.624,1.2341,2.399,2.399,-0.0,0.0,-0.0,0.0,0.0
485.668,1.2341,2.399,2.399,-0.0004,0.0,-0.0,0.0,0.0
485.716,1.2341,2.399,2.399,-0.0001,0.0,-0.0,0.0,0.0
485.775,1.2342,2.399,2.399,0.0006,0.0,0.0,0.0,0.0
485.819,1.2341,2.399,2.399,-0.0004,0.0,-0.0,0.0,0.0
485.866,1.2342,2.399,2.399,0.0004,0.0,0.0,0.0,0.0
485.927,1.2341,2.399,2.399,-0.0005,0.0,-0.0,0.0,0.0
485.969,1.2341,2.3989,2.399,-0.0013,0.0,-0.0,0.0,0.0
486.021,1.2341,2.399,2.399,0.0007,0.0,-0.0,0.0,0.0
486.077,1.2341,2.399,2.399,0.0004,0.0,0.0,0.0,0.0
486.121,1.2341,2.3989,2.399,-0.0012,0.0,-0.0,0.0,0.0
486.167,1.2341,2.399,2.399,0.0013,0.0,0.0,0.0,0.0
486.225,1.2342,2.399,2.399,0.001,0.0,0.0,0.0,0.0
486.269,1.2341,2.399,2.399,-0.0011,0.0,-0.0,0.0,0.0
486.317,1.2341,2.399,2.399,0.0004,0.0,0.0,0.0,0.0
486.374,1.2341,2.399,2.399,-0.0005,0.0,-0.0,0.0,0.0
486.424,1.2341,2.399,2.399,0.0003,0.0,0.0,0.0,0.0
486.466,1.2341,2.399,2.399,0.0004,0.0,0.0,0.0,0.0
486.526,1.2341,2.399,2.399,-0.0005,0.0,-0.0,0.0,0.0
486.57,1.2341,2.399,2.399,0.0001,0.0,-0.0,0.0,0.0
486.617,1.234,2.3989,2.399,-0.002,0.0,-0.0,0.0,0.0
486.676,1.2341,2.3989,2.399,0.0006,0.0,-0.0,0.0,0.0
486.721,1.2341,2.399,2.399,0.001,0.0,0.0,0.0,0.0
486.764,1.2341,2.399,2.399,-0.0005,0.0,-0.0,0.0,0.0
486.826,1.2341,2.399,2.399,0.0001,0.0,-0.0,0.0,0.0
486.871,1.2341,2.399,2.399,0.0001,0.0,0.0,0.0,0.0
486.916,1.2341,2.399,2.399,-0.0,0.0,0.0,0.0,0.0
486.965,1.2341,2.399,2.399,0.0,0.0,0.0,0.0,0.0
487.023,1.2341,2.399,2.399,0.0005,0.0,0.0,0.0,0.0
487.067,1.2342,2.399,2.399,0.0008,0.0,0.0,0.0,0.0
487.125,1.2341,2.399,2.399,-0.0008,0.0,-0.0,0.0,0.0
487.173,1.2341,2.399,2.399,-0.0002,0.0,-0.0,0.0,0.0
487.216,1.2341,2.399,2.399,0.0004,0.0,0.0,0.0,0.0
487.275,1.2342,2.3991,2.399,0.0011,0.0,0.0,0.0,0.0
487.323,1.2341,2.399,2.399,-0.0012,0.0,-0.0,0.0,0.0
487.366,1.2341,2.399,2.399,-0.0008,0.0,-0.0,0.0,0.0
487.426,1.2342,2.399,2.399,0.0012,0.0,0.0,0.0,0.0
487.47,1.2341,2.399,2.399,-0.0005,0.0,-0.0,0.0,0.0
487.53,1.2341,2.399,2.399,0.0,0.0,-0.0,0.0,0.0
487.574,1.2341,2.399,2.399,-0.0001,0.0,-0.0,0.0,0.0
487.62,1.2341,2.399,2.399,0.0001,0.0,0.0,0.0,0.0
487.667,1.2341,2.399,2.399,-0.0005,0.0,-0.0,0.0,0.0
487.724,1.234,2.3989,2.399,-0.0017,0.0,-0.0,0.0,0.0
487.77,1.2341,2.3989,2.399,0.0013,0.0,0.0,0.0,0.0
487.815,1.2341,2.3989,2.399,-0.0006,0.0,-0.0,0.0,0.0
487.875,1.2341,2.399,2.399,0.0007,0.0,0.0,0.0,0.0
487.922,1.2342,2.399,2.399,0.0013,0.0,0.0,0.0,0.0
487.967,1.2341,2.3989,2.399,-0.0015,0.0,-0.0,0.0,0.0
488.027,1.2342,2.399,2.399,0.0014,0.0,0.0,0.0,0.0
488.069,1.2341,2.399,2.399,-0.0005,0.0,0.0,0.0,0.0
488.115,1.2342,2.399,2.399,0.0005,0.0,0.0,0.0,0.0
488.175,1.2341,2.399,2.399,-0.0002,0.0,0.0,0.0,0.0
488.22,1.2341,2.399,2.399,-0.0003,0.0,-0.0,0.0,0.0
488.268,1.2342,2.399,2.399,0.0006,0.0,0.0,0.0,0.0
488.326,1.2341,2.399,2.399,-0.0005,0.0,-0.0,0.0,0.0
488.369,1.2341,2.399,2.399,-0.0007,0.0,-0.0,0.0,0.0
488.417,1.2342,2.399,2.399,0.0012,0.0,0.0,0.0,0.0
488.477,1.2341,2.399,2.399,-0.0005,0.0,-0.0,0.0,0.0
488.519,1.2342,2.399,2.399,0.0008,0.0,0.0,0.0,0.0
488.566,1.2341,2.399,2.399,-0.0008,0.0,-0.0,0.0,0.0
488.625,1.2341,2.399,2.399,0.0004,0.0,0.0,0.0,0.0
488.671,1.2342,2.399,2.399,0.0006,0.0,0.0,0.0,0.0
488.717,1.2341,2.399,2.399,-0.0009,0.0,-0.0,0.0,0.0
488.775,1.2341,2.399,2.399,-0.0001,0.0,-0.0,0.0,0.0
488.818,1.2341,2.399,2.399,0.0007,0.0,0.0,0.0,0.0
488.869,1.2341,2.399,2.399,-0.0,0.0,0.0,0.0,0.0
488.924,1.2341,2.399,2.399,-0.0008,0.0,-0.0,0.0,0.0
488.968,1.2341,2.399,2.399,-0.0001,0.0,-0.0,0.0,0.0
489.027,1.2341,2.399,2.399,0.0002,0.0,-0.0,0.0,0.0
489.074,1.2341,2.399,2.399,0.0002,0.0,0.0,0.0,0.0
489.117,1.2341,2.399,2.399,0.0,0.0,0.0,0.0,0.0
489.167,1.2341,2.3989,2.399,-0.0007,0.0,-0.0,0.0,0.0
489.225,1.2341,2.399,2.399,0.0008,0.0,0.0,0.0,0.0
489.268,1.2341,2.3989,2.399,-0.0011,0.0,-0.0,0.0,0.0
489.325,1.234,2.3989,2.399,-0.001,0.0,-0.0,0.0,0.0
489.372,1.2341,2.399,2.399,0.0011,0.0,0.0,0.0,0.0
489.416,1.2341,2.3989,2.399,-0.0003,0.0,-0.0,0.0,0.0
489.466,1.2341,2.399,2.399,0.0009,0.0,0.0,0.0,0.0
489.522,1.2341,2.399,2.399,0.0001,0.0,0.0,0.0,0.0
489.565,1.2341,2.399,2.399,-0.0001,0.0,0.0,0.0,0.0
489.625,1.2341,2.399,2.399,-0.0004,0.0,-0.0,0.0,0.0
489.673,1.2341,2.399,2.399,-0.0003,0.0,-0.0,0.0,0.0
489.716,1.2341,2.399,2.399,0.0001,0.0,-0.0,0.0,0.0
489.766,1.2341,2.399,2.399,0.0005,0.0,0.0,0.0,0.0
489.824,1.2341,2.3989,2.399,-0.0008,0.0,-0.0,0.0,0.0
489.866,1.234,2.3989,2.399,-0.0013,0.0,-0.0,0.0,0.0
489.925,1.2341,2.399,2.399,0.0019,0.0,0.0,0.0,0.0
489.973,1.2341,2.399,2.399,-0.0002,0.0,0.0,0.0,0.0
490.018,1.2341,2.399,2.399,0.0001,0.0,0.0,0.0,0.0
490.067,1.2342,2.399,2.399,0.001,0.0,0.0,0.0,0.0
490.124,1.2342,2.399,2.399,-0.0001,0.0,0.0,0.0,0.0
490.168,1.2341,2.3989,2.399,-0.0019,0.0,-0.0,0.0,0.0
490.215,1.2341,2.399,2.399,0.0012,0.0,0.0,0.0,0.0
490.273,1.2342,2.399,2.399,0.0009,0.0,0.0,0.0,0.0
490.317,1.2341,2.3989,2.399,-0.0026,0.0,-0.0,0.0,0.0
490.366,1.2341,2.3989,2.399,0.0002,0.0,-0.0,0.0,0.0
490.428,1.2341,2.399,2.399,0.001,0.0,0.0,0.0,0.0
490.468,1.2342,2.399,2.399,0.0001,0.0,0.0,0.0,0.0
490.527,1.2342,2.399,2.399,0.0,0.0,0.0,0.0,0.0
490.574,1.2341,2.399,2.399,-0.0005,0.0,-0.0,0.0,0.0
490.619,1.2341,2.399,2.399,0.0003,0.0,0.0,0.0,0.0
490.666,1.2341,2.399,2.399,0.0001,0.0,0.0,0.0,0.0
490.725,1.2341,2.399,2.399,-0.0005,0.0,-0.0,0.0,0.0
490.769,1.2342,2.399,2.399,0.0017,0.0,0.0,0.0,0.0
490.818,1.2342,2.399,2.399,-0.0003,0.0,0.0,0.0,0.0
490.873,1.2341,2.399,2.399,-0.0008,0.0,-0.0,0.0,0.0
490.919,1.2341,2.399,2.399,-0.0007,0.0,-0.0,0.0,0.0
490.966,1.2341,2.399,2.399,0.001,0.0,0.0,0.0,0.0
491.025,1.2342,2.399,2.399,0.0004,0.0,0.0,0.0,0.0
491.07,1.2341,2.399,2.399,-0.0009,0.0,-0.0,0.0,0.0
491.125,1.2341,2.399,2.399,0.0002,0.0,-0.0,0.0,0.0
491.175,1.2341,2.399,2.399,-0.0002,0.0,-0.0,0.0,0.0
491.217,1.2341,2.3989,2.399,-0.0017,0.0,-0.0,0.0,0.0
491.266,1.2341,2.399,2.399,0.0009,0.0,-0.0,0.0,0.0
491.323,1.2341,2.399,2.399,0.0004,0.0,0.0,0.0,0.0
491.367,1.2341,2.3989,2.399,-0.0007,0.0,-0.0,0.0,0.0
491.425,1.2341,2.399,2.399,0.0003,0.0,0.0,0.0,0.0
491.473,1.2341,2.399,2.399,0.0001,0.0,0.0,0.0,0.0
491.516,1.2342,2.399,2.399,0.0011,0.0,0.0,0.0,0.0
491.566,1.2341,2.399,2.399,-0.0011,0.0,-0.0,0.0,0.0
491.622,1.2341,2.399,2.399,0.0005,0.0,0.0,0.0,0.0
491.666,1.2341,2.399,2.399,-0.0001,0.0,0.0,0.0,0.0
491.724,1.2341,2.399,2.399,0.0003,0.0,0.0,0.0,0.0
491.772,1.2341,2.399,2.399,-0.0001,0.0,0.0,0.0,0.0
491.817,1.2341,2.399,2.399,-0.0005,0.0,-0.0,0.0,0.0
491.866,1.2342,2.399,2.399,0.0007,0.0,0.0,0.0,0.0
491.921,1.2341,2.399,2.399,-0.001,0.0,-0.0,0.0,0.0
491.967,1.2341,2.399,2.399,0.0008,0.0,0.0,0.0,0.0
492.031,1.2341,2.399,2.399,-0.0,0.0,0.0,0.0,0.0
492.071,1.2341,2.399,2.399,-0.0,0.0,0.0,0.0,0.0
492.119,1.2341,2.3989,2.399,-0.0015,0.0,-0.0,0.0,0.0
492.165,1.2341,2.3989,2.399,0.0005,0.0,-0.0,0.0,0.0
492.22,1.2341,2.399,2.399,0.0004,0.0,0.0,0.0,0.0
492.267,1.2341,2.399,2.399,0.0007,0.0,0.0,0.0,0.0
492.327,1.2341,2.3989,2.399,-0.0014,0.0,-0.0,0.0,0.0
492.37,1.2341,2.399,2.399,0.0007,0.0,0.0,0.0,0.0
492.416,1.2342,2.399,2.399,0.0009,0.0,0.0,0.0,0.0
492.475,1.2341,2.399,2.399,-0.0012,0.0,-0.0,0.0,0.0
492.52,1.2341,2.399,2.399,0.0001,0.0,-0.0,0.0,0.0
492.567,1.2342,2.399,2.399,0.0011,0.0,0.0,0.0,0.0
492.624,1.2341,2.399,2.399,-0.0002,0.0,0.0,0.0,0.0
492.671,1.2341,2.399,2.399,-0.0003,0.0,-0.0,0.0,0.0
492.718,1.2341,2.399,2.399,-0.0001,0.0,-0.0,0.0,0.0
492.778,1.2341,2.399,2.399,-0.0002,0.0,-0.0,0.0,0.0
492.82,1.2341,2.399,2.399,-0.0001,0.0,-0.0,0.0,0.0
492.867,1.2341,2.399,2.399,0.0004,0.0,0.0,0.0,0.0
492.925,1.2341,2.3989,2.399,-0.0011,0.0,-0.0,0.0,0.0
492.969,1.2341,2.399,2.399,0.0015,0.0,0.0,0.0,0.0
493.018,1.2341,2.3989,2.399,-0.0009,0.0,-0.0,0.0,0.0
493.076,1.2341,2.399,2.399,0.0003,0.0,0.0,0.0,0.0
493.122,1.2341,2.399,2.399,0.0002,0.0,0.0,0.0,0.0
493.167,1.2341,2.399,2.399,0.0,0.0,0.0,0.0,0.0
493.223,1.2341,2.399,2.399,-0.0003,0.0,-0.0,0.0,0.0
493.27,1.2341,2.399,2.399,0.0008,0.0,0.0,0.0,0.0
493.317,1.2341,2.3989,2.399,-0.0011,0.0,-0.0,0.0,0.0
493.373,1.2341,2.399,2.399,0.0003,0.0,-0.0,0.0,0.0
493.421,1.2341,2.3989,2.399,-0.0007,0.0,-0.0,0.0,0.0
493.465,1.2341,2.3989,2.399,0.0003,0.0,-0.0,0.0,0.0
493.525,1.2341,2.3989,2.399,0.0002,0.0,0.0,0.0,0.0
493.571,1.2341,2.399,2.399,0.0003,0.0,0.0,0.0,0.0
493.616,1.2341,2.399,2.399,0.0008,0.0,0.0,0.0,0.0
493.676,1.2341,2.399,2.399,-0.0002,0.0,0.0,0.0,0.0
493.721,1.234,2.3989,2.399,-0.0018,0.0,-0.0,0.0,0.0
493.767,1.2341,2.399,2.399,0.0016,0.0,0.0,0.0,0.0
493.826,1.2341,2.399,2.399,0.0003,0.0,0.0,0.0,0.0
493.871,1.2341,2.399,2.399,0.0002,0.0,0.0,0.0,0.0
493.917,1.2342,2.399,2.399,0.0007,0.0,0.0,0.0,0.0
493.966,1.2341,2.399,2.399,-0.0007,0.0,-0.0,0.0,0.0
494.023,1.2341,2.3989,2.399,-0.0006,0.0,-0.0,0.0,0.0
494.066,1.234,2.3989,2.399,-0.001,0.0,-0.0,0.0,0.0
494.124,1.2341,2.399,2.399,0.0011,0.0,0.0,0.0,0.0
494.172,1.2341,2.3989,2.399,-0.0008,0.0,-0.0,0.0,0.0
494.217,1.234,2.3989,2.3989,-0.0009,0.0,-0.0,0.0,0.0
494.266,1.234,2.3989,2.3989,0.0002,0.0,-0.0,0.0,0.0
494.323,1.234,2.3989,2.3989,0.0001,0.0,-0.0,0.0,0.0
494.367,1.234,2.3989,2.3989,0.0003,0.0,0.0,0.0,0.0
494.425,1.234,2.3989,2.3989,-0.0,0.0,0.0,0.0,0.0
494.474,1.2341,2.3989,2.3989,0.0008,0.0,0.0,0.0,0.0
494.517,1.2341,2.3989,2.3989,-0.0004,0.0,0.0,0.0,0.0
494.568,1.2341,2.3989,2.3989,-0.0003,0.0,-0.0,0.0,0.0
494.626,1.2341,2.3989,2.3989,-0.0001,0.0,-0.0,0.0,0.0
494.665,1.2341,2.3989,2.3989,0.0005,0.0,0.0,0.0,0.0
494.724,1.2341,2.3989,2.3989,0.0003,0.0,0.0,0.0,0.0
494.771,1.2341,2.399,2.3989,0.0006,0.0,0.0,0.0,0.0
494.817,1.2341,2.399,2.3989,0.0004,0.0,0.0,0.0,0.0
494.866,1.2341,2.3989,2.3989,-0.001,0.0,-0.0,0.0,0.0
494.923,1.234,2.3989,2.3989,-0.0014,0.0,-0.0,0.0,0.0
494.967,1.2341,2.399,2.3989,0.0025,0.0,0.0,0.0,0.0
495.027,1.2341,2.399,2.3989,-0.0003,0.0,0.0,0.0,0.0
495.071,1.2341,2.399,2.399,0.0005,0.0,0.0,0.0,0.0
495.119,1.2341,2.3989,2.3989,-0.0017,0.0,-0.0,0.0,0.0
495.175,1.2341,2.3989,2.3989,0.0006,0.0,-0.0,0.0,0.0
495.222,1.2341,2.399,2.3989,0.0003,0.0,0.0,0.0,0.0
495.266,1.2341,2.399,2.3989,0.0,0.0,0.0,0.0,0.0
495.327,1.2341,2.3989,2.3989,-0.0004,0.0,-0.0,0.0,0.0
495.37,1.2341,2.399,2.399,0.0011,0.0,0.0,0.0,0.0
495.417,1.2341,2.3989,2.399,-0.0014,0.0,-0.0,0.0,0.0
495.475,1.234,2.3989,2.3989,-0.0008,0.0,-0.0,0.0,0.0
495.52,1.2341,2.3989,2.3989,0.0008,0.0,-0.0,0.0,0.0
495.566,1.2341,2.3989,2.3989,-0.0005,0.0,-0.0,0.0,0.0
495.624,1.2341,2.399,2.3989,0.0009,0.0,0.0,0.0,0.0
495.67,1.2341,2.399,2.3989,-0.0,0.0,0.0,0.0,0.0
495.716,1.2341,2.3989,2.3989,-0.0004,0.0,-0.0,0.0,0.0
495.774,1.2341,2.399,2.3989,0.0003,0.0,0.0,0.0,0.0
495.822,1.234,2.3989,2.3989,-0.0012,0.0,-0.0,0.0,0.0
495.868,1.2341,2.3989,2.3989,0.0009,0.0,0.0,0.0,0.0
495.925,1.2341,2.3989,2.3989,-0.0003,0.0,-0.0,0.0,0.0
495.968,1.2341,2.3989,2.3989,-0.0,0.0,-0.0,0.0,0.0
496.027,1.2341,2.399,2.3989,0.0008,0.0,0.0,0.0,0.0
496.073,1.2341,2.399,2.3989,0.0002,0.0,0.0,0.0,0.0
496.117,1.2341,2.3989,2.3989,-0.0005,0.0,-0.0,0.0,0.0
496.176,1.2341,2.399,2.3989,0.0001,0.0,0.0,0.0,0.0
496.221,1.2341,2.3989,2.3989,-0.0004,0.0,-0.0,0.0,0.0
496.267,1.234,2.3989,2.3989,-0.0008,0.0,-0.0,0.0,0.0
496.325,1.2341,2.3989,2.3989,0.0006,0.0,-0.0,0.0,0.0
496.369,1.2341,2.3989,2.3989,-0.0002,0.0,-0.0,0.0,0.0
496.419,1.2341,2.3989,2.3989,0.0003,0.0,0.0,0.0,0.0
496.475,1.2341,2.399,2.3989,0.0006,0.0,0.0,0.0,0.0
496.52,1.2341,2.399,2.3989,0.0001,0.0,0.0,0.0,0.0
496.566,1.2341,2.3989,2.3989,-0.001,0.0,-0.0,0.0,0.0
496.626,1.2341,2.399,2.3989,0.0008,0.0,0.0,0.0,0.0
496.671,1.2341,2.399,2.3989,0.0007,0.0,0.0,0.0,0.0
496.717,1.234,2.3989,2.3989,-0.0019,0.0,-0.0,0.0,0.0
496.775,1.2341,2.3989,2.3989,0.0003,0.0,-0.0,0.0,0.0
496.821,1.2341,2.399,2.3989,0.0012,0.0,0.0,0.0,0.0
496.867,1.2341,2.399,2.3989,-0.0007,0.0,-0.0,0.0,0.0
496.927,1.2341,2.3989,2.3989,-0.0003,0.0,-0.0,0.0,0.0
496.971,1.2341,2.399,2.3989,0.0006,0.0,0.0,0.0,0.0
497.016,1.2341,2.3989,2.3989,-0.0012,0.0,-0.0,0.0,0.0
497.065,1.234,2.3989,2.3989,-0.0003,0.0,-0.0,0.0,0.0
497.121,1.2341,2.3989,2.3989,0.0006,0.0,0.0,0.0,0.0
497.166,1.2341,2.3989,2.3989,-0.0003,0.0,-0.0,0.0,0.0
497.225,1.2341,2.3989,2.3989,-0.0001,0.0,-0.0,0.0,0.0
497.272,1.234,2.3989,2.3989,-0.0003,0.0,-0.0,0.0,0.0
497.317,1.2341,2.3989,2.3989,0.0009,0.0,0.0,0.0,0.0
497.367,1.2341,2.3989,2.3989,-0.0004,0.0,-0.0,0.0,0.0
497.425,1.2341,2.3989,2.3989,0.0002,0.0,0.0,0.0,0.0
497.467,1.2341,2.399,2.3989,0.0007,0.0,0.0,0.0,0.0
497.525,1.2341,2.3989,2.3989,-0.0006,0.0,-0.0,0.0,0.0
497.574,1.2341,2.3989,2.3989,-0.0003,0.0,-0.0,0.0,0.0
497.617,1.2341,2.399,2.3989,0.0009,0.0,0.0,0.0,0.0
497.668,1.2341,2.399,2.3989,0.0008,0.0,0.0,0.0,0.0
497.726,1.2341,2.3989,2.3989,-0.0008,0.0,-0.0,0.0,0.0
497.767,1.2341,2.3989,2.3989,-0.0004,0.0,-0.0,0.0,0.0
497.816,1.2341,2.3989,2.3989,0.0003,0.0,-0.0,0.0,0.0
497.876,1.2341,2.3989,2.3989,0.0001,0.0,0.0,0.0,0.0
497.919,1.234,2.3989,2.3989,-0.002,0.0,-0.0,0.0,0.0
497.965,1.2341,2.3989,2.3989,0.0015,0.0,0.0,0.0,0.0
498.025,1.2341,2.3989,2.3989,-0.0003,0.0,-0.0,0.0,0.0
498.068,1.234,2.3989,2.3989,-0.0007,0.0,-0.0,0.0,0.0
498.117,1.2341,2.3989,2.3989,0.0007,0.0,0.0,0.0,0.0
498.175,1.2341,2.399,2.3989,0.0007,0.0,0.0,0.0,0.0
498.22,1.2341,2.3989,2.3989,-0.0006,0.0,-0.0,0.0,0.0
498.266,1.234,2.3989,2.3989,-0.0009,0.0,-0.0,0.0,0.0
498.323,1.234,2.3989,2.3989,-0.0001,0.0,-0.0,0.0,0.0
498.369,1.2341,2.3989,2.3989,0.0009,0.0,0.0,0.0,0.0
498.427,1.2341,2.399,2.3989,0.0006,0.0,0.0,0.0,0.0
498.476,1.2341,2.3989,2.3989,-0.0009,0.0,-0.0,0.0,0.0
498.519,1.2341,2.3989,2.3989,0.0008,0.0,0.0,0.0,0.0
498.566,1.2341,2.399,2.3989,0.0004,0.0,0.0,0.0,0.0
498.625,1.2341,2.3989,2.3989,-0.0005,0.0,-0.0,0.0,0.0
498.668,1.2341,2.3989,2.3989,0.0003,0.0,0.0,0.0,0.0
498.728,1.2341,2.3989,2.3989,0.0001,0.0,0.0,0.0,0.0
498.774,1.2341,2.399,2.3989,0.0004,0.0,0.0,0.0,0.0
498.818,1.2341,2.3989,2.3989,-0.001,0.0,-0.0,0.0,0.0
498.865,1.2341,2.3989,2.3989,0.0001,0.0,-0.0,0.0,0.0
498.925,1.2341,2.399,2.3989,0.0006,0.0,0.0,0.0,0.0
498.969,1.2341,2.399,2.3989,0.0003,0.0,0.0,0.0,0.0
499.017,1.234,2.3989,2.3989,-0.0015,0.0,-0.0,0.0,0.0
499.074,1.234,2.3989,2.3989,-0.0004,0.0,-0.0,0.0,0.0
499.118,1.2341,2.3989,2.3989,0.001,0.0,0.0,0.0,0.0
499.166,1.2341,2.3989,2.3989,0.0002,0.0,0.0,0.0,0.0
499.227,1.234,2.3989,2.3989,-0.0009,0.0,-0.0,0.0,0.0
499.268,1.2341,2.3989,2.3989,0.0008,0.0,0.0,0.0,0.0
499.317,1.2341,2.3989,2.3989,-0.0001,0.0,0.0,0.0,0.0
499.375,1.234,2.3989,2.3989,-0.0002,0.0,-0.0,0.0,0.0
499.418,1.2341,2.399,2.3989,0.0013,0.0,0.0,0.0,0.0
499.466,1.2341,2.3989,2.3989,-0.001,0.0,-0.0,0.0,0.0
499.527,1.2341,2.3989,2.3989,0.0001,0.0,-0.0,0.0,0.0
499.568,1.234,2.3989,2.3989,-0.001,0.0,-0.0,0.0,0.0
499.616,1.234,2.3989,2.3989,0.0,0.0,-0.0,0.0,0.0
499.675,1.2341,2.3989,2.3989,0.0009,0.0,0.0,0.0,0.0
499.72,1.234,2.3989,2.3989,-0.0006,0.0,-0.0,0.0,0.0
499.768,1.2341,2.399,2.3989,0.0015,0.0,0.0,0.0,0.0
499.825,1.234,2.3988,2.3989,-0.0027,0.0,-0.0,0.0,0.0
499.87,1.2341,2.3989,2.3989,0.0013,0.0,0.0,0.0,0.0
499.916,1.2341,2.3989,2.3989,-0.0001,0.0,-0.0,0.0,0.0
499.974,1.2341,2.3989,2.3989,0.0004,0.0,0.0,0.0,0.0
500.02,1.2341,2.3989,2.3989,0.0,0.0,0.0,0.0,0.0
500.066,1.2341,2.3989,2.3989,-0.0001,0.0,0.0,0.0,0.0
500.123,1.234,2.3989,2.3989,-0.0007,0.0,-0.0,0.0,0.0
500.166,1.234,2.3989,2.3989,0.0001,0.0,-0.0,0.0,0.0
500.224,1.234,2.3988,2.3989,-0.001,0.0,-0.0,0.0,0.0
500.274,1.2341,2.3989,2.3989,0.0014,0.0,0.0,0.0,0.0
500.317,1.2341,2.3989,2.3989,0.0002,0.0,0.0,0.0,0.0
500.368,1.2341,2.3989,2.3989,-0.0003,0.0,0.0,0.0,0.0
500.423,1.2341,2.399,2.3989,0.0007,0.0,0.0,0.0,0.0
500.468,1.2341,2.399,2.3989,-0.0,0.0,0.0,0.0,0.0
500.515,1.2341,2.3989,2.3989,-0.0009,0.0,-0.0,0.0,0.0
500.574,1.2341,2.3989,2.3989,0.0006,0.0,0.0,0.0,0.0
500.618,1.2341,2.399,2.3989,0.0004,0.0,0.0,0.0,0.0
500.667,1.2341,2.399,2.3989,-0.0001,0.0,0.0,0.0,0.0
500.724,1.234,2.3989,2.3989,-0.0012,0.0,-0.0,0.0,0.0
500.768,1.234,2.3989,2.3989,-0.0002,0.0,-0.0,0.0,0.0
500.817,1.2341,2.3989,2.3989,0.0012,0.0,0.0,0.0,0.0
500.876,1.2341,2.3989,2.3989,-0.0005,0.0,-0.0,0.0,0.0
500.918,1.234,2.3989,2.3989,-0.0005,0.0,-0.0,0.0,0.0
500.967,1.234,2.3989,2.3989,-0.0006,0.0,-0.0,0.0,0.0
501.027,1.2341,2.3989,2.3989,0.0011,0.0,0.0,0.0,0.0
501.068,1.234,2.3989,2.3989,-0.0008,0.0,-0.0,0.0,0.0
501.118,1.234,2.3989,2.3989,0.0001,0.0,-0.0,0.0,0.0
501.173,1.2341,2.3989,2.3989,0.0011,0.0,0.0,0.0,0.0
501.219,1.2341,2.3989,2.3989,-0.0005,0.0,0.0,0.0,0.0
501.266,1.234,2.3989,2.3989,-0.0007,0.0,-0.0,0.0,0.0
501.324,1.2341,2.3989,2.3989,0.0011,0.0,0.0,0.0,0.0
501.369,1.234,2.3989,2.3989,-0.0007,0.0,-0.0,0.0,0.0
501.415,1.234,2.3989,2.3989,-0.0002,0.0,-0.0,0.0,0.0
501.474,1.234,2.3989,2.3989,-0.0002,0.0,-0.0,0.0,0.0
501.52,1.234,2.3989,2.3989,-0.0,0.0,-0.0,0.0,0.0
501.566,1.2341,2.3989,2.3989,0.0011,0.0,0.0,0.0,0.0
501.626,1.2341,2.3989,2.3989,-0.0004,0.0,0.0,0.0,0.0
501.67,1.2341,2.3989,2.3989,0.0004,0.0,0.0,0.0,0.0
501.717,1.2341,2.3989,2.3989,-0.0006,0.0,-0.0,0.0,0.0
501.775,1.234,2.3989,2.3989,-0.0005,0.0,-0.0,0.0,0.0
501.823,1.2341,2.3989,2.3989,0.0006,0.0,0.0,0.0,0.0
501.868,1.2341,2.3989,2.3989,0.0005,0.0,0.0,0.0,0.0
501.923,1.2341,2.3989,2.3989,0.0001,0.0,0.0,0.0,0.0
501.972,1.234,2.3989,2.3989,-0.001,0.0,-0.0,0.0,0.0
502.016,1.2341,2.3989,2.3989,0.0006,0.0,0.0,0.0,0.0
502.066,1.2341,2.3989,2.3989,0.0007,0.0,0.0,0.0,0.0
502.122,1.234,2.3989,2.3989,-0.001,0.0,-0.0,0.0,0.0
502.166,1.2341,2.3989,2.3989,0.0012,0.0,0.0,0.0,0.0
502.225,1.234,2.3989,2.3989,-0.0008,0.0,-0.0,0.0,0.0
502.27,1.2341,2.399,2.3989,0.0009,0.0,0.0,0.0,0.0
502.317,1.2341,2.3989,2.3989,-0.0008,0.0,-0.0,0.0,0.0
502.374,1.2341,2.3989,2.3989,0.0003,0.0,0.0,0.0,0.0
502.42,1.234,2.3989,2.3989,-0.0013,0.0,-0.0,0.0,0.0
502.465,1.234,2.3989,2.3989,0.0003,0.0,-0.0,0.0,0.0
502.526,1.234,2.3989,2.3989,0.0006,0.0,0.0,0.0,0.0
502.57,1.2341,2.399,2.3989,0.001,0.0,0.0,0.0,0.0
502.618,1.2341,2.3989,2.3989,-0.0009,0.0,-0.0,0.0,0.0
502.674,1.234,2.3988,2.3989,-0.0015,0.0,-0.0,0.0,0.0
502.72,1.234,2.3989,2.3989,0.0007,0.0,-0.0,0.0,0.0
502.766,1.234,2.3989,2.3989,0.0003,0.0,0.0,0.0,0.0
502.825,1.234,2.3989,2.3989,-0.0001,0.0,0.0,0.0,0.0
502.873,1.234,2.3989,2.3989,-0.0,0.0,-0.0,0.0,0.0
502.916,1.2341,2.399,2.3989,0.0016,0.0,0.0,0.0,0.0
502.975,1.2341,2.3989,2.3989,-0.001,0.0,-0.0,0.0,0.0
503.02,1.234,2.3989,2.3989,-0.0007,0.0,-0.0,0.0,0.0
503.067,1.234,2.3989,2.3989,0.0006,0.0,0.0,0.0,0.0
503.124,1.234,2.3989,2.3989,-0.0002,0.0,-0.0,0.0,0.0
503.167,1.234,2.3988,2.3989,-0.0013,0.0,-0.0,0.0,0.0
503.225,1.234,2.3988,2.3989,-0.0003,0.0,-0.0,0.0,0.0
503.271,1.234,2.3989,2.3989,0.0013,0.0,0.0,0.0,0.0
503.317,1.2341,2.399,2.3989,0.0014,0.0,0.0,0.0,0.0
503.376,1.2341,2.3989,2.3989,-0.0002,0.0,0.0,0.0,0.0
503.419,1.234,2.3989,2.3989,-0.0014,0.0,-0.0,0.0,0.0
503.468,1.234,2.3989,2.3989,-0.0002,0.0,-0.0,0.0,0.0
503.523,1.2341,2.399,2.3989,0.0014,0.0,0.0,0.0,0.0
503.566,1.2341,2.3989,2.3989,-0.0006,0.0,0.0,0.0,0.0
503.626,1.234,2.3989,2.3989,-0.0007,0.0,-0.0,0.0,0.0
503.67,1.2341,2.399,2.3989,0.0016,0.0,0.0,0.0,0.0
503.715,1.2341,2.399,2.3989,-0.0005,0.0,0.0,0.0,0.0
503.773,1.2341,2.3989,2.3989,-0.0007,0.0,-0.0,0.0,0.0
503.821,1.2341,2.3989,2.3989,0.0004,0.0,0.0,0.0,0.0
503.866,1.2341,2.399,2.3989,0.0005,0.0,0.0,0.0,0.0
503.927,1.234,2.3989,2.3989,-0.0015,0.0,-0.0,0.0,0.0
503.971,1.234,2.3989,2.3989,0.0002,0.0,-0.0,0.0,0.0
504.018,1.234,2.3989,2.3989,-0.0002,0.0,-0.0,0.0,0.0
504.075,1.2341,2.3989,2.3989,0.0007,0.0,0.0,0.0,0.0
504.121,1.234,2.3989,2.3989,-0.0012,0.0,-0.0,0.0,0.0
504.167,1.234,2.3989,2.3989,0.0003,0.0,-0.0,0.0,0.0
504.226,1.2341,2.3989,2.3989,0.0011,0.0,0.0,0.0,0.0
504.271,1.2341,2.3989,2.3989,-0.0004,0.0,0.0,0.0,0.0
504.317,1.2341,2.3989,2.3989,0.0002,0.0,0.0,0.0,0.0
504.367,1.2341,2.399,2.3989,0.0007,0.0,0.0,0.0,0.0
504.424,1.2341,2.399,2.3989,-0.0001,0.0,0.0,0.0,0.0
504.466,1.234,2.3989,2.3989,-0.002,0.0,-0.0,0.0,0.0
504.525,1.2341,2.3989,2.3989,0.0015,0.0,0.0,0.0,0.0
504.575,1.234,2.3989,2.3989,-0.0014,0.0,-0.0,0.0,0.0
504.615,1.234,2.3989,2.3989,0.001,0.0,0.0,0.0,0.0
504.667,1.234,2.3989,2.3989,-0.0004,0.0,-0.0,0.0,0.0
504.723,1.2341,2.3989,2.3989,0.0008,0.0,0.0,0.0,0.0
504.766,1.234,2.3989,2.3989,-0.0006,0.0,-0.0,0.0,0.0
504.827,1.234,2.3989,2.3989,-0.0005,0.0,-0.0,0.0,0.0
504.873,1.2341,2.399,2.3989,0.0017,0.0,0.0,0.0,0.0
504.917,1.2341,2.3989,2.3989,-0.0007,0.0,0.0,0.0,0.0
504.968,1.234,2.3989,2.3989,-0.001,0.0,-0.0,0.0,0.0
505.025,1.2341,2.3989,2.3989,0.0006,0.0,0.0,0.0,0.0
505.068,1.234,2.3989,2.3989,-0.0011,0.0,-0.0,0.0,0.0
505.115,1.234,2.3989,2.3989,0.0006,0.0,-0.0,0.0,0.0
505.174,1.234,2.3989,2.3989,-0.0003,0.0,-0.0,0.0,0.0
505.218,1.234,2.3989,2.3989,0.0002,0.0,0.0,0.0,0.0
505.266,1.234,2.3989,2.3989,-0.0008,0.0,-0.0,0.0,0.0
505.325,1.234,2.3989,2.3989,-0.0,0.0,-0.0,0.0,0.0
505.369,1.234,2.3989,2.3989,0.0006,0.0,0.0,0.0,0.0
505.417,1.234,2.3989,2.3989,0.0002,0.0,0.0,0.0,0.0
505.475,1.2341,2.3989,2.3989,0.0006,0.0,0.0,0.0,0.0
505.519,1.2341,2.399,2.3989,0.0009,0.0,0.0,0.0,0.0
505.567,1.2341,2.3989,2.3989,-0.0011,0.0,-0.0,0.0,0.0
505.625,1.234,2.3989,2.3989,-0.0003,0.0,-0.0,0.0,0.0
505.669,1.234,2.3988,2.3989,-0.0015,0.0,-0.0,0.0,0.0
505.715,1.2341,2.3989,2.3989,0.0016,0.0,0.0,0.0,0.0
505.773,1.2341,2.3989,2.3989,0.0003,0.0,0.0,0.0,0.0
505.82,1.234,2.3989,2.3989,-0.0009,0.0,-0.0,0.0,0.0
505.869,1.234,2.3989,2.3989,0.0,0.0,-0.0,0.0,0.0
505.926,1.2341,2.3989,2.3989,0.0007,0.0,0.0,0.0,0.0
505.967,1.2341,2.3989,2.3989,0.0005,0.0,0.0,0.0,0.0
506.016,1.234,2.3989,2.3989,-0.001,0.0,-0.0,0.0,0.0
506.074,1.2341,2.3989,2.3989,0.0007,0.0,0.0,0.0,0.0
506.118,1.2341,2.3989,2.3989,0.0001,0.0,0.0,0.0,0.0
506.165,1.234,2.3989,2.3989,-0.0012,0.0,-0.0,0.0,0.0
506.224,1.234,2.3989,2.3989,-0.0,0.0,-0.0,0.0,0.0
506.268,1.2341,2.399,2.3989,0.0026,0.0,0.0,0.0,0.0
506.316,1.2341,2.3989,2.3989,-0.0013,0.0,0.0,0.0,0.0
506.375,1.234,2.3989,2.3989,-0.0007,0.0,-0.0,0.0,0.0
506.419,1.2341,2.3989,2.3989,0.0004,0.0,-0.0,0.0,0.0
506.466,1.234,2.3989,2.3989,-0.0001,0.0,-0.0,0.0,0.0
506.525,1.2341,2.3989,2.3989,0.0004,0.0,0.0,0.0,0.0
506.568,1.234,2.3989,2.3989,-0.0016,0.0,-0.0,0.0,0.0
506.616,1.234,2.3989,2.3989,0.0004,0.0,-0.0,0.0,0.0
506.674,1.234,2.3989,2.3989,0.0003,0.0,0.0,0.0,0.0
506.718,1.234,2.3989,2.3989,-0.0003,0.0,-0.0,0.0,0.0
506.766,1.2341,2.3989,2.3989,0.0011,0.0,0.0,0.0,0.0
506.824,1.2341,2.3989,2.3989,0.0001,0.0,0.0,0.0,0.0
506.87,1.234,2.3989,2.3989,-0.0018,0.0,-0.0,0.0,0.0
506.925,1.234,2.3988,2.3989,-0.0005,0.0,-0.0,0.0,0.0
506.973,1.2341,2.3989,2.3989,0.0015,0.0,0.0,0.0,0.0
507.017,1.234,2.3989,2.3989,-0.001,0.0,-0.0,0.0,0.0
507.075,1.234,2.3989,2.3989,-0.0001,0.0,-0.0,0.0,0.0
507.123,1.2341,2.3989,2.3989,0.0011,0.0,0.0,0.0,0.0
507.167,1.2341,2.3989,2.3989,-0.0004,0.0,0.0,0.0,0.0
507.224,1.234,2.3989,2.3989,-0.0003,0.0,-0.0,0.0,0.0
507.271,1.2341,2.3989,2.3989,0.0004,0.0,0.0,0.0,0.0
507.317,1.234,2.3989,2.3989,-0.0013,0.0,-0.0,0.0,0.0
507.374,1.234,2.3989,2.3989,0.0005,0.0,-0.0,0.0,0.0
507.418,1.234,2.3989,2.3989,0.0001,0.0,0.0,0.0,0.0
507.467,1.2341,2.3989,2.3989,0.0007,0.0,0.0,0.0,0.0
507.522,1.2341,2.3989,2.3989,0.0003,0.0,0.0,0.0,0.0
507.566,1.234,2.3989,2.3989,-0.0012,0.0,-0.0,0.0,0.0
507.625,1.2341,2.399,2.3989,0.0016,0.0,0.0,0.0,0.0
507.674,1.234,2.3989,2.3989,-0.0017,0.0,-0.0,0.0,0.0
507.717,1.234,2.3989,2.3989,-0.0001,0.0,-0.0,0.0,0.0
507.767,1.234,2.3989,2.3989,-0.0,0.0,-0.0,0.0,0.0
507.825,1.234,2.3989,2.3989,-0.0,0.0,-0.0,0.0,0.0
507.868,1.234,2.3989,2.3989,0.0005,0.0,0.0,0.0,0.0
507.915,1.234,2.3988,2.3989,-0.0011,0.0,-0.0,0.0,0.0
507.975,1.234,2.3989,2.3989,0.0006,0.0,0.0,0.0,0.0
508.018,1.2341,2.399,2.3989,0.0024,0.0,0.0,0.0,0.0
508.067,1.2341,2.3989,2.3989,-0.001,0.0,0.0,0.0,0.0
508.124,1.234,2.3989,2.3989,-0.0008,0.0,-0.0,0.0,0.0
508.168,1.234,2.3989,2.3989,-0.0005,0.0,-0.0,0.0,0.0
508.216,1.234,2.3989,2.3989,0.0007,0.0,0.0,0.0,0.0
508.275,1.2341,2.3989,2.3989,0.0004,0.0,0.0,0.0,0.0
508.319,1.234,2.3989,2.3989,-0.0005,0.0,-0.0,0.0,0.0
508.368,1.2341,2.3989,2.3989,0.0003,0.0,0.0,0.0,0.0
508.425,1.234,2.3989,2.3989,-0.0004,0.0,-0.0,0.0,0.0
508.47,1.234,2.3988,2.3989,-0.0011,0.0,-0.0,0.0,0.0
508.516,1.234,2.3989,2.3989,0.0007,0.0,-0.0,0.0,0.0
508.573,1.234,2.3989,2.3989,0.0005,0.0,0.0,0.0,0.0
508.621,1.234,2.3989,2.3989,-0.0002,0.0,0.0,0.0,0.0
508.665,1.234,2.3989,2.3989,0.0001,0.0,0.0,0.0,0.0
508.725,1.2341,2.3989,2.3989,0.0012,0.0,0.0,0.0,0.0
508.77,1.234,2.3989,2.3989,-0.0012,0.0,-0.0,0.0,0.0
508.819,1.234,2.3989,2.3989,0.0005,0.0,0.0,0.0,0.0
508.875,1.234,2.3989,2.3989,-0.0005,0.0,-0.0,0.0,0.0
508.923,1.2341,2.3989,2.3989,0.0006,0.0,0.0,0.0,0.0
508.967,1.234,2.3989,2.3989,-0.0007,0.0,-0.0,0.0,0.0
509.027,1.2341,2.3989,2.3989,0.0012,0.0,0.0,0.0,0.0
509.071,1.2341,2.3989,2.3989,0.0002,0.0,0.0,0.0,0.0
509.117,1.2341,2.3989,2.3989,-0.0002,0.0,0.0,0.0,0.0
509.176,1.234,2.3989,2.3989,-0.0009,0.0,-0.0,0.0,0.0
509.221,1.234,2.3989,2.3989,0.0004,0.0,-0.0,0.0,0.0
509.268,1.2341,2.3989,2.3989,0.0003,0.0,0.0,0.0,0.0
509.324,1.234,2.3989,2.3989,-0.0002,0.0,-0.0,0.0,0.0
509.367,1.2341,2.3989,2.3989,0.0002,0.0,0.0,0.0,0.0
509.416,1.2341,2.3989,2.3989,0.0004,0.0,0.0,0.0,0.0
509.474,1.2341,2.399,2.3989,0.0004,0.0,0.0,0.0,0.0
509.518,1.234,2.3989,2.3989,-0.0013,0.0,-0.0,0.0,0.0
509.567,1.2341,2.399,2.3989,0.0012,0.0,0.0,0.0,0.0
509.627,1.2341,2.399,2.3989,0.0005,0.0,0.0,0.0,0.0
509.666,1.2341,2.3989,2.3989,-0.0013,0.0,-0.0,0.0,0.0
509.725,1.2341,2.3989,2.3989,0.0004,0.0,0.0,0.0,0.0
509.773,1.2341,2.3989,2.3989,-0.0005,0.0,-0.0,0.0,0.0
509.817,1.234,2.3989,2.3989,-0.0014,0.0,-0.0,0.0,0.0
509.875,1.234,2.3989,2.3989,0.0006,0.0,-0.0,0.0,0.0
509.922,1.234,2.3989,2.3989,-0.0006,0.0,-0.0,0.0,0.0
509.967,1.234,2.3989,2.3989,0.0008,0.0,0.0,0.0,0.0
510.023,1.2341,2.3989,2.3989,0.0011,0.0,0.0,0.0,0.0
510.072,1.234,2.3989,2.3989,-0.0013,0.0,-0.0,0.0,0.0
510.117,1.2341,2.3989,2.3989,0.0008,0.0,0.0,0.0,0.0
510.165,1.2341,2.3989,2.3989,-0.0,0.0,0.0,0.0,0.0
510.222,1.234,2.3989,2.3989,-0.0005,0.0,-0.0,0.0,0.0
510.266,1.234,2.3989,2.3989,0.0,0.0,-0.0,0.0,0.0
510.324,1.2341,2.399,2.3989,0.0022,0.0,0.0,0.0,0.0
510.37,1.2341,2.399,2.3989,-0.0004,0.0,0.0,0.0,0.0
510.416,1.234,2.3989,2.3989,-0.0018,0.0,-0.0,0.0,0.0
510.474,1.234,2.3989,2.3989,0.0001,0.0,-0.0,0.0,0.0
510.523,1.2341,2.3989,2.3989,0.0002,0.0,-0.0,0.0,0.0
510.567,1.2341,2.3989,2.3989,0.0002,0.0,0.0,0.0,0.0
510.625,1.234,2.3989,2.3989,-0.0004,0.0,-0.0,0.0,0.0
510.668,1.2341,2.3989,2.3989,0.0009,0.0,0.0,0.0,0.0
510.717,1.2341,2.399,2.3989,0.0007,0.0,0.0,0.0,0.0
510.775,1.2341,2.3989,2.3989,-0.0007,0.0,-0.0,0.0,0.0
510.82,1.2341,2.3989,2.3989,0.0005,0.0,0.0,0.0,0.0
510.87,1.234,2.3989,2.3989,-0.0009,0.0,-0.0,0.0,0.0
510.925,1.2341,2.3989,2.3989,0.0003,0.0,-0.0,0.0,0.0
510.969,1.2341,2.3989,2.3989,0.0002,0.0,0.0,0.0,0.0
511.017,1.2341,2.3989,2.3989,0.0002,0.0,0.0,0.0,0.0
511.076,1.234,2.3989,2.3989,-0.0011,0.0,-0.0,0.0,0.0
511.119,1.2341,2.3989,2.3989,0.0015,0.0,0.0,0.0,0.0
511.167,1.2341,2.399,2.3989,0.0005,0.0,0.0,0.0,0.0
511.227,1.234,2.3989,2.3989,-0.001,0.0,-0.0,0.0,0.0
511.267,1.234,2.3989,2.3989,0.0002,0.0,-0.0,0.0,0.0
511.324,1.234,2.3989,2.3989,-0.0003,0.0,-0.0,0.0,0.0
511.371,1.2341,2.3989,2.3989,0.0007,0.0,0.0,0.0,0.0
511.415,1.2341,2.3989,2.3989,0.0,0.0,0.0,0.0,0.0
511.466,1.2341,2.3989,2.3989,-0.0003,0.0,-0.0,0.0,0.0
511.522,1.234,2.3989,2.3989,-0.0011,0.0,-0.0,0.0,0.0
511.567,1.2341,2.3989,2.3989,0.0021,0.0,0.0,0.0,0.0
511.625,1.2341,2.3989,2.3989,-0.0001,0.0,0.0,0.0,0.0
511.672,1.234,2.3989,2.3989,-0.0012,0.0,-0.0,0.0,0.0
511.716,1.2341,2.399,2.3989,0.0019,0.0,0.0,0.0,0.0
511.767,1.2341,2.3989,2.3989,-0.0002,0.0,0.0,0.0,0.0
511.827,1.2341,2.3989,2.3989,-0.0002,0.0,0.0,0.0,0.0
511.867,1.234,2.3989,2.3989,-0.0007,0.0,-0.0,0.0,0.0
511.926,1.2341,2.3989,2.3989,0.0005,0.0,0.0,0.0,0.0
511.973,1.2341,2.3989,2.3989,-0.0,0.0,0.0,0.0,0.0
512.017,1.234,2.3989,2.3989,-0.0008,0.0,-0.0,0.0,0.0
512.069,1.2341,2.3989,2.3989,0.0011,0.0,0.0,0.0,0.0
512.124,1.2341,2.3989,2.3989,-0.0006,0.0,-0.0,0.0,0.0
512.168,1.234,2.3989,2.3989,-0.0011,0.0,-0.0,0.0,0.0
512.216,1.234,2.3989,2.3989,0.0006,0.0,-0.0,0.0,0.0
512.274,1.2341,2.3989,2.3989,0.0008,0.0,0.0,0.0,0.0
512.319,1.2341,2.3989,2.3989,-0.0005,0.0,-0.0,0.0,0.0
512.366,1.234,2.3989,2.3989,-0.001,0.0,-0.0,0.0,0.0
512.426,1.2341,2.3989,2.3989,0.0012,0.0,0.0,0.0,0.0
512.469,1.2341,2.399,2.3989,0.0006,0.0,0.0,0.0,0.0
512.517,1.2341,2.3989,2.3989,-0.0009,0.0,-0.0,0.0,0.0
512.576,1.2341,2.399,2.3989,0.0006,0.0,0.0,0.0,0.0
512.621,1.2341,2.399,2.3989,0.0008,0.0,0.0,0.0,0.0
512.667,1.234,2.3989,2.3989,-0.0026,0.0,-0.0,0.0,0.0
512.724,1.2341,2.3989,2.3989,0.0012,0.0,0.0,0.0,0.0
512.77,1.2341,2.3989,2.3989,-0.0001,0.0,0.0,0.0,0.0
512.816,1.2341,2.3989,2.3989,-0.0004,0.0,-0.0,0.0,0.0
512.874,1.2341,2.3989,2.3989,0.0005,0.0,0.0,0.0,0.0
512.921,1.2341,2.399,2.3989,0.001,0.0,0.0,0.0,0.0
512.966,1.2341,2.399,2.3989,0.0002,0.0,0.0,0.0,0.0
513.024,1.234,2.3989,2.3989,-0.0026,0.0,-0.0,0.0,0.0
513.07,1.234,2.3989,2.3989,0.0005,0.0,-0.0,0.0,0.0
513.127,1.234,2.3989,2.3989,-0.0001,0.0,-0.0,0.0,0.0
513.175,1.2341,2.3989,2.3989,0.0008,0.0,0.0,0.0,0.0
513.218,1.2341,2.3989,2.3989,-0.0004,0.0,-0.0,0.0,0.0
513.267,1.234,2.3988,2.3989,-0.0015,0.0,-0.0,0.0,0.0
513.324,1.2341,2.399,2.3989,0.0023,0.0,0.0,0.0,0.0
513.366,1.234,2.3989,2.3989,-0.0017,0.0,-0.0,0.0,0.0
513.428,1.234,2.3989,2.3989,-0.0006,0.0,-0.0,0.0,0.0
513.47,1.234,2.3989,2.3989,-0.0001,0.0,-0.0,0.0,0.0
513.518,1.2341,2.3989,2.3989,0.0017,0.0,0.0,0.0,0.0
513.566,1.2341,2.3989,2.3989,-0.0002,0.0,0.0,0.0,0.0
513.624,1.234,2.3989,2.3989,-0.0008,0.0,-0.0,0.0,0.0
513.666,1.234,2.3989,2.3989,0.0004,0.0,0.0,0.0,0.0
513.724,1.2341,2.3989,2.3989,0.0004,0.0,0.0,0.0,0.0
513.772,1.2341,2.3989,2.3989,-0.0,0.0,0.0,0.0,0.0
513.817,1.2341,2.399,2.3989,0.0014,0.0,0.0,0.0,0.0
513.878,1.2341,2.399,2.3989,-0.0004,0.0,0.0,0.0,0.0
513.923,1.2341,2.3989,2.3989,-0.0002,0.0,0.0,0.0,0.0
513.966,1.2341,2.3989,2.3989,-0.0002,0.0,-0.0,0.0,0.0
514.025,1.2341,2.3989,2.3989,0.0002,0.0,0.0,0.0,0.0
514.07,1.2341,2.3989,2.3989,-0.0004,0.0,-0.0,0.0,0.0
514.119,1.2341,2.3989,2.3989,0.0004,0.0,0.0,0.0,0.0
514.175,1.2341,2.399,2.3989,0.0007,0.0,0.0,0.0,0.0
514.221,1.2341,2.3989,2.3989,-0.0009,0.0,-0.0,0.0,0.0
514.265,1.2341,2.399,2.3989,0.0018,0.0,0.0,0.0,0.0
514.326,1.2341,2.3989,2.3989,-0.0013,0.0,-0.0,0.0,0.0
514.369,1.2341,2.399,2.3989,0.0006,0.0,0.0,0.0,0.0
514.416,1.2341,2.399,2.399,0.0007,0.0,0.0,0.0,0.0
514.473,1.2341,2.399,2.399,-0.0009,0.0,-0.0,0.0,0.0
514.52,1.2341,2.3989,2.399,-0.0007,0.0,-0.0,0.0,0.0
514.566,1.234,2.3989,2.3989,-0.0003,0.0,-0.0,0.0,0.0
514.629,1.2341,2.3989,2.3989,0.0001,0.0,-0.0,0.0,0.0
514.666,1.234,2.3989,2.3989,-0.0002,0.0,-0.0,0.0,0.0
514.725,1.234,2.3989,2.3989,-0.0004,0.0,-0.0,0.0,0.0
514.773,1.2341,2.399,2.3989,0.0016,0.0,0.0,0.0,0.0
514.817,1.2341,2.399,2.3989,-0.0003,0.0,0.0,0.0,0.0
514.867,1.234,2.3989,2.3989,-0.0013,0.0,-0.0,0.0,0.0
514.922,1.2341,2.3989,2.3989,0.0007,0.0,0.0,0.0,0.0
514.966,1.2341,2.399,2.3989,0.0008,0.0,0.0,0.0,0.0
515.023,1.2341,2.399,2.3989,0.0001,0.0,0.0,0.0,0.0
515.067,1.2341,2.3989,2.3989,-0.0013,0.0,-0.0,0.0,0.0
515.115,1.2341,2.399,2.3989,0.0013,0.0,0.0,0.0,0.0
515.175,1.2341,2.399,2.399,0.0005,0.0,0.0,0.0,0.0
515.218,1.234,2.3989,2.3989,-0.003,0.0,-0.0,0.0,0.0
515.267,1.234,2.3989,2.3989,0.0007,0.0,-0.0,0.0,0.0
515.327,1.2341,2.399,2.3989,0.0013,0.0,0.0,0.0,0.0
515.368,1.2341,2.3989,2.3989,-0.0012,0.0,-0.0,0.0,0.0
515.416,1.2341,2.3989,2.3989,0.0002,0.0,-0.0,0.0,0.0
515.475,1.234,2.3989,2.3989,-0.0007,0.0,-0.0,0.0,0.0
515.521,1.2341,2.399,2.3989,0.0014,0.0,0.0,0.0,0.0
515.568,1.2341,2.3989,2.3989,-0.001,0.0,-0.0,0.0,0.0
515.623,1.2341,2.3989,2.3989,0.0001,0.0,-0.0,0.0,0.0
515.67,1.2341,2.399,2.3989,0.0016,0.0,0.0,0.0,0.0
515.716,1.234,2.3989,2.3989,-0.0023,0.0,-0.0,0.0,0.0
515.773,1.234,2.3989,2.3989,-0.0,0.0,-0.0,0.0,0.0
515.822,1.2341,2.399,2.3989,0.0014,0.0,0.0,0.0,0.0
515.866,1.2341,2.3989,2.3989,-0.0014,0.0,-0.0,0.0,0.0
515.925,1.234,2.3989,2.3989,-0.0002,0.0,-0.0,0.0,0.0
515.97,1.2341,2.3989,2.3989,0.0008,0.0,0.0,0.0,0.0
516.018,1.2341,2.3989,2.3989,-0.0001,0.0,0.0,0.0,0.0
516.075,1.2341,2.3989,2.3989,-0.0005,0.0,-0.0,0.0,0.0
516.121,1.2341,2.3989,2.3989,0.0003,0.0,0.0,0.0,0.0
516.168,1.2341,2.399,2.3989,0.0005,0.0,0.0,0.0,0.0
516.225,1.2341,2.399,2.3989,-0.0001,0.0,0.0,0.0,0.0
516.271,1.234,2.3989,2.3989,-0.0012,0.0,-0.0,0.0,0.0
516.316,1.2341,2.399,2.3989,0.0015,0.0,0.0,0.0,0.0
516.366,1.2341,2.3989,2.3989,-0.0002,0.0,0.0,0.0,0.0
516.422,1.234,2.3989,2.3989,-0.0009,0.0,-0.0,0.0,0.0
516.466,1.2341,2.3989,2.3989,0.0005,0.0,0.0,0.0,0.0
516.526,1.2341,2.3989,2.3989,0.0006,0.0,0.0,0.0,0.0
516.572,1.2341,2.3989,2.3989,-0.0001,0.0,0.0,0.0,0.0
516.618,1.234,2.3989,2.3989,-0.0009,0.0,-0.0,0.0,0.0
516.677,1.2341,2.399,2.3989,0.0011,0.0,0.0,0.0,0.0
516.72,1.2341,2.399,2.3989,0.0003,0.0,0.0,0.0,0.0
516.766,1.2341,2.3989,2.3989,-0.0013,0.0,-0.0,0.0,0.0
516.826,1.234,2.3989,2.3989,-0.0005,0.0,-0.0,0.0,0.0
516.871,1.2341,2.399,2.3989,0.0014,0.0,0.0,0.0,0.0
516.917,1.234,2.3989,2.3989,-0.0017,0.0,-0.0,0.0,0.0
516.976,1.234,2.3989,2.3989,-0.0007,0.0,-0.0,0.0,0.0
517.021,1.2341,2.3989,2.3989,0.0013,0.0,0.0,0.0,0.0
517.068,1.2341,2.399,2.3989,0.0008,0.0,0.0,0.0,0.0
517.129,1.2341,2.3989,2.3989,-0.001,0.0,-0.0,0.0,0.0
517.17,1.2341,2.3989,2.3989,0.0003,0.0,0.0,0.0,0.0
517.225,1.2341,2.399,2.3989,0.0008,0.0,0.0,0.0,0.0
517.274,1.2341,2.399,2.3989,0.0006,0.0,0.0,0.0,0.0
517.317,1.2341,2.3989,2.3989,-0.0019,0.0,-0.0,0.0,0.0
517.366,1.234,2.3989,2.3989,-0.0007,0.0,-0.0,0.0,0.0
517.424,1.2341,2.399,2.3989,0.0014,0.0,0.0,0.0,0.0
517.466,1.2341,2.3989,2.3989,-0.0002,0.0,0.0,0.0,0.0
517.525,1.234,2.3989,2.3989,-0.0014,0.0,-0.0,0.0,0.0
517.573,1.2341,2.399,2.3989,0.0018,0.0,0.0,0.0,0.0
517.616,1.2341,2.3989,2.3989,-0.001,0.0,-0.0,0.0,0.0
517.667,1.2341,2.3989,2.3989,-0.0006,0.0,-0.0,0.0,0.0
517.725,1.234,2.3989,2.3989,-0.0002,0.0,-0.0,0.0,0.0
517.767,1.2341,2.3989,2.3989,0.001,0.0,0.0,0.0,0.0
517.826,1.2341,2.3989,2.3989,0.0,0.0,0.0,0.0,0.0
517.866,1.2341,2.3989,2.3989,-0.0003,0.0,-0.0,0.0,0.0
517.926,1.2341,2.3989,2.3989,0.0002,0.0,0.0,0.0,0.0
517.972,1.2341,2.399,2.3989,0.0004,0.0,0.0,0.0,0.0
518.018,1.2341,2.399,2.3989,0.0004,0.0,0.0,0.0,0.0
518.073,1.2341,2.399,2.3989,-0.0006,0.0,-0.0,0.0,0.0
518.12,1.2341,2.3989,2.3989,-0.0007,0.0,-0.0,0.0,0.0
518.166,1.2341,2.3989,2.3989,0.0001,0.0,-0.0,0.0,0.0
518.226,1.2341,2.399,2.3989,0.0007,0.0,0.0,0.0,0.0
518.268,1.2341,2.3989,2.3989,-0.0013,0.0,-0.0,0.0,0.0
518.325,1.2341,2.3989,2.3989,0.0006,0.0,0.0,0.0,0.0
518.372,1.2341,2.3989,2.3989,-0.0005,0.0,-0.0,0.0,0.0
518.416,1.2341,2.3989,2.3989,0.0001,0.0,-0.0,0.0,0.0
518.474,1.2341,2.399,2.3989,0.0007,0.0,0.0,0.0,0.0
518.52,1.234,2.3988,2.3989,-0.0021,0.0,-0.0,0.0,0.0
518.567,1.234,2.3989,2.3989,0.0011,0.0,0.0,0.0,0.0
518.625,1.2341,2.399,2.3989,0.0012,0.0,0.0,0.0,0.0
518.669,1.2341,2.3989,2.3989,-0.0009,0.0,-0.0,0.0,0.0
518.726,1.2341,2.399,2.3989,0.0006,0.0,0.0,0.0,0.0
518.773,1.2341,2.3989,2.3989,-0.0003,0.0,0.0,0.0,0.0
518.821,1.2341,2.3989,2.3989,-0.0003,0.0,-0.0,0.0,0.0
518.868,1.234,2.3989,2.3989,-0.0006,0.0,-0.0,0.0,0.0
518.924,1.2341,2.3989,2.3989,0.0003,0.0,-0.0,0.0,0.0
518.968,1.2341,2.3989,2.3989,0.0004,0.0,0.0,0.0,0.0
519.016,1.2341,2.3989,2.3989,0.0001,0.0,0.0,0.0,0.0
519.074,1.234,2.3989,2.3989,-0.0011,0.0,-0.0,0.0,0.0
519.118,1.2341,2.3989,2.3989,0.0012,0.0,0.0,0.0,0.0
519.166,1.2341,2.3989,2.3989,0.0003,0.0,0.0,0.0,0.0
519.225,1.2341,2.399,2.3989,0.0005,0.0,0.0,0.0,0.0
519.269,1.2341,2.3989,2.3989,-0.0005,0.0,0.0,0.0,0.0
519.317,1.2341,2.399,2.3989,0.0002,0.0,0.0,0.0,0.0
519.375,1.2341,2.3989,2.3989,-0.0003,0.0,-0.0,0.0,0.0
519.419,1.2341,2.3989,2.3989,0.0003,0.0,0.0,0.0,0.0
519.467,1.2341,2.399,2.3989,0.0006,0.0,0.0,0.0,0.0
519.523,1.2341,2.3989,2.3989,-0.0011,0.0,-0.0,0.0,0.0
519.569,1.2341,2.3989,2.3989,0.0002,0.0,-0.0,0.0,0.0
519.616,1.2341,2.399,2.3989,0.0008,0.0,0.0,0.0,0.0
519.673,1.2341,2.3989,2.3989,-0.0011,0.0,-0.0,0.0,0.0
519.72,1.234,2.3989,2.3989,-0.0002,0.0,-0.0,0.0,0.0
519.768,1.2341,2.3989,2.3989,0.0009,0.0,0.0,0.0,0.0
519.825,1.2341,2.399,2.3989,0.0005,0.0,0.0,0.0,0.0
519.87,1.2341,2.3989,2.3989,-0.0011,0.0,-0.0,0.0,0.0
519.916,1.2341,2.3989,2.3989,0.0007,0.0,0.0,0.0,0.0
519.974,1.2341,2.399,2.3989,0.0002,0.0,0.0,0.0,0.0
520.022,1.2341,2.3989,2.3989,-0.0006,0.0,-0.0,0.0,0.0
520.067,1.2341,2.3989,2.3989,-0.0002,0.0,-0.0,0.0,0.0
520.126,1.2341,2.3989,2.3989,0.0001,0.0,-0.0,0.0,0.0
520.17,1.234,2.3989,2.3989,-0.0003,0.0,-0.0,0.0,0.0
520.217,1.2341,2.3989,2.3989,0.0001,0.0,-0.0,0.0,0.0
520.276,1.234,2.3989,2.3989,-0.0002,0.0,-0.0,0.0,0.0
520.323,1.2341,2.3989,2.3989,0.0007,0.0,0.0,0.0,0.0
520.366,1.2341,2.399,2.3989,0.0004,0.0,0.0,0.0,0.0
520.425,1.2341,2.3989,2.3989,-0.0008,0.0,-0.0,0.0,0.0
520.471,1.2341,2.399,2.3989,0.0009,0.0,0.0,0.0,0.0
520.516,1.2341,2.3989,2.3989,-0.0007,0.0,-0.0,0.0,0.0
520.567,1.234,2.3989,2.3989,-0.0006,0.0,-0.0,0.0,0.0
520.623,1.2341,2.3989,2.3989,0.0004,0.0,-0.0,0.0,0.0
520.666,1.2341,2.399,2.3989,0.0009,0.0,0.0,0.0,0.0
520.727,1.2341,2.399,2.3989,-0.0,0.0,0.0,0.0,0.0
520.772,1.2341,2.3989,2.3989,-0.0007,0.0,-0.0,0.0,0.0
520.817,1.2341,2.3989,2.3989,0.0001,0.0,-0.0,0.0,0.0
520.875,1.2341,2.3989,2.3989,0.0004,0.0,0.0,0.0,0.0
520.921,1.2341,2.3989,2.3989,-0.0005,0.0,-0.0,0.0,0.0
520.968,1.2341,2.3989,2.3989,0.0,0.0,-0.0,0.0,0.0
521.024,1.2341,2.3989,2.3989,-0.0001,0.0,-0.0,0.0,0.0
521.071,1.2341,2.399,2.3989,0.0015,0.0,0.0,0.0,0.0
521.117,1.2341,2.399,2.3989,-0.0009,0.0,-0.0,0.0,0.0
521.166,1.2341,2.3989,2.3989,-0.0004,0.0,-0.0,0.0,0.0
521.224,1.2341,2.399,2.3989,0.0007,0.0,0.0,0.0,0.0
521.266,1.2341,2.399,2.3989,-0.0002,0.0,0.0,0.0,0.0
521.324,1.234,2.3989,2.3989,-0.002,0.0,-0.0,0.0,0.0
521.373,1.2341,2.3989,2.3989,0.0013,0.0,0.0,0.0,0.0
521.419,1.234,2.3989,2.3989,-0.0011,0.0,-0.0,0.0,0.0
521.467,1.2341,2.3989,2.3989,0.0013,0.0,0.0,0.0,0.0
521.525,1.2341,2.3989,2.3989,-0.0001,0.0,0.0,0.0,0.0
521.567,1.2341,2.399,2.3989,0.0008,0.0,0.0,0.0,0.0
521.625,1.2341,2.3989,2.3989,-0.0011,0.0,-0.0,0.0,0.0
521.671,1.2341,2.3989,2.3989,0.0002,0.0,-0.0,0.0,0.0
521.717,1.2341,2.399,2.3989,0.0011,0.0,0.0,0.0,0.0
521.775,1.2341,2.3989,2.3989,-0.0009,0.0,-0.0,0.0,0.0
521.823,1.2341,2.3989,2.3989,0.0001,0.0,-0.0,0.0,0.0
521.868,1.2341,2.3989,2.3989,-0.0002,0.0,-0.0,0.0,0.0
521.926,1.2341,2.3989,2.3989,0.0003,0.0,0.0,0.0,0.0
521.971,1.2341,2.399,2.3989,0.0003,0.0,0.0,0.0,0.0
522.017,1.234,2.3989,2.3989,-0.0015,0.0,-0.0,0.0,0.0
522.076,1.234,2.3989,2.3989,-0.0003,0.0,-0.0,0.0,0.0
522.121,1.234,2.3989,2.3989,0.0003,0.0,-0.0,0.0,0.0
522.167,1.2341,2.399,2.3989,0.0015,0.0,0.0,0.0,0.0
522.228,1.2341,2.399,2.3989,-0.0003,0.0,0.0,0.0,0.0
522.271,1.2341,2.3989,2.3989,-0.0005,0.0,-0.0,0.0,0.0
522.317,1.2341,2.3989,2.3989,0.0001,0.0,-0.0,0.0,0.0
522.365,1.2341,2.3989,2.3989,-0.0003,0.0,-0.0,0.0,0.0
522.422,1.2341,2.3989,2.3989,0.0001,0.0,-0.0,0.0,0.0
522.466,1.2341,2.3989,2.3989,0.0005,0.0,0.0,0.0,0.0
522.526,1.2341,2.3989,2.3989,0.0001,0.0,0.0,0.0,0.0
522.571,1.2341,2.399,2.3989,0.0009,0.0,0.0,0.0,0.0
522.619,1.2341,2.3989,2.3989,-0.0013,0.0,-0.0,0.0,0.0
522.676,1.2341,2.399,2.3989,0.0007,0.0,0.0,0.0,0.0
522.721,1.234,2.3989,2.3989,-0.0013,0.0,-0.0,0.0,0.0
522.767,1.2341,2.3989,2.3989,0.0003,0.0,-0.0,0.0,0.0
522.826,1.2341,2.3989,2.3989,0.0005,0.0,0.0,0.0,0.0
522.872,1.2341,2.399,2.3989,0.0003,0.0,0.0,0.0,0.0
522.918,1.234,2.3989,2.3989,-0.0011,0.0,-0.0,0.0,0.0
522.975,1.2341,2.399,2.3989,0.0009,0.0,0.0,0.0,0.0
523.021,1.2341,2.399,2.3989,0.0006,0.0,0.0,0.0,0.0
523.067,1.2341,2.399,2.3989,0.0,0.0,0.0,0.0,0.0
523.126,1.2341,2.3989,2.3989,-0.0007,0.0,-0.0,0.0,0.0
523.172,1.2341,2.399,2.399,0.0008,0.0,0.0,0.0,0.0
523.217,1.2341,2.399,2.399,0.0,0.0,0.0,0.0,0.0
523.276,1.2341,2.399,2.399,-0.0004,0.0,-0.0,0.0,0.0
523.322,1.2341,2.3989,2.399,-0.0009,0.0,-0.0,0.0,0.0
523.368,1.2341,2.399,2.399,0.001,0.0,0.0,0.0,0.0
523.427,1.2341,2.3989,2.399,-0.0006,0.0,-0.0,0.0,0.0
523.47,1.2341,2.399,2.399,0.0002,0.0,0.0,0.0,0.0
523.517,1.2341,2.399,2.399,0.0009,0.0,0.0,0.0,0.0
523.576,1.2341,2.3989,2.399,-0.0014,0.0,-0.0,0.0,0.0
523.623,1.234,2.3989,2.3989,-0.0004,0.0,-0.0,0.0,0.0
523.667,1.2341,2.3989,2.3989,0.001,0.0,0.0,0.0,0.0
523.726,1.2341,2.399,2.3989,0.0005,0.0,0.0,0.0,0.0
523.771,1.2341,2.399,2.3989,-0.0003,0.0,0.0,0.0,0.0
523.818,1.2341,2.3989,2.3989,-0.0003,0.0,-0.0,0.0,0.0
523.877,1.2341,2.399,2.399,0.0009,0.0,0.0,0.0,0.0
523.921,1.2341,2.3989,2.3989,-0.0012,0.0,-0.0,0.0,0.0
523.967,1.234,2.3989,2.3989,-0.001,0.0,-0.0,0.0,0.0
524.026,1.2341,2.3989,2.3989,0.0008,0.0,-0.0,0.0,0.0
524.072,1.2341,2.399,2.3989,0.0008,0.0,0.0,0.0,0.0
524.118,1.2341,2.3989,2.3989,-0.0002,0.0,0.0,0.0,0.0
524.173,1.2341,2.3989,2.3989,-0.0005,0.0,-0.0,0.0,0.0
524.219,1.234,2.3989,2.3989,-0.0008,0.0,-0.0,0.0,0.0
524.266,1.234,2.3989,2.3989,0.0003,0.0,-0.0,0.0,0.0
524.324,1.2341,2.3989,2.3989,0.0006,0.0,0.0,0.0,0.0
524.37,1.2341,2.399,2.3989,0.0009,0.0,0.0,0.0,0.0
524.417,1.2341,2.3989,2.3989,-0.0006,0.0,0.0,0.0,0.0
524.474,1.234,2.3989,2.3989,-0.0007,0.0,-0.0,0.0,0.0
524.517,1.2342,2.399,2.3989,0.0027,0.0,0.0,0.0,0.0
524.566,1.2341,2.399,2.3989,-0.0013,0.0,0.0,0.0,0.0
524.626,1.234,2.3989,2.3989,-0.0009,0.0,-0.0,0.0,0.0
524.668,1.234,2.3989,2.3989,-0.0008,0.0,-0.0,0.0,0.0
524.717,1.2341,2.3989,2.3989,0.0011,0.0,0.0,0.0,0.0
524.774,1.2341,2.3989,2.3989,0.0004,0.0,0.0,0.0,0.0
524.817,1.2341,2.399,2.3989,0.0003,0.0,0.0,0.0,0.0
524.866,1.2341,2.399,2.3989,0.0001,0.0,0.0,0.0,0.0
524.925,1.2341,2.399,2.3989,0.0005,0.0,0.0,0.0,0.0
524.966,1.2341,2.399,2.3989,-0.0009,0.0,-0.0,0.0,0.0
525.025,1.234,2.3989,2.3989,-0.0012,0.0,-0.0,0.0,0.0
525.072,1.2341,2.399,2.3989,0.0012,0.0,0.0,0.0,0.0
525.117,1.2342,2.399,2.399,0.0016,0.0,0.0,0.0,0.0
525.175,1.2341,2.399,2.399,-0.0013,0.0,-0.0,0.0,0.0
525.221,1.2341,2.399,2.399,-0.0001,0.0,-0.0,0.0,0.0
525.267,1.2341,2.399,2.399,0.0001,0.0,-0.0,0.0,0.0
525.326,1.2341,2.399,2.399,0.0001,0.0,0.0,0.0,0.0
525.371,1.2341,2.3989,2.3989,-0.0009,0.0,-0.0,0.0,0.0
525.419,1.234,2.3989,2.3989,-0.0001,0.0,-0.0,0.0,0.0
525.475,1.2341,2.399,2.3989,0.0014,0.0,0.0,0.0,0.0
525.522,1.2341,2.3989,2.3989,-0.0009,0.0,-0.0,0.0,0.0
525.567,1.2341,2.3989,2.3989,0.0005,0.0,0.0,0.0,0.0
525.626,1.2341,2.3989,2.3989,-0.0005,0.0,-0.0,0.0,0.0
525.668,1.2341,2.3989,2.3989,0.0006,0.0,0.0,0.0,0.0
525.718,1.2341,2.3989,2.3989,-0.0002,0.0,-0.0,0.0,0.0
525.773,1.2341,2.399,2.3989,0.0004,0.0,0.0,0.0,0.0
525.822,1.2341,2.3989,2.3989,-0.0006,0.0,-0.0,0.0,0.0
525.866,1.2341,2.3989,2.3989,0.0002,0.0,-0.0,0.0,0.0
525.925,1.2341,2.3989,2.3989,0.0001,0.0,0.0,0.0,0.0
525.968,1.2341,2.3989,2.3989,0.0003,0.0,0.0,0.0,0.0
526.016,1.2341,2.3989,2.3989,-0.0004,0.0,-0.0,0.0,0.0
526.072,1.234,2.3989,2.3989,-0.0006,0.0,-0.0,0.0,0.0
526.116,1.2341,2.3989,2.3989,0.0005,0.0,0.0,0.0,0.0
526.174,1.2341,2.3989,2.3989,0.0001,0.0,0.0,0.0,0.0
526.22,1.2341,2.399,2.3989,0.0005,0.0,0.0,0.0,0.0
526.266,1.234,2.3989,2.3989,-0.0016,0.0,-0.0,0.0,0.0
526.325,1.2341,2.3989,2.3989,0.0007,0.0,0.0,0.0,0.0
526.371,1.2341,2.3989,2.3989,0.0003,0.0,0.0,0.0,0.0
526.417,1.234,2.3989,2.3989,-0.0012,0.0,-0.0,0.0,0.0
526.475,1.234,2.3989,2.3989,0.0003,0.0,-0.0,0.0,0.0
526.525,1.234,2.3989,2.3989,-0.0005,0.0,-0.0,0.0,0.0
526.567,1.2341,2.3989,2.3989,0.0016,0.0,0.0,0.0,0.0
526.623,1.2341,2.3989,2.3989,-0.0004,0.0,0.0,0.0,0.0
526.672,1.2341,2.3989,2.3989,0.0002,0.0,0.0,0.0,0.0
526.716,1.2341,2.3989,2.3989,0.0003,0.0,0.0,0.0,0.0
526.767,1.2341,2.3989,2.3989,-0.0003,0.0,0.0,0.0,0.0
526.822,1.2341,2.3989,2.3989,-0.0003,0.0,-0.0,0.0,0.0
526.864,1.2341,2.399,2.3989,0.0013,0.0,0.0,0.0,0.0
526.924,1.2341,2.3989,2.3989,-0.0008,0.0,-0.0,0.0,0.0
526.974,1.2341,2.3989,2.3989,-0.0002,0.0,-0.0,0.0,0.0
527.018,1.2341,2.399,2.3989,0.0021,0.0,0.0,0.0,0.0
527.066,1.2341,2.399,2.3989,-0.0006,0.0,0.0,0.0,0.0
527.123,1.2341,2.399,2.3989,-0.0003,0.0,-0.0,0.0,0.0
527.167,1.2341,2.3989,2.3989,-0.0002,0.0,-0.0,0.0,0.0
527.227,1.2341,2.399,2.3989,0.0002,0.0,0.0,0.0,0.0
527.274,1.234,2.3989,2.3989,-0.0009,0.0,-0.0,0.0,0.0
527.32,1.234,2.3989,2.3989,-0.0005,0.0,-0.0,0.0,0.0
527.366,1.2341,2.399,2.3989,0.0015,0.0,0.0,0.0,0.0
527.425,1.2341,2.3989,2.3989,-0.0006,0.0,-0.0,0.0,0.0
527.468,1.234,2.3988,2.3989,-0.002,0.0,-0.0,0.0,0.0
527.517,1.234,2.3989,2.3989,0.0013,0.0,0.0,0.0,0.0
527.574,1.2341,2.3989,2.3989,0.0003,0.0,0.0,0.0,0.0
527.619,1.234,2.3988,2.3989,-0.0016,0.0,-0.0,0.0,0.0
527.667,1.234,2.3989,2.3989,0.0012,0.0,0.0,0.0,0.0
527.725,1.2341,2.399,2.3989,0.0012,0.0,0.0,0.0,0.0
527.768,1.2341,2.3989,2.3989,-0.0012,0.0,-0.0,0.0,0.0
527.819,1.234,2.3989,2.3989,-0.001,0.0,-0.0,0.0,0.0
527.875,1.2341,2.3989,2.3989,0.0006,0.0,-0.0,0.0,0.0
527.919,1.234,2.3989,2.3989,-0.0005,0.0,-0.0,0.0,0.0
527.967,1.234,2.3989,2.3989,0.0003,0.0,0.0,0.0,0.0
528.027,1.2341,2.3989,2.3989,0.0001,0.0,0.0,0.0,0.0
528.068,1.2341,2.3989,2.3989,0.0008,0.0,0.0,0.0,0.0
528.117,1.2341,2.399,2.3989,0.0002,0.0,0.0,0.0,0.0
528.175,1.2341,2.3989,2.3989,-0.0003,0.0,0.0,0.0,0.0
528.219,1.234,2.3988,2.3989,-0.0021,0.0,-0.0,0.0,0.0
528.267,1.2341,2.3989,2.3989,0.0015,0.0,0.0,0.0,0.0
528.327,1.2341,2.399,2.3989,0.0006,0.0,0.0,0.0,0.0
528.367,1.2341,2.3989,2.3989,-0.0009,0.0,-0.0,0.0,0.0
528.426,1.2341,2.3989,2.3989,0.0004,0.0,0.0,0.0,0.0
528.474,1.234,2.3989,2.3989,-0.0014,0.0,-0.0,0.0,0.0
528.52,1.234,2.3989,2.3989,-0.0,0.0,-0.0,0.0,0.0
528.566,1.234,2.3989,2.3989,-0.0001,0.0,-0.0,0.0,0.0
528.625,1.2341,2.399,2.3989,0.0016,0.0,0.0,0.0,0.0
528.668,1.2341,2.3989,2.3989,-0.0006,0.0,0.0,0.0,0.0
528.717,1.2341,2.3989,2.3989,-0.0001,0.0,0.0,0.0,0.0
528.774,1.234,2.3989,2.3989,-0.0009,0.0,-0.0,0.0,0.0
528.819,1.2341,2.3989,2.3989,0.0012,0.0,0.0,0.0,0.0
528.868,1.2341,2.3989,2.3989,0.0004,0.0,0.0,0.0,0.0
528.926,1.2341,2.3989,2.3989,-0.0001,0.0,0.0,0.0,0.0
528.969,1.2341,2.399,2.3989,0.0004,0.0,0.0,0.0,0.0
529.024,1.2341,2.3989,2.3989,-0.001,0.0,-0.0,0.0,0.0
529.073,1.234,2.3989,2.3989,-0.0006,0.0,-0.0,0.0,0.0
529.117,1.234,2.3989,2.3989,0.0004,0.0,-0.0,0.0,0.0
529.167,1.234,2.3989,2.3989,-0.0001,0.0,-0.0,0.0,0.0
529.225,1.234,2.3989,2.3989,-0.0005,0.0,-0.0,0.0,0.0
529.267,1.234,2.3989,2.3989,0.0003,0.0,-0.0,0.0,0.0
529.325,1.2341,2.3989,2.3989,0.0009,0.0,0.0,0.0,0.0
529.374,1.234,2.3989,2.3989,-0.0005,0.0,0.0,0.0,0.0
529.415,1.234,2.3989,2.3989,-0.0008,0.0,-0.0,0.0,0.0
529.476,1.234,2.3989,2.3989,0.0005,0.0,0.0,0.0,0.0
529.523,1.234,2.3989,2.3989,-0.0005,0.0,-0.0,0.0,0.0
529.566,1.234,2.3989,2.3989,0.0009,0.0,0.0,0.0,0.0
529.625,1.234,2.3988,2.3989,-0.0015,0.0,-0.0,0.0,0.0
529.67,1.234,2.3989,2.3989,0.0012,0.0,0.0,0.0,0.0
529.725,1.2341,2.3989,2.3989,0.0007,0.0,0.0,0.0,0.0
529.772,1.234,2.3989,2.3989,-0.0007,0.0,-0.0,0.0,0.0
529.818,1.234,2.3989,2.3989,-0.0001,0.0,-0.0,0.0,0.0
529.875,1.234,2.3989,2.3989,0.0002,0.0,0.0,0.0,0.0
529.922,1.2341,2.3989,2.3989,0.0006,0.0,0.0,0.0,0.0
529.967,1.234,2.3989,2.3989,-0.0009,0.0,-0.0,0.0,0.0
530.026,1.234,2.3989,2.3989,-0.0001,0.0,-0.0,0.0,0.0
530.071,1.2341,2.3989,2.3989,0.001,0.0,0.0,0.0,0.0
530.117,1.234,2.3989,2.3989,-0.0013,0.0,-0.0,0.0,0.0
530.166,1.234,2.3989,2.3989,0.0008,0.0,0.0,0.0,0.0
530.221,1.2341,2.3989,2.3989,0.0001,0.0,0.0,0.0,0.0
530.265,1.2341,2.3989,2.3989,0.0,0.0,0.0,0.0,0.0
530.324,1.2341,2.3989,2.3989,0.0003,0.0,0.0,0.0,0.0
530.371,1.234,2.3989,2.3989,-0.0005,0.0,-0.0,0.0,0.0
530.416,1.2341,2.3989,2.3989,0.0012,0.0,0.0,0.0,0.0
530.466,1.2341,2.3989,2.3989,-0.0008,0.0,-0.0,0.0,0.0
530.523,1.234,2.3989,2.3989,-0.0009,0.0,-0.0,0.0,0.0
530.567,1.234,2.3989,2.3989,0.0007,0.0,0.0,0.0,0.0
530.625,1.2341,2.3989,2.3989,0.0006,0.0,0.0,0.0,0.0
530.673,1.234,2.3989,2.3989,-0.0007,0.0,-0.0,0.0,0.0
530.717,1.234,2.3989,2.3989,0.0,0.0,-0.0,0.0,0.0
530.768,1.2341,2.3989,2.3989,0.0005,0.0,0.0,0.0,0.0
530.826,1.234,2.3989,2.3989,-0.0,0.0,0.0,0.0,0.0
530.867,1.234,2.3989,2.3989,-0.0008,0.0,-0.0,0.0,0.0
530.916,1.2341,2.3989,2.3989,0.001,0.0,0.0,0.0,0.0
530.974,1.2341,2.3989,2.3989,0.0005,0.0,0.0,0.0,0.0
531.022,1.234,2.3989,2.3989,-0.0011,0.0,-0.0,0.0,0.0
531.067,1.234,2.3989,2.3989,0.0001,0.0,-0.0,0.0,0.0
531.127,1.234,2.3989,2.3989,-0.0002,0.0,-0.0,0.0,0.0
531.168,1.234,2.3988,2.3989,-0.002,0.0,-0.0,0.0,0.0
531.217,1.234,2.3988,2.3989,0.0007,0.0,-0.0,0.0,0.0
531.275,1.234,2.3989,2.3989,0.0009,0.0,0.0,0.0,0.0
531.319,1.2341,2.3989,2.3989,0.0005,0.0,0.0,0.0,0.0
531.368,1.2341,2.3989,2.3989,0.0,0.0,0.0,0.0,0.0
531.427,1.234,2.3989,2.3989,-0.0006,0.0,-0.0,0.0,0.0
531.469,1.2341,2.3989,2.3989,0.0007,0.0,0.0,0.0,0.0
531.526,1.234,2.3989,2.3989,-0.0007,0.0,-0.0,0.0,0.0
531.575,1.2341,2.3989,2.3989,0.0006,0.0,0.0,0.0,0.0
531.618,1.2341,2.3989,2.3989,0.0008,0.0,0.0,0.0,0.0
531.665,1.2341,2.3989,2.3989,-0.0004,0.0,0.0,0.0,0.0
531.725,1.234,2.3989,2.3989,-0.0009,0.0,-0.0,0.0,0.0
531.766,1.234,2.3989,2.3989,-0.0003,0.0,-0.0,0.0,0.0
531.825,1.234,2.3989,2.3989,-0.0,0.0,-0.0,0.0,0.0
531.874,1.234,2.3989,2.3989,0.0006,0.0,0.0,0.0,0.0
531.918,1.234,2.3989,2.3989,-0.0003,0.0,-0.0,0.0,0.0
531.974,1.234,2.3988,2.3989,-0.0008,0.0,-0.0,0.0,0.0
532.017,1.2341,2.3989,2.3989,0.003,0.0,0.0,0.0,0.0
532.067,1.2341,2.3989,2.3989,-0.0002,0.0,0.0,0.0,0.0
532.123,1.2341,2.3989,2.3989,-0.0003,0.0,0.0,0.0,0.0
532.166,1.2341,2.3989,2.3989,-0.0002,0.0,0.0,0.0,0.0
532.225,1.234,2.3989,2.3989,-0.0011,0.0,-0.0,0.0,0.0
532.273,1.2341,2.3989,2.3989,0.0013,0.0,0.0,0.0,0.0
532.317,1.234,2.3989,2.3989,-0.0016,0.0,-0.0,0.0,0.0
532.366,1.2341,2.399,2.3989,0.0021,0.0,0.0,0.0,0.0
532.424,1.2341,2.3989,2.3989,-0.0008,0.0,-0.0,0.0,0.0
532.467,1.2341,2.3989,2.3989,0.0,0.0,0.0,0.0,0.0
532.516,1.234,2.3989,2.3989,-0.0014,0.0,-0.0,0.0,0.0
532.574,1.234,2.3988,2.3989,-0.0002,0.0,-0.0,0.0,0.0
532.62,1.234,2.3989,2.3989,0.0013,0.0,0.0,0.0,0.0
532.666,1.2341,2.3989,2.3989,0.0002,0.0,0.0,0.0,0.0
532.725,1.234,2.3989,2.3989,-0.0006,0.0,-0.0,0.0,0.0
532.768,1.2341,2.3989,2.3989,0.0012,0.0,0.0,0.0,0.0
532.816,1.2341,2.3989,2.3989,-0.0002,0.0,0.0,0.0,0.0
532.871,1.234,2.3989,2.3989,-0.0011,0.0,-0.0,0.0,0.0
532.917,1.2341,2.3989,2.3989,0.0013,0.0,0.0,0.0,0.0
532.966,1.234,2.3989,2.3989,-0.0003,0.0,0.0,0.0,0.0
533.023,1.2341,2.3989,2.3989,0.0007,0.0,0.0,0.0,0.0
533.067,1.2341,2.3989,2.3989,-0.0001,0.0,0.0,0.0,0.0
533.125,1.234,2.3989,2.3989,-0.0012,0.0,-0.0,0.0,0.0
533.173,1.2341,2.3989,2.3989,0.0007,0.0,0.0,0.0,0.0
533.217,1.234,2.3989,2.3989,-0.0008,0.0,-0.0,0.0,0.0
533.276,1.234,2.3989,2.3989,-0.0001,0.0,-0.0,0.0,0.0
533.317,1.2341,2.3989,2.3989,0.0016,0.0,0.0,0.0,0.0
533.368,1.2341,2.3989,2.3989,0.0002,0.0,0.0,0.0,0.0
533.424,1.234,2.3989,2.3989,-0.0007,0.0,-0.0,0.0,0.0
533.468,1.2341,2.399,2.3989,0.0015,0.0,0.0,0.0,0.0
533.523,1.2341,2.3989,2.3989,-0.0009,0.0,-0.0,0.0,0.0
533.572,1.234,2.3988,2.3989,-0.0015,0.0,-0.0,0.0,0.0
533.618,1.234,2.3989,2.3989,0.0008,0.0,-0.0,0.0,0.0
533.674,1.234,2.3989,2.3989,0.0005,0.0,0.0,0.0,0.0
533.721,1.234,2.3989,2.3989,-0.0005,0.0,-0.0,0.0,0.0
533.765,1.234,2.3989,2.3989,0.0001,0.0,-0.0,0.0,0.0
533.825,1.234,2.3989,2.3989,-0.0,0.0,-0.0,0.0,0.0
533.87,1.2341,2.3989,2.3989,0.0011,0.0,0.0,0.0,0.0
533.917,1.234,2.3989,2.3989,-0.0014,0.0,-0.0,0.0,0.0
533.975,1.234,2.3989,2.3989,-0.0,0.0,-0.0,0.0,0.0
534.023,1.2341,2.3989,2.3989,0.001,0.0,0.0,0.0,0.0
534.066,1.234,2.3989,2.3989,-0.0014,0.0,-0.0,0.0,0.0
534.127,1.234,2.3988,2.3989,-0.0009,0.0,-0.0,0.0,0.0
534.171,1.2341,2.3989,2.3989,0.0018,0.0,0.0,0.0,0.0
534.218,1.234,2.3989,2.3989,-0.0,0.0,0.0,0.0,0.0
534.266,1.234,2.3989,2.3989,-0.0006,0.0,-0.0,0.0,0.0
534.325,1.234,2.3989,2.3989,0.0,0.0,-0.0,0.0,0.0
534.366,1.234,2.3989,2.3989,-0.0005,0.0,-0.0,0.0,0.0
534.426,1.234,2.3989,2.3989,0.0011,0.0,0.0,0.0,0.0
534.471,1.234,2.3989,2.3989,-0.0002,0.0,0.0,0.0,0.0
534.516,1.2341,2.3989,2.3989,0.0009,0.0,0.0,0.0,0.0
534.575,1.234,2.3989,2.3989,-0.0011,0.0,-0.0,0.0,0.0
534.62,1.234,2.3988,2.3989,-0.0006,0.0,-0.0,0.0,0.0
534.669,1.234,2.3989,2.3989,0.0003,0.0,-0.0,0.0,0.0
534.726,1.2341,2.3989,2.3989,0.001,0.0,0.0,0.0,0.0
534.772,1.234,2.3988,2.3989,-0.0014,0.0,-0.0,0.0,0.0
534.817,1.234,2.3988,2.3989,-0.0002,0.0,-0.0,0.0,0.0
534.865,1.234,2.3989,2.3989,0.0009,0.0,0.0,0.0,0.0
534.923,1.234,2.3989,2.3989,0.0003,0.0,0.0,0.0,0.0
534.968,1.234,2.3988,2.3989,-0.0015,0.0,-0.0,0.0,0.0
535.023,1.234,2.3989,2.3989,0.0006,0.0,-0.0,0.0,0.0
535.072,1.2341,2.3989,2.3989,0.0012,0.0,0.0,0.0,0.0
535.116,1.234,2.3989,2.3989,-0.0007,0.0,0.0,0.0,0.0
535.167,1.234,2.3989,2.3989,-0.0005,0.0,-0.0,0.0,0.0
535.223,1.234,2.3989,2.3989,0.0,0.0,-0.0,0.0,0.0
535.266,1.234,2.3989,2.3989,0.0001,0.0,-0.0,0.0,0.0
535.324,1.234,2.3989,2.3989,0.0007,0.0,0.0,0.0,0.0
535.374,1.234,2.3989,2.3989,-0.0006,0.0,-0.0,0.0,0.0
535.417,1.234,2.3989,2.3989,0.0,0.0,-0.0,0.0,0.0
535.467,1.2339,2.3988,2.3989,-0.0016,0.0,-0.0,0.0,0.0
535.524,1.2339,2.3988,2.3989,0.0004,0.0,-0.0,0.0,0.0
535.567,1.234,2.3989,2.3989,0.0017,0.0,0.0,0.0,0.0
535.627,1.2341,2.3989,2.3989,0.0005,0.0,0.0,0.0,0.0
535.671,1.234,2.3988,2.3989,-0.0013,0.0,-0.0,0.0,0.0
535.716,1.234,2.3989,2.3989,0.0007,0.0,0.0,0.0,0.0
535.766,1.234,2.3988,2.3989,-0.0003,0.0,-0.0,0.0,0.0
535.824,1.234,2.3988,2.3989,-0.0003,0.0,-0.0,0.0,0.0
535.87,1.234,2.3988,2.3989,0.0003,0.0,0.0,0.0,0.0
535.924,1.2341,2.3989,2.3989,0.0014,0.0,0.0,0.0,0.0
535.972,1.2341,2.3989,2.3989,-0.0001,0.0,0.0,0.0,0.0
536.017,1.2341,2.3989,2.3989,0.0007,0.0,0.0,0.0,0.0
536.074,1.234,2.3988,2.3989,-0.0021,0.0,-0.0,0.0,0.0
536.122,1.234,2.3989,2.3989,0.0007,0.0,-0.0,0.0,0.0
536.166,1.234,2.3989,2.3989,-0.0001,0.0,-0.0,0.0,0.0
536.225,1.234,2.3989,2.3989,-0.0001,0.0,-0.0,0.0,0.0
536.269,1.234,2.3989,2.3989,-0.0003,0.0,-0.0,0.0,0.0
536.317,1.234,2.3989,2.3989,0.0008,0.0,0.0,0.0,0.0
536.376,1.234,2.3989,2.3989,-0.0004,0.0,-0.0,0.0,0.0
536.421,1.234,2.3988,2.3989,-0.001,0.0,-0.0,0.0,0.0
536.467,1.234,2.3989,2.3989,0.0012,0.0,0.0,0.0,0.0
536.523,1.234,2.3989,2.3989,0.0002,0.0,0.0,0.0,0.0
536.567,1.234,2.3989,2.3989,-0.0006,0.0,-0.0,0.0,0.0
536.624,1.2339,2.3988,2.3989,-0.0014,0.0,-0.0,0.0,0.0
536.669,1.234,2.3988,2.3989,0.0011,0.0,0.0,0.0,0.0
536.727,1.234,2.3989,2.3989,0.0005,0.0,0.0,0.0,0.0
536.773,1.234,2.3989,2.3989,-0.0002,0.0,0.0,0.0,0.0
536.818,1.234,2.3989,2.3989,-0.0002,0.0,-0.0,0.0,0.0
536.867,1.234,2.3989,2.3989,0.0005,0.0,0.0,0.0,0.0
536.922,1.234,2.3989,2.3989,0.0001,0.0,0.0,0.0,0.0
536.966,1.234,2.3988,2.3989,-0.0011,0.0,-0.0,0.0,0.0
537.025,1.2339,2.3988,2.3988,-0.0011,0.0,-0.0,0.0,0.0
537.07,1.234,2.3989,2.3989,0.0014,0.0,0.0,0.0,0.0
537.117,1.234,2.3989,2.3989,0.0009,0.0,0.0,0.0,0.0
537.174,1.234,2.3989,2.3989,-0.0007,0.0,-0.0,0.0,0.0
537.22,1.234,2.3989,2.3989,-0.0002,0.0,-0.0,0.0,0.0
537.267,1.234,2.3988,2.3989,-0.0002,0.0,-0.0,0.0,0.0
537.325,1.234,2.3989,2.3989,0.0006,0.0,0.0,0.0,0.0
537.366,1.234,2.3988,2.3989,-0.0012,0.0,-0.0,0.0,0.0
537.427,1.234,2.3988,2.3989,0.0004,0.0,-0.0,0.0,0.0
537.471,1.234,2.3988,2.3989,0.0,0.0,-0.0,0.0,0.0
537.517,1.234,2.3989,2.3989,0.0013,0.0,0.0,0.0,0.0
537.577,1.234,2.3989,2.3989,0.0001,0.0,0.0,0.0,0.0
537.621,1.234,2.3989,2.3989,-0.0009,0.0,-0.0,0.0,0.0
537.668,1.234,2.3989,2.3989,0.0005,0.0,0.0,0.0,0.0
537.724,1.234,2.3988,2.3989,-0.0006,0.0,-0.0,0.0,0.0
537.772,1.234,2.3989,2.3989,0.0007,0.0,0.0,0.0,0.0
537.816,1.234,2.3989,2.3989,-0.0007,0.0,-0.0,0.0,0.0
537.865,1.234,2.3988,2.3989,-0.0007,0.0,-0.0,0.0,0.0
537.924,1.234,2.3988,2.3989,0.0003,0.0,-0.0,0.0,0.0
537.966,1.234,2.3988,2.3988,-0.0005,0.0,-0.0,0.0,0.0
538.025,1.234,2.3989,2.3989,0.0009,0.0,0.0,0.0,0.0
538.073,1.2339,2.3988,2.3988,-0.001,0.0,-0.0,0.0,0.0
538.117,1.2339,2.3988,2.3988,-0.0,0.0,-0.0,0.0,0.0
538.168,1.234,2.3989,2.3988,0.002,0.0,0.0,0.0,0.0
538.224,1.234,2.3989,2.3989,-0.0003,0.0,0.0,0.0,0.0
538.268,1.234,2.3988,2.3989,-0.0011,0.0,-0.0,0.0,0.0
538.327,1.234,2.3988,2.3988,0.0002,0.0,-0.0,0.0,0.0
538.373,1.234,2.3988,2.3988,-0.0001,0.0,-0.0,0.0,0.0
538.418,1.234,2.3989,2.3988,0.0005,0.0,0.0,0.0,0.0
538.469,1.234,2.3989,2.3989,0.0006,0.0,0.0,0.0,0.0
538.525,1.234,2.3989,2.3989,-0.0,0.0,0.0,0.0,0.0
538.568,1.234,2.3989,2.3989,-0.0007,0.0,-0.0,0.0,0.0
538.617,1.234,2.3988,2.3989,-0.0002,0.0,-0.0,0.0,0.0
538.675,1.234,2.3988,2.3989,-0.0004,0.0,-0.0,0.0,0.0
538.719,1.234,2.3989,2.3989,0.0007,0.0,0.0,0.0,0.0
538.768,1.234,2.3988,2.3988,-0.0007,0.0,-0.0,0.0,0.0
538.828,1.2339,2.3988,2.3988,-0.0006,0.0,-0.0,0.0,0.0
538.87,1.234,2.3988,2.3988,0.0013,0.0,0.0,0.0,0.0
538.918,1.234,2.3988,2.3988,-0.0002,0.0,0.0,0.0,0.0
538.974,1.234,2.3988,2.3988,0.0003,0.0,0.0,0.0,0.0
539.02,1.234,2.3989,2.3988,0.0004,0.0,0.0,0.0,0.0
539.068,1.234,2.3988,2.3988,-0.0011,0.0,-0.0,0.0,0.0
539.125,1.234,2.3988,2.3988,0.0005,0.0,0.0,0.0,0.0
539.17,1.234,2.3989,2.3988,0.0008,0.0,0.0,0.0,0.0
539.216,1.234,2.3989,2.3988,-0.0007,0.0,-0.0,0.0,0.0
539.276,1.2339,2.3988,2.3988,-0.0012,0.0,-0.0,0.0,0.0
539.32,1.2339,2.3988,2.3988,-0.0009,0.0,-0.0,0.0,0.0
539.367,1.234,2.3988,2.3988,0.0017,0.0,0.0,0.0,0.0
539.429,1.234,2.3988,2.3988,-0.0001,0.0,0.0,0.0,0.0
539.469,1.234,2.3988,2.3988,0.0,0.0,0.0,0.0,0.0
539.526,1.234,2.3988,2.3988,0.0003,0.0,0.0,0.0,0.0
539.574,1.234,2.3988,2.3988,-0.0002,0.0,0.0,0.0,0.0
539.617,1.234,2.3988,2.3988,-0.0,0.0,0.0,0.0,0.0
539.668,1.2339,2.3988,2.3988,-0.0005,0.0,-0.0,0.0,0.0
539.725,1.234,2.3988,2.3988,0.0008,0.0,0.0,0.0,0.0
539.769,1.234,2.3989,2.3988,0.0006,0.0,0.0,0.0,0.0
539.827,1.234,2.3989,2.3988,-0.0003,0.0,0.0,0.0,0.0
539.873,1.234,2.3988,2.3988,-0.0007,0.0,-0.0,0.0,0.0
539.918,1.234,2.3988,2.3988,0.0006,0.0,0.0,0.0,0.0
539.977,1.234,2.3989,2.3988,0.0009,0.0,0.0,0.0,0.0
540.022,1.234,2.3988,2.3988,-0.001,0.0,-0.0,0.0,0.0
540.066,1.234,2.3988,2.3988,0.0002,0.0,-0.0,0.0,0.0
540.125,1.234,2.3989,2.3988,0.0003,0.0,0.0,0.0,0.0
540.172,1.234,2.3988,2.3988,-0.0005,0.0,-0.0,0.0,0.0
540.219,1.2339,2.3988,2.3988,-0.001,0.0,-0.0,0.0,0.0
540.267,1.2339,2.3988,2.3988,0.0001,0.0,-0.0,0.0,0.0
540.328,1.234,2.3989,2.3988,0.0018,0.0,0.0,0.0,0.0
540.367,1.234,2.3988,2.3988,-0.0016,0.0,-0.0,0.0,0.0
540.425,1.234,2.3988,2.3988,0.0004,0.0,0.0,0.0,0.0
540.474,1.234,2.3988,2.3988,-0.0001,0.0,-0.0,0.0,0.0
540.518,1.234,2.3989,2.3988,0.0004,0.0,0.0,0.0,0.0
540.567,1.234,2.3988,2.3988,-0.0005,0.0,-0.0,0.0,0.0
540.623,1.234,2.3989,2.3988,0.0005,0.0,0.0,0.0,0.0
540.667,1.234,2.3989,2.3988,0.0007,0.0,0.0,0.0,0.0
540.724,1.234,2.3988,2.3988,-0.001,0.0,-0.0,0.0,0.0
540.773,1.234,2.3988,2.3988,0.0001,0.0,-0.0,0.0,0.0
540.83,1.234,2.3989,2.3988,0.0003,0.0,0.0,0.0,0.0
540.875,1.234,2.3988,2.3988,-0.0001,0.0,0.0,0.0,0.0
540.923,1.2339,2.3988,2.3988,-0.0011,0.0,-0.0,0.0,0.0
540.967,1.234,2.3988,2.3988,0.0012,0.0,0.0,0.0,0.0
541.026,1.234,2.3988,2.3988,-0.0004,0.0,-0.0,0.0,0.0
541.071,1.234,2.3988,2.3988,-0.0001,0.0,-0.0,0.0,0.0
541.126,1.234,2.3988,2.3988,0.0003,0.0,0.0,0.0,0.0
541.174,1.234,2.3988,2.3988,-0.0002,0.0,-0.0,0.0,0.0
541.218,1.234,2.3989,2.3988,0.001,0.0,0.0,0.0,0.0
541.267,1.2339,2.3988,2.3988,-0.0015,0.0,-0.0,0.0,0.0
541.326,1.234,2.3988,2.3988,0.0003,0.0,-0.0,0.0,0.0
541.368,1.234,2.3989,2.3988,0.0014,0.0,0.0,0.0,0.0
541.417,1.234,2.3988,2.3988,-0.001,0.0,-0.0,0.0,0.0
541.475,1.2339,2.3988,2.3988,-0.0008,0.0,-0.0,0.0,0.0
541.52,1.2339,2.3988,2.3988,-0.0002,0.0,-0.0,0.0,0.0
541.567,1.234,2.3988,2.3988,0.0016,0.0,0.0,0.0,0.0
541.627,1.234,2.3989,2.3988,0.0005,0.0,0.0,0.0,0.0
541.669,1.234,2.3988,2.3988,-0.001,0.0,-0.0,0.0,0.0
541.719,1.234,2.3989,2.3988,0.0006,0.0,0.0,0.0,0.0
541.773,1.234,2.3988,2.3988,-0.0007,0.0,-0.0,0.0,0.0
541.821,1.234,2.3988,2.3988,0.0004,0.0,0.0,0.0,0.0
541.867,1.234,2.3989,2.3988,0.0004,0.0,0.0,0.0,0.0
541.927,1.234,2.3989,2.3988,0.0001,0.0,0.0,0.0,0.0
541.97,1.234,2.3988,2.3988,-0.0005,0.0,-0.0,0.0,0.0
542.017,1.234,2.3989,2.3988,0.0012,0.0,0.0,0.0,0.0
542.074,1.234,2.3989,2.3989,-0.0003,0.0,0.0,0.0,0.0
542.12,1.234,2.3989,2.3989,-0.0003,0.0,-0.0,0.0,0.0
542.167,1.234,2.3988,2.3989,-0.0006,0.0,-0.0,0.0,0.0
542.226,1.234,2.3989,2.3989,0.0008,0.0,0.0,0.0,0.0
542.271,1.234,2.3988,2.3989,-0.0006,0.0,-0.0,0.0,0.0
542.318,1.234,2.3988,2.3988,-0.0005,0.0,-0.0,0.0,0.0
542.376,1.234,2.3988,2.3988,0.0006,0.0,0.0,0.0,0.0
542.422,1.2339,2.3988,2.3988,-0.0008,0.0,-0.0,0.0,0.0
542.467,1.234,2.3988,2.3988,0.0003,0.0,-0.0,0.0,0.0
542.53,1.2339,2.3988,2.3988,-0.0005,0.0,-0.0,0.0,0.0
542.571,1.234,2.3988,2.3988,0.001,0.0,0.0,0.0,0.0
542.616,1.234,2.3989,2.3988,0.0001,0.0,0.0,0.0,0.0
542.666,1.234,2.3988,2.3988,-0.0006,0.0,-0.0,0.0,0.0
542.723,1.234,2.3988,2.3988,-0.0002,0.0,-0.0,0.0,0.0
542.767,1.234,2.3989,2.3988,0.0018,0.0,0.0,0.0,0.0
542.827,1.234,2.3988,2.3988,-0.0009,0.0,-0.0,0.0,0.0
542.871,1.234,2.3988,2.3988,-0.0005,0.0,-0.0,0.0,0.0
542.917,1.234,2.3988,2.3988,0.0001,0.0,-0.0,0.0,0.0
542.979,1.234,2.3989,2.3988,0.0011,0.0,0.0,0.0,0.0
543.019,1.234,2.3988,2.3988,-0.0015,0.0,-0.0,0.0,0.0
543.067,1.234,2.3988,2.3988,0.0,0.0,-0.0,0.0,0.0
543.125,1.234,2.3989,2.3988,0.0011,0.0,0.0,0.0,0.0
543.169,1.2339,2.3988,2.3988,-0.0014,0.0,-0.0,0.0,0.0
543.218,1.234,2.3989,2.3988,0.001,0.0,0.0,0.0,0.0
543.274,1.234,2.3988,2.3988,-0.0008,0.0,-0.0,0.0,0.0
543.322,1.234,2.3988,2.3988,0.0001,0.0,-0.0,0.0,0.0
543.366,1.234,2.3988,2.3988,0.0003,0.0,0.0,0.0,0.0
543.427,1.234,2.3988,2.3988,-0.0004,0.0,-0.0,0.0,0.0
543.468,1.234,2.3989,2.3988,0.0012,0.0,0.0,0.0,0.0
543.517,1.234,2.3988,2.3988,-0.0007,0.0,-0.0,0.0,0.0
543.574,1.234,2.3988,2.3988,-0.0004,0.0,-0.0,0.0,0.0
543.619,1.234,2.3989,2.3988,0.0011,0.0,0.0,0.0,0.0
543.667,1.234,2.3988,2.3988,-0.0005,0.0,-0.0,0.0,0.0
543.727,1.2339,2.3988,2.3988,-0.0005,0.0,-0.0,0.0,0.0
543.768,1.2339,2.3988,2.3988,-0.0001,0.0,-0.0,0.0,0.0
543.817,1.2339,2.3988,2.3988,-0.0002,0.0,-0.0,0.0,0.0
543.875,1.2339,2.3988,2.3988,0.0002,0.0,-0.0,0.0,0.0
543.918,1.2339,2.3988,2.3988,-0.001,0.0,-0.0,0.0,0.0
543.966,1.234,2.3989,2.3988,0.0028,0.0,0.0,0.0,0.0
544.023,1.234,2.3988,2.3988,-0.0009,0.0,0.0,0.0,0.0
544.066,1.234,2.3988,2.3988,-0.0007,0.0,-0.0,0.0,0.0
544.125,1.234,2.3989,2.3988,0.0011,0.0,0.0,0.0,0.0
544.173,1.2339,2.3988,2.3988,-0.001,0.0,-0.0,0.0,0.0
544.216,1.2339,2.3987,2.3988,-0.0013,0.0,-0.0,0.0,0.0
544.275,1.2339,2.3987,2.3988,0.0,0.0,-0.0,0.0,0.0
544.319,1.2339,2.3988,2.3988,0.001,0.0,0.0,0.0,0.0
544.366,1.234,2.3989,2.3988,0.0011,0.0,0.0,0.0,0.0
544.425,1.234,2.3989,2.3988,0.0002,0.0,0.0,0.0,0.0
544.466,1.234,2.3988,2.3988,-0.0005,0.0,0.0,0.0,0.0
544.528,1.2339,2.3988,2.3988,-0.0015,0.0,-0.0,0.0,0.0
544.571,1.2339,2.3988,2.3988,0.0004,0.0,-0.0,0.0,0.0
544.618,1.234,2.3988,2.3988,0.0009,0.0,0.0,0.0,0.0
544.674,1.2339,2.3988,2.3988,-0.0004,0.0,-0.0,0.0,0.0
544.72,1.2339,2.3988,2.3988,-0.0001,0.0,-0.0,0.0,0.0
544.768,1.234,2.3988,2.3988,0.0009,0.0,0.0,0.0,0.0
544.826,1.234,2.3989,2.3988,0.0003,0.0,0.0,0.0,0.0
544.868,1.234,2.3988,2.3988,-0.0002,0.0,0.0,0.0,0.0
544.925,1.234,2.3989,2.3988,0.0004,0.0,0.0,0.0,0.0
544.972,1.2339,2.3988,2.3988,-0.0011,0.0,-0.0,0.0,0.0
545.016,1.2339,2.3988,2.3988,-0.0,0.0,-0.0,0.0,0.0
545.067,1.234,2.3988,2.3988,0.0006,0.0,0.0,0.0,0.0
545.123,1.2339,2.3988,2.3988,-0.0005,0.0,-0.0,0.0,0.0
545.166,1.234,2.3989,2.3988,0.0014,0.0,0.0,0.0,0.0
545.225,1.234,2.3988,2.3988,-0.001,0.0,-0.0,0.0,0.0
545.272,1.234,2.3988,2.3988,0.0,0.0,-0.0,0.0,0.0
545.317,1.234,2.3988,2.3988,-0.0002,0.0,-0.0,0.0,0.0
545.369,1.2339,2.3987,2.3988,-0.0011,0.0,-0.0,0.0,0.0
545.427,1.234,2.3988,2.3988,0.0012,0.0,0.0,0.0,0.0
545.467,1.234,2.3988,2.3988,-0.0003,0.0,0.0,0.0,0.0
545.527,1.234,2.3988,2.3988,0.0001,0.0,0.0,0.0,0.0
545.574,1.234,2.3988,2.3988,0.0001,0.0,0.0,0.0,0.0
545.618,1.2339,2.3988,2.3988,-0.0005,0.0,-0.0,0.0,0.0
545.666,1.2339,2.3987,2.3988,-0.0011,0.0,-0.0,0.0,0.0
545.725,1.234,2.3988,2.3988,0.0014,0.0,0.0,0.0,0.0
545.768,1.2339,2.3988,2.3988,-0.0007,0.0,-0.0,0.0,0.0
545.817,1.234,2.3988,2.3988,0.001,0.0,0.0,0.0,0.0
545.875,1.234,2.3989,2.3988,0.0002,0.0,0.0,0.0,0.0
545.919,1.234,2.3988,2.3988,-0.001,0.0,-0.0,0.0,0.0
545.967,1.2339,2.3988,2.3988,-0.0005,0.0,-0.0,0.0,0.0
546.024,1.234,2.3988,2.3988,0.0004,0.0,-0.0,0.0,0.0
546.069,1.234,2.3988,2.3988,0.0003,0.0,0.0,0.0,0.0
546.118,1.234,2.3988,2.3988,-0.0001,0.0,0.0,0.0,0.0
546.174,1.2339,2.3988,2.3988,-0.0007,0.0,-0.0,0.0,0.0
546.221,1.2339,2.3988,2.3988,-0.0001,0.0,-0.0,0.0,0.0
546.268,1.2339,2.3988,2.3988,0.0003,0.0,-0.0,0.0,0.0
546.325,1.2339,2.3988,2.3988,-0.0008,0.0,-0.0,0.0,0.0
546.37,1.234,2.3989,2.3988,0.002,0.0,0.0,0.0,0.0
546.417,1.234,2.3988,2.3988,-0.0013,0.0,-0.0,0.0,0.0
546.476,1.2339,2.3988,2.3988,-0.0004,0.0,-0.0,0.0,0.0
546.521,1.234,2.3988,2.3988,0.0005,0.0,0.0,0.0,0.0
546.567,1.2339,2.3988,2.3988,-0.0004,0.0,-0.0,0.0,0.0
546.627,1.2339,2.3988,2.3988,-0.0002,0.0,-0.0,0.0,0.0
546.671,1.234,2.3988,2.3988,0.0003,0.0,0.0,0.0,0.0
546.718,1.234,2.3989,2.3988,0.0009,0.0,0.0,0.0,0.0
546.776,1.234,2.3988,2.3988,-0.0,0.0,0.0,0.0,0.0
546.823,1.2339,2.3988,2.3988,-0.001,0.0,-0.0,0.0,0.0
546.868,1.2339,2.3988,2.3988,0.0001,0.0,-0.0,0.0,0.0
546.924,1.234,2.3988,2.3988,0.0002,0.0,0.0,0.0,0.0
546.973,1.234,2.3988,2.3988,0.0004,0.0,0.0,0.0,0.0
547.016,1.234,2.3988,2.3988,-0.0002,0.0,0.0,0.0,0.0
547.074,1.234,2.3989,2.3988,0.0007,0.0,0.0,0.0,0.0
547.12,1.234,2.3988,2.3988,-0.0008,0.0,-0.0,0.0,0.0
547.168,1.234,2.3988,2.3988,0.0007,0.0,0.0,0.0,0.0
547.226,1.2339,2.3988,2.3988,-0.001,0.0,-0.0,0.0,0.0
547.267,1.2339,2.3988,2.3988,-0.0008,0.0,-0.0,0.0,0.0
547.326,1.2339,2.3988,2.3988,0.0008,0.0,0.0,0.0,0.0
547.374,1.2339,2.3988,2.3988,0.0002,0.0,0.0,0.0,0.0
547.418,1.234,2.3988,2.3988,0.001,0.0,0.0,0.0,0.0
547.467,1.2339,2.3988,2.3988,-0.0018,0.0,-0.0,0.0,0.0
547.525,1.2339,2.3988,2.3988,0.0002,0.0,-0.0,0.0,0.0
547.568,1.234,2.3988,2.3988,0.001,0.0,0.0,0.0,0.0
547.618,1.2339,2.3988,2.3988,-0.0007,0.0,-0.0,0.0,0.0
547.675,1.234,2.3988,2.3988,0.0006,0.0,0.0,0.0,0.0
547.719,1.234,2.3988,2.3988,0.0001,0.0,0.0,0.0,0.0
547.767,1.234,2.3988,2.3988,0.0001,0.0,0.0,0.0,0.0
547.825,1.2339,2.3988,2.3988,-0.0007,0.0,-0.0,0.0,0.0
547.867,1.2339,2.3988,2.3988,-0.0003,0.0,-0.0,0.0,0.0
547.916,1.234,2.3988,2.3988,0.0014,0.0,0.0,0.0,0.0
547.976,1.234,2.3988,2.3988,0.0002,0.0,0.0,0.0,0.0
548.021,1.2339,2.3988,2.3988,-0.0015,0.0,-0.0,0.0,0.0
548.067,1.2339,2.3988,2.3988,0.0003,0.0,-0.0,0.0,0.0
548.126,1.234,2.3988,2.3988,0.0007,0.0,0.0,0.0,0.0
548.169,1.2339,2.3988,2.3988,-0.0011,0.0,-0.0,0.0,0.0
548.218,1.2339,2.3988,2.3988,-0.0003,0.0,-0.0,0.0,0.0
548.273,1.234,2.3988,2.3988,0.0006,0.0,0.0,0.0,0.0
548.32,1.234,2.3988,2.3988,0.0002,0.0,0.0,0.0,0.0
548.367,1.2339,2.3988,2.3988,-0.0006,0.0,-0.0,0.0,0.0
548.426,1.2339,2.3988,2.3988,-0.0003,0.0,-0.0,0.0,0.0
548.469,1.2339,2.3988,2.3988,-0.0005,0.0,-0.0,0.0,0.0
548.528,1.2339,2.3988,2.3988,0.0007,0.0,0.0,0.0,0.0
548.574,1.2339,2.3987,2.3988,-0.0008,0.0,-0.0,0.0,0.0
548.62,1.2339,2.3988,2.3988,0.0003,0.0,-0.0,0.0,0.0
548.668,1.2339,2.3988,2.3988,-0.0001,0.0,-0.0,0.0,0.0
548.726,1.2339,2.3988,2.3988,0.0004,0.0,0.0,0.0,0.0
548.771,1.2339,2.3988,2.3988,0.0004,0.0,0.0,0.0,0.0
548.818,1.2339,2.3988,2.3988,-0.0003,0.0,0.0,0.0,0.0
548.874,1.2339,2.3987,2.3988,-0.001,0.0,-0.0,0.0,0.0
548.92,1.2339,2.3988,2.3988,0.0003,0.0,-0.0,0.0,0.0
548.968,1.2339,2.3988,2.3988,0.001,0.0,0.0,0.0,0.0
549.024,1.234,2.3988,2.3988,0.0005,0.0,0.0,0.0,0.0
549.069,1.2339,2.3988,2.3988,-0.0004,0.0,0.0,0.0,0.0
549.118,1.234,2.3988,2.3988,0.0001,0.0,0.0,0.0,0.0
549.173,1.234,2.3988,2.3988,0.0006,0.0,0.0,0.0,0.0
549.219,1.234,2.3988,2.3988,-0.0004,0.0,0.0,0.0,0.0
549.267,1.234,2.3988,2.3988,-0.0001,0.0,-0.0,0.0,0.0
549.324,1.2339,2.3988,2.3988,-0.0002,0.0,-0.0,0.0,0.0
549.369,1.234,2.3988,2.3988,0.0002,0.0,0.0,0.0,0.0
549.418,1.2339,2.3988,2.3988,-0.0009,0.0,-0.0,0.0,0.0
549.473,1.2339,2.3988,2.3988,-0.0001,0.0,-0.0,0.0,0.0
549.521,1.2339,2.3988,2.3988,0.0005,0.0,0.0,0.0,0.0
549.566,1.2339,2.3987,2.3988,-0.001,0.0,-0.0,0.0,0.0
549.626,1.2339,2.3988,2.3988,0.0009,0.0,0.0,0.0,0.0
549.671,1.2339,2.3988,2.3988,0.0001,0.0,0.0,0.0,0.0
549.717,1.2339,2.3988,2.3988,-0.0005,0.0,-0.0,0.0,0.0
549.774,1.2339,2.3988,2.3988,0.0003,0.0,0.0,0.0,0.0
549.821,1.2339,2.3988,2.3988,-0.0002,0.0,-0.0,0.0,0.0
549.867,1.2339,2.3988,2.3988,-0.0002,0.0,-0.0,0.0,0.0
549.926,1.2339,2.3988,2.3988,0.0001,0.0,-0.0,0.0,0.0
549.97,1.234,2.3988,2.3988,0.0008,0.0,0.0,0.0,0.0
550.017,1.234,2.3988,2.3988,-0.0002,0.0,0.0,0.0,0.0
550.076,1.2339,2.3988,2.3988,-0.0009,0.0,-0.0,0.0,0.0
550.122,1.2339,2.3988,2.3988,0.0001,0.0,-0.0,0.0,0.0
550.168,1.234,2.3988,2.3988,0.0011,0.0,0.0,0.0,0.0
550.224,1.2339,2.3988,2.3988,-0.0009,0.0,-0.0,0.0,0.0
550.272,1.2339,2.3988,2.3988,0.0003,0.0,0.0,0.0,0.0
550.316,1.2339,2.3988,2.3988,-0.0008,0.0,-0.0,0.0,0.0
550.367,1.2339,2.3987,2.3988,-0.0002,0.0,-0.0,0.0,0.0
550.426,1.2339,2.3988,2.3988,0.0009,0.0,0.0,0.0,0.0
550.467,1.2339,2.3988,2.3988,-0.0006,0.0,-0.0,0.0,0.0
550.525,1.2339,2.3988,2.3988,0.0005,0.0,0.0,0.0,0.0
550.573,1.2339,2.3988,2.3988,-0.0003,0.0,-0.0,0.0,0.0
550.617,1.2339,2.3987,2.3988,-0.0006,0.0,-0.0,0.0,0.0
550.676,1.2339,2.3987,2.3988,-0.0,0.0,-0.0,0.0,0.0
550.72,1.2339,2.3988,2.3988,0.0002,0.0,-0.0,0.0,0.0
550.767,1.2339,2.3988,2.3988,0.0004,0.0,0.0,0.0,0.0
550.825,1.2339,2.3987,2.3988,-0.001,0.0,-0.0,0.0,0.0
550.867,1.2339,2.3988,2.3988,0.0012,0.0,0.0,0.0,0.0
550.925,1.2339,2.3988,2.3988,0.0001,0.0,0.0,0.0,0.0
550.971,1.2339,2.3988,2.3988,-0.0002,0.0,0.0,0.0,0.0
551.016,1.2339,2.3988,2.3988,-0.0003,0.0,-0.0,0.0,0.0
551.067,1.2339,2.3988,2.3988,0.0004,0.0,0.0,0.0,0.0
551.123,1.2339,2.3988,2.3988,0.0004,0.0,0.0,0.0,0.0
551.166,1.2339,2.3987,2.3988,-0.0015,0.0,-0.0,0.0,0.0
551.225,1.2339,2.3988,2.3988,0.0004,0.0,-0.0,0.0,0.0
551.272,1.2339,2.3988,2.3988,0.0001,0.0,0.0,0.0,0.0
551.319,1.2339,2.3988,2.3988,0.0004,0.0,0.0,0.0,0.0
551.366,1.2339,2.3988,2.3988,-0.0,0.0,0.0,0.0,0.0
551.423,1.2339,2.3987,2.3988,-0.0006,0.0,-0.0,0.0,0.0
551.466,1.2339,2.3988,2.3988,0.0005,0.0,0.0,0.0,0.0
551.525,1.2339,2.3988,2.3988,-0.0004,0.0,-0.0,0.0,0.0
551.569,1.2339,2.3988,2.3988,0.0006,0.0,0.0,0.0,0.0
551.617,1.234,2.3988,2.3988,0.0005,0.0,0.0,0.0,0.0
551.673,1.2339,2.3988,2.3988,-0.0001,0.0,0.0,0.0,0.0
551.717,1.2339,2.3988,2.3988,-0.0002,0.0,0.0,0.0,0.0
551.775,1.2339,2.3987,2.3988,-0.0012,0.0,-0.0,0.0,0.0
551.821,1.2339,2.3987,2.3988,-0.0005,0.0,-0.0,0.0,0.0
551.866,1.2339,2.3988,2.3988,0.0011,0.0,0.0,0.0,0.0
551.925,1.2339,2.3988,2.3988,0.0007,0.0,0.0,0.0,0.0
551.967,1.2339,2.3987,2.3988,-0.0016,0.0,-0.0,0.0,0.0
552.026,1.2339,2.3987,2.3988,0.0007,0.0,0.0,0.0,0.0
552.071,1.2339,2.3988,2.3988,0.0001,0.0,0.0,0.0,0.0
552.121,1.2339,2.3988,2.3988,0.0004,0.0,0.0,0.0,0.0
552.175,1.2339,2.3988,2.3988,0.0002,0.0,0.0,0.0,0.0
552.22,1.2339,2.3987,2.3988,-0.0011,0.0,-0.0,0.0,0.0
552.268,1.2339,2.3987,2.3988,0.0002,0.0,-0.0,0.0,0.0
552.325,1.2339,2.3988,2.3988,0.0007,0.0,0.0,0.0,0.0
552.368,1.2339,2.3987,2.3988,-0.0007,0.0,-0.0,0.0,0.0
552.425,1.2339,2.3988,2.3988,0.0005,0.0,0.0,0.0,0.0
552.473,1.2339,2.3988,2.3988,0.0005,0.0,0.0,0.0,0.0
552.517,1.2339,2.3988,2.3988,-0.0006,0.0,-0.0,0.0,0.0
552.567,1.2339,2.3988,2.3988,0.0005,0.0,0.0,0.0,0.0
552.625,1.2339,2.3988,2.3988,-0.0003,0.0,-0.0,0.0,0.0
552.667,1.2339,2.3988,2.3988,-0.0004,0.0,-0.0,0.0,0.0
552.726,1.2338,2.3987,2.3988,-0.0012,0.0,-0.0,0.0,0.0
552.773,1.2339,2.3987,2.3988,0.0005,0.0,-0.0,0.0,0.0
552.818,1.2339,2.3988,2.3988,0.0013,0.0,0.0,0.0,0.0
552.871,1.2339,2.3988,2.3988,-0.0001,0.0,0.0,0.0,0.0
552.924,1.2339,2.3988,2.3988,-0.0004,0.0,-0.0,0.0,0.0
552.968,1.2339,2.3988,2.3988,0.0005,0.0,0.0,0.0,0.0
553.026,1.2339,2.3988,2.3988,0.0003,0.0,0.0,0.0,0.0
553.073,1.2339,2.3987,2.3988,-0.0012,0.0,-0.0,0.0,0.0
553.12,1.234,2.3988,2.3988,0.0022,0.0,0.0,0.0,0.0
553.166,1.2339,2.3988,2.3988,-0.0014,0.0,-0.0,0.0,0.0
553.226,1.2339,2.3988,2.3988,0.0006,0.0,0.0,0.0,0.0
553.269,1.2339,2.3988,2.3988,-0.0007,0.0,-0.0,0.0,0.0
553.317,1.2339,2.3988,2.3988,0.0004,0.0,0.0,0.0,0.0
553.375,1.234,2.3988,2.3988,0.0007,0.0,0.0,0.0,0.0
553.419,1.2339,2.3987,2.3988,-0.0022,0.0,-0.0,0.0,0.0
553.467,1.2339,2.3988,2.3988,0.0007,0.0,-0.0,0.0,0.0
553.524,1.2339,2.3987,2.3988,-0.0002,0.0,-0.0,0.0,0.0
553.57,1.2339,2.3987,2.3988,-0.0002,0.0,-0.0,0.0,0.0
553.618,1.2339,2.3988,2.3988,0.0005,0.0,0.0,0.0,0.0
553.674,1.2339,2.3988,2.3988,0.0008,0.0,0.0,0.0,0.0
553.721,1.2339,2.3988,2.3988,0.0,0.0,0.0,0.0,0.0
553.768,1.2339,2.3987,2.3988,-0.0011,0.0,-0.0,0.0,0.0
553.825,1.2339,2.3988,2.3988,0.0002,0.0,-0.0,0.0,0.0
553.871,1.2339,2.3988,2.3988,0.0005,0.0,0.0,0.0,0.0
553.917,1.2339,2.3987,2.3988,-0.0009,0.0,-0.0,0.0,0.0
553.975,1.2339,2.3987,2.3988,-0.0002,0.0,-0.0,0.0,0.0
554.021,1.2339,2.3987,2.3988,0.0003,0.0,-0.0,0.0,0.0
554.067,1.2339,2.3988,2.3988,0.0002,0.0,0.0,0.0,0.0
554.126,1.2339,2.3987,2.3988,-0.0004,0.0,-0.0,0.0,0.0
554.173,1.2339,2.3987,2.3987,-0.0001,0.0,-0.0,0.0,0.0
554.218,1.2339,2.3988,2.3988,0.0008,0.0,0.0,0.0,0.0
554.274,1.2339,2.3988,2.3988,-0.0002,0.0,0.0,0.0,0.0
554.32,1.2339,2.3987,2.3987,-0.0003,0.0,-0.0,0.0,0.0
554.368,1.2339,2.3988,2.3988,0.001,0.0,0.0,0.0,0.0
554.427,1.2339,2.3988,2.3988,-0.0002,0.0,0.0,0.0,0.0
554.467,1.2339,2.3987,2.3988,-0.0005,0.0,-0.0,0.0,0.0
554.527,1.234,2.3988,2.3988,0.0015,0.0,0.0,0.0,0.0
554.575,1.2339,2.3988,2.3988,-0.0008,0.0,0.0,0.0,0.0
554.617,1.2339,2.3988,2.3988,-0.0005,0.0,-0.0,0.0,0.0
554.667,1.2339,2.3988,2.3988,0.0001,0.0,-0.0,0.0,0.0
554.723,1.2339,2.3988,2.3988,0.0003,0.0,0.0,0.0,0.0
554.766,1.2339,2.3988,2.3988,-0.0006,0.0,-0.0,0.0,0.0
554.827,1.2339,2.3988,2.3988,0.0003,0.0,0.0,0.0,0.0
554.874,1.2339,2.3987,2.3988,-0.0006,0.0,-0.0,0.0,0.0
554.921,1.2339,2.3988,2.3988,0.001,0.0,0.0,0.0,0.0
554.968,1.2339,2.3988,2.3988,-0.0004,0.0,0.0,0.0,0.0
555.026,1.2339,2.3988,2.3988,0.0005,0.0,0.0,0.0,0.0
555.067,1.234,2.3988,2.3988,0.0007,0.0,0.0,0.0,0.0
555.126,1.2339,2.3988,2.3988,-0.0011,0.0,-0.0,0.0,0.0
555.175,1.2339,2.3987,2.3988,-0.0003,0.0,-0.0,0.0,0.0
555.218,1.2339,2.3987,2.3988,-0.0004,0.0,-0.0,0.0,0.0
555.269,1.2339,2.3988,2.3988,0.0006,0.0,0.0,0.0,0.0
555.325,1.2339,2.3988,2.3988,0.0001,0.0,0.0,0.0,0.0
555.369,1.2339,2.3988,2.3988,-0.0004,0.0,-0.0,0.0,0.0
555.426,1.2339,2.3987,2.3988,-0.0004,0.0,-0.0,0.0,0.0
555.471,1.234,2.3988,2.3988,0.002,0.0,0.0,0.0,0.0
555.518,1.2339,2.3988,2.3988,-0.0017,0.0,-0.0,0.0,0.0
555.567,1.2339,2.3987,2.3988,-0.0008,0.0,-0.0,0.0,0.0
555.623,1.2339,2.3987,2.3988,0.0002,0.0,-0.0,0.0,0.0
555.667,1.2339,2.3988,2.3988,0.0005,0.0,0.0,0.0,0.0
555.726,1.2339,2.3987,2.3988,-0.0009,0.0,-0.0,0.0,0.0
555.772,1.2339,2.3987,2.3988,0.0006,0.0,0.0,0.0,0.0
555.82,1.2339,2.3988,2.3988,0.0011,0.0,0.0,0.0,0.0
555.867,1.2339,2.3988,2.3988,-0.0008,0.0,-0.0,0.0,0.0
555.923,1.2338,2.3987,2.3987,-0.0013,0.0,-0.0,0.0,0.0
555.968,1.2339,2.3988,2.3988,0.0017,0.0,0.0,0.0,0.0
556.025,1.2339,2.3988,2.3988,0.0003,0.0,0.0,0.0,0.0
556.073,1.2339,2.3987,2.3988,-0.0004,0.0,0.0,0.0,0.0
556.117,1.2338,2.3987,2.3987,-0.001,0.0,-0.0,0.0,0.0
556.167,1.2339,2.3987,2.3987,0.0009,0.0,0.0,0.0,0.0
556.227,1.2339,2.3987,2.3987,-0.0003,0.0,-0.0,0.0,0.0
556.267,1.2339,2.3987,2.3987,0.0002,0.0,0.0,0.0,0.0
556.324,1.2339,2.3988,2.3987,0.0008,0.0,0.0,0.0,0.0
556.373,1.2339,2.3988,2.3988,-0.0001,0.0,0.0,0.0,0.0
556.42,1.2339,2.3987,2.3987,-0.0011,0.0,-0.0,0.0,0.0
556.467,1.2339,2.3988,2.3988,0.0007,0.0,0.0,0.0,0.0
556.522,1.2339,2.3988,2.3988,0.0,0.0,0.0,0.0,0.0
556.569,1.2338,2.3987,2.3987,-0.0013,0.0,-0.0,0.0,0.0
556.625,1.2339,2.3987,2.3987,0.0003,0.0,-0.0,0.0,0.0
556.668,1.2339,2.3988,2.3987,0.0011,0.0,0.0,0.0,0.0
556.728,1.2339,2.3988,2.3987,0.0001,0.0,0.0,0.0,0.0
556.775,1.2339,2.3987,2.3987,-0.0011,0.0,-0.0,0.0,0.0
556.82,1.2339,2.3987,2.3987,0.0003,0.0,-0.0,0.0,0.0
556.866,1.2339,2.3987,2.3987,-0.0,0.0,-0.0,0.0,0.0
556.926,1.2339,2.3987,2.3987,0.0004,0.0,0.0,0.0,0.0
556.969,1.2339,2.3988,2.3987,0.0004,0.0,0.0,0.0,0.0
557.018,1.2339,2.3987,2.3987,-0.0008,0.0,-0.0,0.0,0.0
557.074,1.234,2.3988,2.3987,0.0017,0.0,0.0,0.0,0.0
557.12,1.2339,2.3988,2.3987,-0.001,0.0,-0.0,0.0,0.0
557.168,1.2339,2.3987,2.3987,-0.0005,0.0,-0.0,0.0,0.0
557.225,1.2339,2.3987,2.3987,0.0,0.0,-0.0,0.0,0.0
557.27,1.2339,2.3987,2.3987,-0.0003,0.0,-0.0,0.0,0.0
557.317,1.2339,2.3987,2.3987,0.0003,0.0,0.0,0.0,0.0
557.375,1.2339,2.3988,2.3987,0.0006,0.0,0.0,0.0,0.0
557.421,1.2339,2.3988,2.3987,0.0002,0.0,0.0,0.0,0.0
557.467,1.2339,2.3987,2.3987,-0.0006,0.0,-0.0,0.0,0.0
557.526,1.2339,2.3988,2.3988,0.0005,0.0,0.0,0.0,0.0
557.571,1.2339,2.3988,2.3988,0.0003,0.0,0.0,0.0,0.0
557.618,1.2339,2.3987,2.3988,-0.0013,0.0,-0.0,0.0,0.0
557.678,1.2339,2.3988,2.3988,0.0013,0.0,0.0,0.0,0.0
557.724,1.2339,2.3988,2.3988,0.0,0.0,0.0,0.0,0.0
557.769,1.2339,2.3987,2.3988,-0.0018,0.0,-0.0,0.0,0.0
557.827,1.2338,2.3987,2.3987,-0.0003,0.0,-0.0,0.0,0.0
557.874,1.2339,2.3988,2.3987,0.001,0.0,0.0,0.0,0.0
557.929,1.2339,2.3987,2.3987,-0.0002,0.0,-0.0,0.0,0.0
557.975,1.2339,2.3987,2.3987,-0.0,0.0,-0.0,0.0,0.0
558.021,1.2339,2.3987,2.3987,-0.0004,0.0,-0.0,0.0,0.0
558.067,1.2339,2.3988,2.3987,0.0007,0.0,0.0,0.0,0.0
558.125,1.2339,2.3987,2.3987,-0.0002,0.0,0.0,0.0,0.0
558.168,1.2338,2.3987,2.3987,-0.0011,0.0,-0.0,0.0,0.0
558.217,1.2338,2.3987,2.3987,-0.0004,0.0,-0.0,0.0,0.0
558.276,1.2339,2.3988,2.3987,0.0011,0.0,0.0,0.0,0.0
558.318,1.2339,2.3987,2.3987,-0.0004,0.0,-0.0,0.0,0.0
558.367,1.2339,2.3988,2.3987,0.0007,0.0,0.0,0.0,0.0
558.424,1.2339,2.3987,2.3987,-0.0004,0.0,-0.0,0.0,0.0
558.467,1.2339,2.3987,2.3987,0.0001,0.0,0.0,0.0,0.0
558.526,1.2339,2.3987,2.3987,-0.0006,0.0,-0.0,0.0,0.0
558.573,1.2338,2.3987,2.3987,-0.0003,0.0,-0.0,0.0,0.0
558.617,1.2339,2.3987,2.3987,0.0005,0.0,0.0,0.0,0.0
558.667,1.2339,2.3988,2.3987,0.0009,0.0,0.0,0.0,0.0
558.724,1.2339,2.3987,2.3987,-0.0005,0.0,0.0,0.0,0.0
558.768,1.2339,2.3987,2.3987,-0.0004,0.0,-0.0,0.0,0.0
558.825,1.2338,2.3987,2.3987,-0.0004,0.0,-0.0,0.0,0.0
558.873,1.2338,2.3987,2.3987,-0.0005,0.0,-0.0,0.0,0.0
558.918,1.2338,2.3987,2.3987,0.0005,0.0,-0.0,0.0,0.0
558.976,1.2339,2.3987,2.3987,0.0006,0.0,0.0,0.0,0.0
559.023,1.2339,2.3988,2.3987,0.0005,0.0,0.0,0.0,0.0
559.067,1.2339,2.3988,2.3987,-0.0,0.0,0.0,0.0,0.0
559.126,1.2339,2.3987,2.3987,-0.0008,0.0,-0.0,0.0,0.0
559.171,1.2339,2.3988,2.3987,0.0015,0.0,0.0,0.0,0.0
559.219,1.2339,2.3987,2.3987,-0.0015,0.0,-0.0,0.0,0.0
559.277,1.2339,2.3987,2.3987,0.0001,0.0,-0.0,0.0,0.0
559.321,1.2339,2.3988,2.3987,0.0006,0.0,0.0,0.0,0.0
559.367,1.2339,2.3987,2.3987,-0.0011,0.0,-0.0,0.0,0.0
559.427,1.2339,2.3987,2.3987,-0.0,0.0,-0.0,0.0,0.0
559.472,1.2338,2.3987,2.3987,-0.0003,0.0,-0.0,0.0,0.0
559.518,1.2339,2.3988,2.3987,0.0013,0.0,0.0,0.0,0.0
559.576,1.2339,2.3987,2.3987,-0.0009,0.0,-0.0,0.0,0.0
559.622,1.2339,2.3988,2.3987,0.0011,0.0,0.0,0.0,0.0
559.667,1.2339,2.3988,2.3987,-0.0,0.0,0.0,0.0,0.0
559.726,1.2339,2.3988,2.3987,-0.0004,0.0,-0.0,0.0,0.0
559.771,1.2339,2.3987,2.3987,-0.0005,0.0,-0.0,0.0,0.0
559.818,1.2338,2.3987,2.3987,-0.001,0.0,-0.0,0.0,0.0
559.877,1.2339,2.3987,2.3987,0.0013,0.0,0.0,0.0,0.0
559.921,1.2339,2.3987,2.3987,-0.0001,0.0,0.0,0.0,0.0
559.967,1.2339,2.3987,2.3987,-0.0002,0.0,-0.0,0.0,0.0
560.026,1.2339,2.3987,2.3987,-0.0001,0.0,-0.0,0.0,0.0
560.072,1.2339,2.3987,2.3987,0.0002,0.0,0.0,0.0,0.0
560.118,1.2339,2.3987,2.3987,-0.0006,0.0,-0.0,0.0,0.0
560.176,1.2339,2.3987,2.3987,0.0001,0.0,-0.0,0.0,0.0
560.222,1.2338,2.3987,2.3987,-0.0005,0.0,-0.0,0.0,0.0
560.267,1.2338,2.3987,2.3987,0.0002,0.0,-0.0,0.0,0.0
560.327,1.2339,2.3987,2.3987,0.0004,0.0,0.0,0.0,0.0
560.372,1.2338,2.3987,2.3987,-0.0007,0.0,-0.0,0.0,0.0
560.419,1.2339,2.3987,2.3987,0.0009,0.0,0.0,0.0,0.0
560.476,1.2338,2.3987,2.3987,-0.0006,0.0,-0.0,0.0,0.0
560.522,1.2338,2.3987,2.3987,-0.0002,0.0,-0.0,0.0,0.0
560.568,1.2339,2.3987,2.3987,0.0007,0.0,0.0,0.0,0.0
560.627,1.2339,2.3987,2.3987,0.0007,0.0,0.0,0.0,0.0
560.671,1.2339,2.3987,2.3987,-0.0005,0.0,0.0,0.0,0.0
560.719,1.2339,2.3987,2.3987,-0.0001,0.0,-0.0,0.0,0.0
560.774,1.2339,2.3988,2.3987,0.0009,0.0,0.0,0.0,0.0
560.819,1.2338,2.3987,2.3987,-0.0016,0.0,-0.0,0.0,0.0
560.868,1.2338,2.3987,2.3987,-0.0001,0.0,-0.0,0.0,0.0
560.925,1.2339,2.3987,2.3987,0.001,0.0,0.0,0.0,0.0
560.968,1.2338,2.3987,2.3987,-0.0009,0.0,-0.0,0.0,0.0
561.019,1.2338,2.3987,2.3987,-0.0003,0.0,-0.0,0.0,0.0
561.075,1.2338,2.3987,2.3987,-0.0,0.0,-0.0,0.0,0.0
561.119,1.2339,2.3987,2.3987,0.0009,0.0,0.0,0.0,0.0
561.166,1.2339,2.3987,2.3987,0.0004,0.0,0.0,0.0,0.0
561.227,1.2338,2.3987,2.3987,-0.001,0.0,-0.0,0.0,0.0
561.27,1.2339,2.3988,2.3987,0.0026,0.0,0.0,0.0,0.0
561.318,1.2339,2.3988,2.3987,-0.0004,0.0,0.0,0.0,0.0
561.374,1.2338,2.3987,2.3987,-0.0015,0.0,-0.0,0.0,0.0
561.42,1.2339,2.3988,2.3987,0.0017,0.0,0.0,0.0,0.0
561.468,1.2339,2.3987,2.3987,-0.001,0.0,-0.0,0.0,0.0
561.524,1.2339,2.3987,2.3987,-0.0001,0.0,-0.0,0.0,0.0
561.568,1.2339,2.3987,2.3987,0.0,0.0,-0.0,0.0,0.0
561.626,1.2339,2.3987,2.3987,-0.0004,0.0,-0.0,0.0,0.0
561.672,1.2339,2.3987,2.3987,0.0001,0.0,-0.0,0.0,0.0
561.718,1.2338,2.3987,2.3987,-0.0001,0.0,-0.0,0.0,0.0
561.775,1.2339,2.3987,2.3987,0.0002,0.0,0.0,0.0,0.0
561.823,1.2339,2.3987,2.3987,0.0006,0.0,0.0,0.0,0.0
561.867,1.2339,2.3987,2.3987,0.0,0.0,0.0,0.0,0.0
561.926,1.2338,2.3987,2.3987,-0.0007,0.0,-0.0,0.0,0.0
561.967,1.2339,2.3987,2.3987,0.0009,0.0,0.0,0.0,0.0
562.025,1.2339,2.3988,2.3987,0.0004,0.0,0.0,0.0,0.0
562.072,1.2339,2.3988,2.3987,0.0,0.0,0.0,0.0,0.0
562.117,1.2339,2.3988,2.3987,-0.0001,0.0,0.0,0.0,0.0
562.176,1.2338,2.3987,2.3987,-0.0017,0.0,-0.0,0.0,0.0
562.222,1.2339,2.3987,2.3987,0.0012,0.0,0.0,0.0,0.0
562.268,1.2339,2.3987,2.3987,-0.0006,0.0,-0.0,0.0,0.0
562.328,1.2338,2.3987,2.3987,-0.0003,0.0,-0.0,0.0,0.0
562.373,1.2338,2.3987,2.3987,0.0001,0.0,-0.0,0.0,0.0
562.421,1.2339,2.3987,2.3987,0.0006,0.0,0.0,0.0,0.0
562.477,1.2339,2.3987,2.3987,0.0002,0.0,0.0,0.0,0.0
562.525,1.2338,2.3986,2.3987,-0.0017,0.0,-0.0,0.0,0.0
562.569,1.2339,2.3987,2.3987,0.0021,0.0,0.0,0.0,0.0
562.625,1.2339,2.3987,2.3987,-0.0001,0.0,0.0,0.0,0.0
562.673,1.2339,2.3987,2.3987,-0.0004,0.0,0.0,0.0,0.0
562.717,1.2339,2.3987,2.3987,0.0001,0.0,0.0,0.0,0.0
562.767,1.2338,2.3987,2.3987,-0.0004,0.0,-0.0,0.0,0.0
562.823,1.2339,2.3987,2.3987,0.0004,0.0,0.0,0.0,0.0
562.868,1.2339,2.3987,2.3987,-0.0001,0.0,-0.0,0.0,0.0
562.927,1.2339,2.3988,2.3987,0.0011,0.0,0.0,0.0,0.0
562.976,1.2339,2.3988,2.3987,0.0001,0.0,0.0,0.0,0.0
563.02,1.2339,2.3988,2.3987,-0.0004,0.0,0.0,0.0,0.0
563.074,1.2339,2.3987,2.3987,-0.0005,0.0,-0.0,0.0,0.0
563.119,1.2339,2.3988,2.3987,0.0005,0.0,0.0,0.0,0.0
563.167,1.2339,2.3988,2.3987,-0.0001,0.0,0.0,0.0,0.0
563.224,1.2339,2.3987,2.3987,-0.0004,0.0,-0.0,0.0,0.0
563.268,1.2338,2.3987,2.3987,-0.0012,0.0,-0.0,0.0,0.0
563.327,1.2339,2.3987,2.3987,0.0006,0.0,-0.0,0.0,0.0
563.372,1.2339,2.3988,2.3987,0.0009,0.0,0.0,0.0,0.0
563.42,1.2339,2.3988,2.3987,0.0007,0.0,0.0,0.0,0.0
563.475,1.2338,2.3987,2.3987,-0.0016,0.0,-0.0,0.0,0.0
563.521,1.2339,2.3987,2.3987,0.0006,0.0,-0.0,0.0,0.0
563.568,1.2339,2.3988,2.3987,0.0011,0.0,0.0,0.0,0.0
563.626,1.2338,2.3987,2.3987,-0.0015,0.0,-0.0,0.0,0.0
563.668,1.2339,2.3987,2.3987,0.0003,0.0,-0.0,0.0,0.0
563.717,1.2339,2.3987,2.3987,0.0007,0.0,0.0,0.0,0.0
563.774,1.2339,2.3988,2.3987,0.0002,0.0,0.0,0.0,0.0
563.822,1.2338,2.3987,2.3987,-0.0013,0.0,-0.0,0.0,0.0
563.867,1.2339,2.3988,2.3987,0.0014,0.0,0.0,0.0,0.0
563.926,1.2338,2.3987,2.3987,-0.0019,0.0,-0.0,0.0,0.0
563.969,1.2338,2.3987,2.3987,0.0005,0.0,-0.0,0.0,0.0
564.018,1.2339,2.3987,2.3987,0.0004,0.0,0.0,0.0,0.0
564.075,1.2339,2.3987,2.3987,0.0006,0.0,0.0,0.0,0.0
564.12,1.2339,2.3987,2.3987,0.0,0.0,0.0,0.0,0.0
564.168,1.2339,2.3987,2.3987,-0.0004,0.0,-0.0,0.0,0.0
564.225,1.2339,2.3987,2.3987,-0.0,0.0,-0.0,0.0,0.0
564.271,1.2339,2.3987,2.3987,0.0003,0.0,0.0,0.0,0.0
564.317,1.2338,2.3987,2.3987,-0.0008,0.0,-0.0,0.0,0.0
564.376,1.2338,2.3987,2.3987,-0.0001,0.0,-0.0,0.0,0.0
564.421,1.2339,2.3987,2.3987,0.0007,0.0,0.0,0.0,0.0
564.467,1.2338,2.3987,2.3987,-0.0015,0.0,-0.0,0.0,0.0
564.526,1.2339,2.3987,2.3987,0.001,0.0,0.0,0.0,0.0
564.572,1.2339,2.3988,2.3987,0.0006,0.0,0.0,0.0,0.0
564.618,1.2339,2.3988,2.3987,0.0002,0.0,0.0,0.0,0.0
564.676,1.2338,2.3987,2.3987,-0.0014,0.0,-0.0,0.0,0.0
564.723,1.2338,2.3987,2.3987,-0.0007,0.0,-0.0,0.0,0.0
564.768,1.2339,2.3987,2.3987,0.0014,0.0,0.0,0.0,0.0
564.828,1.2338,2.3987,2.3987,-0.0005,0.0,-0.0,0.0,0.0
564.872,1.2338,2.3987,2.3987,-0.0001,0.0,-0.0,0.0,0.0
564.919,1.2339,2.3987,2.3987,0.0012,0.0,0.0,0.0,0.0
564.966,1.2338,2.3987,2.3987,-0.0008,0.0,-0.0,0.0,0.0
565.023,1.2338,2.3987,2.3987,-0.0004,0.0,-0.0,0.0,0.0
565.067,1.2339,2.3987,2.3987,0.0009,0.0,0.0,0.0,0.0
565.126,1.2339,2.3987,2.3987,-0.0002,0.0,0.0,0.0,0.0
565.173,1.2338,2.3987,2.3987,-0.0001,0.0,-0.0,0.0,0.0
565.217,1.2339,2.3987,2.3987,0.0009,0.0,0.0,0.0,0.0
565.267,1.2339,2.3987,2.3987,-0.0004,0.0,0.0,0.0,0.0
565.324,1.2338,2.3987,2.3987,-0.0003,0.0,-0.0,0.0,0.0
565.367,1.2338,2.3987,2.3987,-0.0001,0.0,-0.0,0.0,0.0
565.427,1.2338,2.3987,2.3987,0.0002,0.0,0.0,0.0,0.0
565.476,1.2339,2.3987,2.3987,0.0004,0.0,0.0,0.0,0.0
565.518,1.2339,2.3987,2.3987,-0.0001,0.0,0.0,0.0,0.0
565.568,1.2339,2.3987,2.3987,0.0001,0.0,0.0,0.0,0.0
565.625,1.2339,2.3987,2.3987,0.0001,0.0,0.0,0.0,0.0
565.666,1.2339,2.3987,2.3987,0.0002,0.0,0.0,0.0,0.0
565.725,1.2338,2.3987,2.3987,-0.0009,0.0,-0.0,0.0,0.0
565.77,1.2339,2.3987,2.3987,0.0008,0.0,0.0,0.0,0.0
565.817,1.2339,2.3987,2.3987,-0.0005,0.0,-0.0,0.0,0.0
565.875,1.2339,2.3987,2.3987,0.0002,0.0,0.0,0.0,0.0
565.918,1.2339,2.3987,2.3987,-0.0004,0.0,-0.0,0.0,0.0
565.968,1.2339,2.3987,2.3987,0.0001,0.0,-0.0,0.0,0.0
566.026,1.2339,2.3988,2.3987,0.0014,0.0,0.0,0.0,0.0
566.066,1.2339,2.3987,2.3987,-0.0014,0.0,-0.0,0.0,0.0
566.126,1.2339,2.3987,2.3987,-0.0002,0.0,-0.0,0.0,0.0
566.174,1.2338,2.3987,2.3987,-0.0007,0.0,-0.0,0.0,0.0
566.218,1.2338,2.3987,2.3987,-0.0004,0.0,-0.0,0.0,0.0
566.266,1.2339,2.3987,2.3987,0.0009,0.0,0.0,0.0,0.0
566.324,1.2339,2.3987,2.3987,0.0003,0.0,0.0,0.0,0.0
566.367,1.2339,2.3988,2.3987,0.0009,0.0,0.0,0.0,0.0
566.425,1.2339,2.3987,2.3987,-0.0009,0.0,-0.0,0.0,0.0
566.474,1.2338,2.3987,2.3987,-0.0006,0.0,-0.0,0.0,0.0
566.517,1.2339,2.3987,2.3987,0.0009,0.0,0.0,0.0,0.0
566.577,1.2339,2.3987,2.3987,0.0,0.0,0.0,0.0,0.0
566.624,1.2339,2.3987,2.3987,-0.0004,0.0,-0.0,0.0,0.0
566.669,1.2339,2.3987,2.3987,0.0001,0.0,0.0,0.0,0.0
566.729,1.2339,2.3988,2.3987,0.0008,0.0,0.0,0.0,0.0
566.772,1.2339,2.3987,2.3987,-0.0008,0.0,-0.0,0.0,0.0
566.819,1.2339,2.3987,2.3987,0.0004,0.0,0.0,0.0,0.0
566.879,1.2338,2.3987,2.3987,-0.0011,0.0,-0.0,0.0,0.0
566.923,1.2338,2.3987,2.3987,0.0001,0.0,-0.0,0.0,0.0
566.968,1.2338,2.3987,2.3987,-0.0003,0.0,-0.0,0.0,0.0
567.03,1.2339,2.3987,2.3987,0.0016,0.0,0.0,0.0,0.0
567.072,1.2339,2.3988,2.3987,0.0008,0.0,0.0,0.0,0.0
567.117,1.2339,2.3987,2.3987,-0.0014,0.0,-0.0,0.0,0.0
567.176,1.2338,2.3987,2.3987,-0.0007,0.0,-0.0,0.0,0.0
567.222,1.2339,2.3987,2.3987,0.0005,0.0,-0.0,0.0,0.0
567.268,1.2339,2.3988,2.3987,0.0009,0.0,0.0,0.0,0.0
567.326,1.2339,2.3987,2.3987,-0.0007,0.0,-0.0,0.0,0.0
567.372,1.2339,2.3988,2.3987,0.0008,0.0,0.0,0.0,0.0
567.418,1.2339,2.3988,2.3987,-0.0001,0.0,0.0,0.0,0.0
567.477,1.2339,2.3987,2.3987,-0.0009,0.0,-0.0,0.0,0.0
567.524,1.2338,2.3987,2.3987,-0.0002,0.0,-0.0,0.0,0.0
567.568,1.2339,2.3987,2.3987,0.0009,0.0,0.0,0.0,0.0
567.627,1.2339,2.3988,2.3987,0.0004,0.0,0.0,0.0,0.0
567.673,1.2339,2.3987,2.3987,-0.0004,0.0,0.0,0.0,0.0
567.72,1.2339,2.3987,2.3987,0.0001,0.0,0.0,0.0,0.0
567.766,1.2338,2.3987,2.3987,-0.001,0.0,-0.0,0.0,0.0
567.823,1.2339,2.3987,2.3987,0.0004,0.0,-0.0,0.0,0.0
567.867,1.2338,2.3987,2.3987,-0.0004,0.0,-0.0,0.0,0.0
567.925,1.2339,2.3987,2.3987,0.0006,0.0,0.0,0.0,0.0
567.973,1.2339,2.3988,2.3987,0.0007,0.0,0.0,0.0,0.0
568.021,1.2339,2.3987,2.3987,-0.0007,0.0,-0.0,0.0,0.0
568.068,1.2338,2.3987,2.3987,-0.0009,0.0,-0.0,0.0,0.0
568.126,1.2339,2.3987,2.3987,0.0005,0.0,0.0,0.0,0.0
568.167,1.2338,2.3987,2.3987,-0.0008,0.0,-0.0,0.0,0.0
568.228,1.2339,2.3987,2.3987,0.0007,0.0,0.0,0.0,0.0
568.275,1.2339,2.3988,2.3987,0.0008,0.0,0.0,0.0,0.0
568.318,1.2338,2.3987,2.3987,-0.0025,0.0,-0.0,0.0,0.0
568.369,1.2339,2.3987,2.3987,0.0012,0.0,0.0,0.0,0.0
568.426,1.2339,2.3988,2.3987,0.0007,0.0,0.0,0.0,0.0
568.468,1.2338,2.3987,2.3987,-0.0015,0.0,-0.0,0.0,0.0
568.518,1.2339,2.3987,2.3987,0.0002,0.0,-0.0,0.0,0.0
568.575,1.2339,2.3988,2.3987,0.0007,0.0,0.0,0.0,0.0
568.618,1.2339,2.3987,2.3987,-0.0002,0.0,0.0,0.0,0.0
568.667,1.2338,2.3987,2.3987,-0.0017,0.0,-0.0,0.0,0.0
568.724,1.2339,2.3988,2.3987,0.0023,0.0,0.0,0.0,0.0
568.77,1.2339,2.3988,2.3987,-0.0003,0.0,0.0,0.0,0.0
568.818,1.2338,2.3987,2.3987,-0.0012,0.0,-0.0,0.0,0.0
568.878,1.2339,2.3987,2.3987,0.0001,0.0,-0.0,0.0,0.0
568.92,1.2339,2.3987,2.3987,0.0003,0.0,0.0,0.0,0.0
568.968,1.2339,2.3988,2.3987,0.0017,0.0,0.0,0.0,0.0
569.025,1.2339,2.3987,2.3987,-0.0017,0.0,-0.0,0.0,0.0
569.07,1.2339,2.3988,2.3987,0.001,0.0,0.0,0.0,0.0
569.119,1.2339,2.3988,2.3987,0.0003,0.0,0.0,0.0,0.0
569.175,1.2338,2.3987,2.3987,-0.002,0.0,-0.0,0.0,0.0
569.223,1.2339,2.3987,2.3987,0.0005,0.0,-0.0,0.0,0.0
569.267,1.2339,2.3987,2.3987,0.0004,0.0,0.0,0.0,0.0
569.329,1.2339,2.3988,2.3987,0.0007,0.0,0.0,0.0,0.0
569.369,1.2339,2.3987,2.3987,-0.0004,0.0,0.0,0.0,0.0
569.429,1.2339,2.3987,2.3987,0.0002,0.0,0.0,0.0,0.0
569.476,1.2339,2.3987,2.3987,-0.0002,0.0,-0.0,0.0,0.0
569.52,1.2339,2.3987,2.3987,-0.0006,0.0,-0.0,0.0,0.0
569.568,1.2339,2.3988,2.3987,0.0011,0.0,0.0,0.0,0.0
569.628,1.2339,2.3988,2.3987,-0.0002,0.0,0.0,0.0,0.0
569.671,1.2339,2.3987,2.3987,-0.001,0.0,-0.0,0.0,0.0
569.726,1.2339,2.3987,2.3987,0.0007,0.0,0.0,0.0,0.0
569.774,1.2339,2.3988,2.3987,0.0002,0.0,0.0,0.0,0.0
569.819,1.2339,2.3988,2.3987,-0.0002,0.0,0.0,0.0,0.0
569.878,1.2339,2.3988,2.3987,0.0009,0.0,0.0,0.0,0.0
569.922,1.2339,2.3987,2.3987,-0.001,0.0,-0.0,0.0,0.0
569.968,1.2339,2.3987,2.3987,0.0001,0.0,-0.0,0.0,0.0
570.027,1.2339,2.3988,2.3988,0.0004,0.0,0.0,0.0,0.0
570.073,1.2338,2.3987,2.3987,-0.0014,0.0,-0.0,0.0,0.0
570.118,1.2339,2.3988,2.3987,0.0018,0.0,0.0,0.0,0.0
570.175,1.2339,2.3987,2.3987,-0.0007,0.0,-0.0,0.0,0.0
570.221,1.2339,2.3988,2.3987,0.0006,0.0,0.0,0.0,0.0
570.269,1.2339,2.3987,2.3987,-0.0005,0.0,-0.0,0.0,0.0
570.325,1.2339,2.3987,2.3987,-0.0004,0.0,-0.0,0.0,0.0
570.37,1.2339,2.3987,2.3987,-0.0,0.0,-0.0,0.0,0.0
570.43,1.2339,2.3987,2.3987,-0.0001,0.0,-0.0,0.0,0.0
570.475,1.2339,2.3987,2.3987,0.0001,0.0,-0.0,0.0,0.0
570.519,1.2339,2.3988,2.3987,0.0015,0.0,0.0,0.0,0.0
570.569,1.2338,2.3987,2.3987,-0.0018,0.0,-0.0,0.0,0.0
570.627,1.2338,2.3987,2.3987,0.0001,0.0,-0.0,0.0,0.0
570.668,1.2339,2.3987,2.3987,0.0005,0.0,0.0,0.0,0.0
570.728,1.2339,2.3987,2.3987,-0.0003,0.0,-0.0,0.0,0.0
570.775,1.2338,2.3987,2.3987,-0.0009,0.0,-0.0,0.0,0.0
570.818,1.2339,2.3987,2.3987,0.0013,0.0,0.0,0.0,0.0
570.868,1.2339,2.3987,2.3987,0.0005,0.0,0.0,0.0,0.0
570.925,1.2339,2.3987,2.3987,0.0,0.0,0.0,0.0,0.0
570.968,1.2339,2.3987,2.3987,0.0001,0.0,0.0,0.0,0.0
571.026,1.2339,2.3988,2.3987,0.0011,0.0,0.0,0.0,0.0
571.073,1.2339,2.3987,2.3987,-0.0011,0.0,-0.0,0.0,0.0
571.119,1.2339,2.3987,2.3987,-0.0001,0.0,-0.0,0.0,0.0
571.167,1.234,2.3988,2.3987,0.0015,0.0,0.0,0.0,0.0
571.224,1.2339,2.3987,2.3987,-0.0013,0.0,-0.0,0.0,0.0
571.267,1.2339,2.3987,2.3987,-0.0004,0.0,-0.0,0.0,0.0
571.326,1.2339,2.3987,2.3987,0.0003,0.0,-0.0,0.0,0.0
571.373,1.2339,2.3988,2.3987,0.0007,0.0,0.0,0.0,0.0
571.418,1.2339,2.3987,2.3987,-0.001,0.0,-0.0,0.0,0.0
571.467,1.2338,2.3987,2.3987,-0.0007,0.0,-0.0,0.0,0.0
571.524,1.2339,2.3987,2.3987,0.0008,0.0,0.0,0.0,0.0
571.568,1.2339,2.3987,2.3987,-0.0006,0.0,-0.0,0.0,0.0
571.627,1.2338,2.3987,2.3987,-0.0008,0.0,-0.0,0.0,0.0
571.676,1.2338,2.3987,2.3987,0.0002,0.0,-0.0,0.0,0.0
571.718,1.2339,2.3987,2.3987,0.0006,0.0,0.0,0.0,0.0
571.768,1.2339,2.3988,2.3987,0.0007,0.0,0.0,0.0,0.0
571.825,1.2338,2.3987,2.3987,-0.0012,0.0,-0.0,0.0,0.0
571.868,1.2339,2.3987,2.3987,0.0009,0.0,0.0,0.0,0.0
571.928,1.2338,2.3986,2.3987,-0.0021,0.0,-0.0,0.0,0.0
571.974,1.2339,2.3987,2.3987,0.0018,0.0,0.0,0.0,0.0
572.018,1.2339,2.3987,2.3987,0.0006,0.0,0.0,0.0,0.0
572.068,1.2339,2.3987,2.3987,0.0001,0.0,0.0,0.0,0.0
572.127,1.2339,2.3988,2.3987,0.0002,0.0,0.0,0.0,0.0
572.168,1.2339,2.3987,2.3987,-0.0006,0.0,-0.0,0.0,0.0
572.227,1.2339,2.3987,2.3987,0.0001,0.0,-0.0,0.0,0.0
572.276,1.2338,2.3987,2.3987,-0.001,0.0,-0.0,0.0,0.0
572.32,1.2338,2.3987,2.3987,-0.0006,0.0,-0.0,0.0,0.0
572.367,1.2339,2.3988,2.3987,0.0026,0.0,0.0,0.0,0.0
572.426,1.2339,2.3987,2.3987,-0.0007,0.0,0.0,0.0,0.0
572.469,1.2338,2.3987,2.3987,-0.0017,0.0,-0.0,0.0,0.0
572.518,1.2339,2.3987,2.3987,0.0009,0.0,0.0,0.0,0.0
572.576,1.2339,2.3987,2.3987,0.0004,0.0,0.0,0.0,0.0
572.623,1.2339,2.3987,2.3987,0.0,0.0,0.0,0.0,0.0
572.667,1.2339,2.3987,2.3987,-0.0001,0.0,0.0,0.0,0.0
572.727,1.2339,2.3987,2.3987,-0.0003,0.0,-0.0,0.0,0.0
572.769,1.2339,2.3987,2.3987,0.0005,0.0,0.0,0.0,0.0
572.818,1.2339,2.3987,2.3987,-0.0008,0.0,-0.0,0.0,0.0
572.875,1.2338,2.3987,2.3987,-0.0004,0.0,-0.0,0.0,0.0
572.92,1.2339,2.3987,2.3987,0.0005,0.0,-0.0,0.0,0.0
572.968,1.2339,2.3987,2.3987,0.0002,0.0,0.0,0.0,0.0
573.026,1.2338,2.3987,2.3987,-0.0008,0.0,-0.0,0.0,0.0
573.068,1.2339,2.3988,2.3987,0.0015,0.0,0.0,0.0,0.0
573.129,1.2339,2.3987,2.3987,-0.0006,0.0,-0.0,0.0,0.0
573.173,1.2339,2.3987,2.3987,0.0,0.0,-0.0,0.0,0.0
573.22,1.2338,2.3987,2.3987,-0.0011,0.0,-0.0,0.0,0.0
573.277,1.2338,2.3987,2.3987,-0.0001,0.0,-0.0,0.0,0.0
573.322,1.2339,2.3987,2.3987,0.0012,0.0,0.0,0.0,0.0
573.369,1.2338,2.3987,2.3987,-0.0008,0.0,-0.0,0.0,0.0
573.428,1.2338,2.3987,2.3987,0.0,0.0,-0.0,0.0,0.0
573.473,1.2339,2.3987,2.3987,0.0005,0.0,0.0,0.0,0.0
573.519,1.2338,2.3987,2.3987,-0.0008,0.0,-0.0,0.0,0.0
573.567,1.2338,2.3987,2.3987,-0.0007,0.0,-0.0,0.0,0.0
573.624,1.2339,2.3987,2.3987,0.0014,0.0,0.0,0.0,0.0
573.667,1.2339,2.3987,2.3987,0.0001,0.0,0.0,0.0,0.0
573.725,1.2338,2.3987,2.3987,-0.0007,0.0,-0.0,0.0,0.0
573.775,1.2339,2.3987,2.3987,0.0007,0.0,0.0,0.0,0.0
573.817,1.2339,2.3987,2.3987,-0.0,0.0,0.0,0.0,0.0
573.867,1.2338,2.3987,2.3987,-0.0014,0.0,-0.0,0.0,0.0
573.923,1.2339,2.3987,2.3987,0.0008,0.0,0.0,0.0,0.0
573.967,1.2338,2.3987,2.3987,-0.0006,0.0,-0.0,0.0,0.0
574.024,1.2338,2.3987,2.3987,0.0003,0.0,-0.0,0.0,0.0
574.067,1.2339,2.3987,2.3987,0.0004,0.0,0.0,0.0,0.0
574.129,1.2339,2.3987,2.3987,0.0003,0.0,0.0,0.0,0.0
574.171,1.2339,2.3988,2.3987,0.0003,0.0,0.0,0.0,0.0
574.229,1.2339,2.3988,2.3987,0.0,0.0,0.0,0.0,0.0
574.274,1.2339,2.3987,2.3987,-0.0007,0.0,-0.0,0.0,0.0
574.318,1.2338,2.3987,2.3987,-0.0015,0.0,-0.0,0.0,0.0
574.368,1.2338,2.3987,2.3987,0.0004,0.0,-0.0,0.0,0.0
574.422,1.2338,2.3987,2.3987,0.0005,0.0,0.0,0.0,0.0
574.468,1.2338,2.3987,2.3987,-0.0003,0.0,-0.0,0.0,0.0
574.527,1.2339,2.3987,2.3987,0.0012,0.0,0.0,0.0,0.0
574.573,1.2338,2.3986,2.3987,-0.002,0.0,-0.0,0.0,0.0
574.619,1.2339,2.3987,2.3987,0.0017,0.0,0.0,0.0,0.0
574.676,1.2339,2.3987,2.3987,0.0004,0.0,0.0,0.0,0.0
574.72,1.2338,2.3987,2.3987,-0.0015,0.0,-0.0,0.0,0.0
574.767,1.2339,2.3987,2.3987,0.0013,0.0,0.0,0.0,0.0
574.828,1.2339,2.3987,2.3987,0.0006,0.0,0.0,0.0,0.0
574.869,1.2339,2.3987,2.3987,-0.0,0.0,0.0,0.0,0.0
574.918,1.2339,2.3987,2.3987,-0.0004,0.0,-0.0,0.0,0.0
574.974,1.2339,2.3987,2.3987,-0.0003,0.0,-0.0,0.0,0.0
575.022,1.2339,2.3987,2.3987,0.0007,0.0,0.0,0.0,0.0
575.067,1.2338,2.3987,2.3987,-0.0012,0.0,-0.0,0.0,0.0
575.125,1.2339,2.3987,2.3987,0.0005,0.0,0.0,0.0,0.0
575.17,1.2339,2.3988,2.3987,0.0018,0.0,0.0,0.0,0.0
575.218,1.2339,2.3987,2.3987,-0.0017,0.0,-0.0,0.0,0.0
575.275,1.2338,2.3987,2.3987,-0.0005,0.0,-0.0,0.0,0.0
575.322,1.2338,2.3987,2.3987,-0.0002,0.0,-0.0,0.0,0.0
575.37,1.2339,2.3987,2.3987,0.0006,0.0,0.0,0.0,0.0
575.425,1.2339,2.3987,2.3987,-0.0001,0.0,-0.0,0.0,0.0
575.472,1.2339,2.3987,2.3987,0.0,0.0,0.0,0.0,0.0
575.517,1.2339,2.3988,2.3987,0.0008,0.0,0.0,0.0,0.0
575.576,1.2339,2.3987,2.3987,-0.0007,0.0,-0.0,0.0,0.0
575.621,1.2338,2.3987,2.3987,-0.0004,0.0,-0.0,0.0,0.0
575.667,1.2339,2.3988,2.3987,0.0013,0.0,0.0,0.0,0.0
575.73,1.2339,2.3987,2.3987,-0.0005,0.0,0.0,0.0,0.0
575.772,1.2339,2.3987,2.3987,-0.0001,0.0,-0.0,0.0,0.0
575.818,1.2338,2.3987,2.3987,-0.001,0.0,-0.0,0.0,0.0
575.877,1.2338,2.3987,2.3987,0.0005,0.0,-0.0,0.0,0.0
575.922,1.2338,2.3987,2.3987,-0.0003,0.0,-0.0,0.0,0.0
575.968,1.2338,2.3987,2.3987,-0.0005,0.0,-0.0,0.0,0.0
576.03,1.2339,2.3987,2.3987,0.0013,0.0,0.0,0.0,0.0
576.074,1.2338,2.3987,2.3987,-0.0004,0.0,0.0,0.0,0.0
576.119,1.2339,2.3987,2.3987,0.0009,0.0,0.0,0.0,0.0
576.166,1.2338,2.3987,2.3987,-0.0008,0.0,-0.0,0.0,0.0
576.224,1.2338,2.3987,2.3987,0.0001,0.0,-0.0,0.0,0.0
576.267,1.2338,2.3986,2.3987,-0.0014,0.0,-0.0,0.0,0.0
576.327,1.2338,2.3987,2.3987,0.0012,0.0,0.0,0.0,0.0
576.375,1.2338,2.3987,2.3987,-0.0008,0.0,-0.0,0.0,0.0
576.418,1.2338,2.3987,2.3987,0.0008,0.0,0.0,0.0,0.0
576.468,1.2339,2.3987,2.3987,0.0005,0.0,0.0,0.0,0.0
576.524,1.2339,2.3987,2.3987,0.0004,0.0,0.0,0.0,0.0
576.568,1.2338,2.3987,2.3987,-0.0007,0.0,-0.0,0.0,0.0
576.627,1.2338,2.3987,2.3987,-0.0009,0.0,-0.0,0.0,0.0
576.676,1.2339,2.3987,2.3987,0.0015,0.0,0.0,0.0,0.0
576.719,1.2339,2.3987,2.3987,-0.0005,0.0,0.0,0.0,0.0
576.769,1.2338,2.3987,2.3987,-0.0013,0.0,-0.0,0.0,0.0
576.828,1.2338,2.3987,2.3987,0.0001,0.0,-0.0,0.0,0.0
576.867,1.2339,2.3987,2.3987,0.0015,0.0,0.0,0.0,0.0
576.927,1.2339,2.3987,2.3987,0.0003,0.0,0.0,0.0,0.0
576.973,1.2338,2.3987,2.3987,-0.0008,0.0,-0.0,0.0,0.0
577.02,1.2339,2.3987,2.3987,0.0002,0.0,0.0,0.0,0.0
577.067,1.2339,2.3987,2.3987,0.0002,0.0,0.0,0.0,0.0
577.125,1.2338,2.3987,2.3987,-0.0004,0.0,-0.0,0.0,0.0
577.167,1.2338,2.3987,2.3987,0.0003,0.0,0.0,0.0,0.0
577.226,1.2338,2.3987,2.3987,-0.0006,0.0,-0.0,0.0,0.0
577.27,1.2339,2.3988,2.3987,0.0015,0.0,0.0,0.0,0.0
577.318,1.2338,2.3987,2.3987,-0.0012,0.0,-0.0,0.0,0.0
577.375,1.2338,2.3987,2.3987,-0.0007,0.0,-0.0,0.0,0.0
577.42,1.2339,2.3987,2.3987,0.0016,0.0,0.0,0.0,0.0
577.468,1.2339,2.3987,2.3987,-0.0002,0.0,0.0,0.0,0.0
577.525,1.2338,2.3987,2.3987,-0.0007,0.0,-0.0,0.0,0.0
577.572,1.2338,2.3987,2.3987,-0.0006,0.0,-0.0,0.0,0.0
577.62,1.2339,2.3987,2.3987,0.001,0.0,0.0,0.0,0.0
577.674,1.2339,2.3987,2.3987,0.0001,0.0,0.0,0.0,0.0
577.719,1.2339,2.3987,2.3987,0.0005,0.0,0.0,0.0,0.0
577.768,1.2339,2.3987,2.3987,-0.0002,0.0,0.0,0.0,0.0
577.827,1.2338,2.3987,2.3987,-0.0005,0.0,-0.0,0.0,0.0
577.874,1.2338,2.3987,2.3987,0.0001,0.0,-0.0,0.0,0.0
577.918,1.2339,2.3987,2.3987,0.0005,0.0,0.0,0.0,0.0
577.975,1.2339,2.3987,2.3987,-0.0004,0.0,-0.0,0.0,0.0
578.018,1.2339,2.3987,2.3987,0.0001,0.0,0.0,0.0,0.0
578.068,1.2338,2.3987,2.3987,-0.0012,0.0,-0.0,0.0,0.0
578.125,1.2338,2.3987,2.3987,0.0007,0.0,-0.0,0.0,0.0
578.167,1.2339,2.3987,2.3987,0.0004,0.0,0.0,0.0,0.0
578.225,1.2339,2.3987,2.3987,0.0006,0.0,0.0,0.0,0.0
578.27,1.2338,2.3987,2.3987,-0.001,0.0,-0.0,0.0,0.0
578.319,1.2338,2.3987,2.3987,-0.0004,0.0,-0.0,0.0,0.0
578.375,1.2339,2.3987,2.3987,0.001,0.0,0.0,0.0,0.0
578.421,1.2338,2.3987,2.3987,-0.0006,0.0,-0.0,0.0,0.0
578.468,1.2338,2.3987,2.3987,-0.0,0.0,-0.0,0.0,0.0
578.527,1.2338,2.3987,2.3987,-0.0002,0.0,-0.0,0.0,0.0
578.57,1.2338,2.3987,2.3987,0.0004,0.0,0.0,0.0,0.0
578.619,1.2338,2.3987,2.3987,-0.0002,0.0,-0.0,0.0,0.0
578.676,1.2338,2.3987,2.3987,0.0003,0.0,0.0,0.0,0.0
578.721,1.2339,2.3987,2.3987,0.0008,0.0,0.0,0.0,0.0
578.768,1.2338,2.3987,2.3987,-0.0018,0.0,-0.0,0.0,0.0
578.828,1.2338,2.3987,2.3987,0.0002,0.0,-0.0,0.0,0.0
578.871,1.2339,2.3987,2.3987,0.0012,0.0,0.0,0.0,0.0
578.918,1.2338,2.3987,2.3987,-0.0013,0.0,-0.0,0.0,0.0
578.977,1.2338,2.3986,2.3987,-0.001,0.0,-0.0,0.0,0.0
579.024,1.2338,2.3987,2.3987,0.0007,0.0,-0.0,0.0,0.0
579.068,1.2338,2.3987,2.3987,0.0005,0.0,0.0,0.0,0.0
579.127,1.2338,2.3987,2.3987,-0.0003,0.0,-0.0,0.0,0.0
579.172,1.2338,2.3987,2.3987,-0.0003,0.0,-0.0,0.0,0.0
579.219,1.2338,2.3987,2.3987,0.0001,0.0,-0.0,0.0,0.0
579.277,1.2338,2.3987,2.3987,0.0005,0.0,0.0,0.0,0.0
579.325,1.2338,2.3987,2.3987,-0.0004,0.0,-0.0,0.0,0.0
579.368,1.2339,2.3987,2.3987,0.0017,0.0,0.0,0.0,0.0
579.429,1.2339,2.3987,2.3987,-0.0005,0.0,0.0,0.0,0.0
579.474,1.2338,2.3987,2.3987,-0.0005,0.0,-0.0,0.0,0.0
579.519,1.2339,2.3987,2.3987,0.0008,0.0,0.0,0.0,0.0
579.578,1.2338,2.3987,2.3987,-0.0007,0.0,-0.0,0.0,0.0
579.625,1.2338,2.3987,2.3987,0.0002,0.0,-0.0,0.0,0.0
579.666,1.2338,2.3987,2.3987,-0.0003,0.0,-0.0,0.0,0.0
579.727,1.2338,2.3987,2.3987,0.0004,0.0,0.0,0.0,0.0
579.774,1.2339,2.3987,2.3987,0.0002,0.0,0.0,0.0,0.0
579.821,1.2338,2.3987,2.3987,-0.0005,0.0,-0.0,0.0,0.0
579.868,1.2339,2.3987,2.3987,0.001,0.0,0.0,0.0,0.0
579.924,1.2338,2.3987,2.3987,-0.0011,0.0,-0.0,0.0,0.0
579.968,1.2338,2.3986,2.3987,-0.0006,0.0,-0.0,0.0,0.0
580.027,1.2339,2.3987,2.3987,0.0016,0.0,0.0,0.0,0.0
580.074,1.2339,2.3987,2.3987,-0.0001,0.0,0.0,0.0,0.0
580.118,1.2338,2.3987,2.3987,-0.0011,0.0,-0.0,0.0,0.0
580.168,1.2338,2.3987,2.3987,0.0005,0.0,0.0,0.0,0.0
580.224,1.2339,2.3987,2.3987,0.0004,0.0,0.0,0.0,0.0
580.268,1.2339,2.3987,2.3987,0.0004,0.0,0.0,0.0,0.0
580.327,1.2339,2.3988,2.3987,0.0004,0.0,0.0,0.0,0.0
580.371,1.2339,2.3987,2.3987,-0.0006,0.0,-0.0,0.0,0.0
580.418,1.2339,2.3987,2.3987,0.0002,0.0,0.0,0.0,0.0
580.475,1.2339,2.3987,2.3987,-0.0001,0.0,-0.0,0.0,0.0
580.521,1.2338,2.3986,2.3987,-0.0018,0.0,-0.0,0.0,0.0
580.569,1.2338,2.3987,2.3987,0.0013,0.0,0.0,0.0,0.0
580.626,1.2338,2.3987,2.3987,-0.0003,0.0,-0.0,0.0,0.0
580.668,1.2338,2.3987,2.3987,0.0,0.0,-0.0,0.0,0.0
580.728,1.2339,2.3987,2.3987,0.0012,0.0,0.0,0.0,0.0
580.774,1.2339,2.3987,2.3987,-0.0003,0.0,0.0,0.0,0.0
580.82,1.2339,2.3987,2.3987,0.0003,0.0,0.0,0.0,0.0
580.877,1.2339,2.3987,2.3987,-0.0002,0.0,0.0,0.0,0.0
580.922,1.2338,2.3987,2.3987,-0.0005,0.0,-0.0,0.0,0.0
580.968,1.2339,2.3987,2.3987,0.0003,0.0,0.0,0.0,0.0
581.027,1.2338,2.3987,2.3987,-0.0004,0.0,-0.0,0.0,0.0
581.072,1.2339,2.3987,2.3987,0.0002,0.0,0.0,0.0,0.0
581.118,1.2339,2.3987,2.3987,0.0007,0.0,0.0,0.0,0.0
581.179,1.2338,2.3987,2.3987,-0.0013,0.0,-0.0,0.0,0.0
581.222,1.2338,2.3987,2.3987,-0.0002,0.0,-0.0,0.0,0.0
581.268,1.2338,2.3986,2.3987,-0.0004,0.0,-0.0,0.0,0.0
581.33,1.2338,2.3987,2.3987,0.0011,0.0,0.0,0.0,0.0
581.373,1.2338,2.3987,2.3987,-0.0001,0.0,0.0,0.0,0.0
581.42,1.2338,2.3987,2.3987,-0.0007,0.0,-0.0,0.0,0.0
581.477,1.2338,2.3986,2.3987,-0.0004,0.0,-0.0,0.0,0.0
581.523,1.2339,2.3987,2.3987,0.0018,0.0,0.0,0.0,0.0
581.568,1.2339,2.3987,2.3987,-0.0003,0.0,0.0,0.0,0.0
581.626,1.2339,2.3987,2.3987,-0.0005,0.0,-0.0,0.0,0.0
581.668,1.2339,2.3987,2.3987,0.0006,0.0,0.0,0.0,0.0
581.726,1.2338,2.3987,2.3987,-0.0009,0.0,-0.0,0.0,0.0
581.772,1.2339,2.3987,2.3987,0.0009,0.0,0.0,0.0,0.0
581.817,1.2339,2.3987,2.3987,-0.0002,0.0,0.0,0.0,0.0
581.876,1.2338,2.3987,2.3987,-0.0008,0.0,-0.0,0.0,0.0
581.92,1.2339,2.3987,2.3987,0.0011,0.0,0.0,0.0,0.0
581.969,1.2339,2.3987,2.3987,-0.0003,0.0,0.0,0.0,0.0
582.024,1.2338,2.3987,2.3987,-0.0005,0.0,-0.0,0.0,0.0
582.068,1.2338,2.3987,2.3987,-0.0005,0.0,-0.0,0.0,0.0
582.127,1.2339,2.3987,2.3987,0.0012,0.0,0.0,0.0,0.0
582.172,1.2339,2.3987,2.3987,-0.0001,0.0,0.0,0.0,0.0
582.219,1.2338,2.3987,2.3987,-0.0008,0.0,-0.0,0.0,0.0
582.274,1.2339,2.3988,2.3987,0.001,0.0,0.0,0.0,0.0
582.321,1.2339,2.3987,2.3987,-0.0004,0.0,0.0,0.0,0.0
582.369,1.2339,2.3987,2.3987,-0.0004,0.0,-0.0,0.0,0.0
582.426,1.2338,2.3987,2.3987,-0.0003,0.0,-0.0,0.0,0.0
582.471,1.2339,2.3987,2.3987,0.0005,0.0,0.0,0.0,0.0
582.52,1.2339,2.3987,2.3987,0.0001,0.0,0.0,0.0,0.0
582.575,1.2338,2.3987,2.3987,-0.0007,0.0,-0.0,0.0,0.0
582.622,1.2338,2.3987,2.3987,-0.0001,0.0,-0.0,0.0,0.0
582.667,1.2339,2.3987,2.3987,0.0007,0.0,0.0,0.0,0.0
582.727,1.2339,2.3987,2.3987,-0.0001,0.0,0.0,0.0,0.0
582.772,1.2339,2.3987,2.3987,0.0001,0.0,0.0,0.0,0.0
582.819,1.2339,2.3987,2.3987,0.0002,0.0,0.0,0.0,0.0
582.877,1.2339,2.3987,2.3987,-0.0005,0.0,-0.0,0.0,0.0
582.925,1.2339,2.3987,2.3987,0.0,0.0,-0.0,0.0,0.0
582.969,1.2339,2.3988,2.3987,0.0012,0.0,0.0,0.0,0.0
583.027,1.2339,2.3987,2.3987,-0.0008,0.0,-0.0,0.0,0.0
583.073,1.2339,2.3987,2.3987,0.0004,0.0,0.0,0.0,0.0
583.12,1.2339,2.3988,2.3987,0.0002,0.0,0.0,0.0,0.0
583.177,1.2339,2.3988,2.3987,-0.0,0.0,0.0,0.0,0.0
583.224,1.2339,2.3987,2.3987,-0.0008,0.0,-0.0,0.0,0.0
583.269,1.2338,2.3987,2.3987,-0.0004,0.0,-0.0,0.0,0.0
583.328,1.2339,2.3987,2.3987,0.0006,0.0,0.0,0.0,0.0
583.374,1.2339,2.3987,2.3987,-0.0001,0.0,0.0,0.0,0.0
583.418,1.2338,2.3987,2.3987,-0.001,0.0,-0.0,0.0,0.0
583.469,1.2339,2.3987,2.3987,0.0009,0.0,0.0,0.0,0.0
583.525,1.2339,2.3988,2.3987,0.0007,0.0,0.0,0.0,0.0
583.568,1.2339,2.3987,2.3987,-0.0007,0.0,-0.0,0.0,0.0
583.627,1.2339,2.3988,2.3987,0.0006,0.0,0.0,0.0,0.0
583.675,1.2339,2.3987,2.3987,-0.0008,0.0,-0.0,0.0,0.0
583.718,1.2339,2.3987,2.3987,0.0008,0.0,0.0,0.0,0.0
583.769,1.2339,2.3987,2.3987,-0.0003,0.0,-0.0,0.0,0.0
583.828,1.2339,2.3987,2.3987,-0.0002,0.0,-0.0,0.0,0.0
583.871,1.2338,2.3987,2.3987,-0.0008,0.0,-0.0,0.0,0.0
583.929,1.2338,2.3987,2.3987,0.0001,0.0,-0.0,0.0,0.0
583.975,1.2339,2.3987,2.3987,0.0011,0.0,0.0,0.0,0.0
584.019,1.2338,2.3987,2.3987,-0.0008,0.0,-0.0,0.0,0.0
584.067,1.2338,2.3987,2.3987,-0.0002,0.0,-0.0,0.0,0.0
584.123,1.2338,2.3987,2.3987,-0.0001,0.0,-0.0,0.0,0.0
584.167,1.2339,2.3987,2.3987,0.0009,0.0,0.0,0.0,0.0
584.226,1.2338,2.3987,2.3987,-0.0008,0.0,-0.0,0.0,0.0
584.273,1.2338,2.3987,2.3987,-0.0002,0.0,-0.0,0.0,0.0
584.318,1.2339,2.3987,2.3987,0.001,0.0,0.0,0.0,0.0
584.367,1.2339,2.3987,2.3987,0.0002,0.0,0.0,0.0,0.0
584.425,1.2339,2.3987,2.3987,-0.0001,0.0,0.0,0.0,0.0
584.468,1.2339,2.3988,2.3987,0.0006,0.0,0.0,0.0,0.0
584.527,1.2338,2.3987,2.3987,-0.0011,0.0,-0.0,0.0,0.0
584.57,1.2339,2.3988,2.3987,0.0011,0.0,0.0,0.0,0.0
584.619,1.2339,2.3987,2.3987,-0.001,0.0,-0.0,0.0,0.0
584.675,1.2338,2.3987,2.3987,-0.0009,0.0,-0.0,0.0,0.0
584.721,1.2338,2.3987,2.3987,0.0005,0.0,-0.0,0.0,0.0
584.769,1.2339,2.3988,2.3987,0.0014,0.0,0.0,0.0,0.0
584.826,1.2338,2.3987,2.3987,-0.0012,0.0,-0.0,0.0,0.0
584.872,1.2338,2.3987,2.3987,-0.0003,0.0,-0.0,0.0,0.0
584.931,1.2339,2.3987,2.3987,0.0011,0.0,0.0,0.0,0.0
584.975,1.2339,2.3987,2.3987,-0.0002,0.0,0.0,0.0,0.0
585.019,1.2338,2.3987,2.3987,-0.0012,0.0,-0.0,0.0,0.0
585.068,1.2338,2.3987,2.3987,0.0004,0.0,-0.0,0.0,0.0
585.127,1.2339,2.3987,2.3987,0.0007,0.0,0.0,0.0,0.0
585.169,1.2339,2.3987,2.3987,0.0003,0.0,0.0,0.0,0.0
585.218,1.2339,2.3987,2.3987,-0.0002,0.0,0.0,0.0,0.0
585.274,1.2339,2.3987,2.3987,-0.0002,0.0,-0.0,0.0,0.0
585.318,1.2338,2.3987,2.3987,-0.0001,0.0,-0.0,0.0,0.0
585.368,1.2338,2.3987,2.3987,-0.0005,0.0,-0.0,0.0,0.0
585.425,1.2338,2.3987,2.3987,-0.0004,0.0,-0.0,0.0,0.0
585.471,1.2338,2.3987,2.3987,0.0007,0.0,0.0,0.0,0.0
585.527,1.2339,2.3988,2.3987,0.0019,0.0,0.0,0.0,0.0
585.571,1.2339,2.3987,2.3987,-0.0008,0.0,0.0,0.0,0.0
585.629,1.2338,2.3987,2.3987,-0.0007,0.0,-0.0,0.0,0.0
585.675,1.2339,2.3987,2.3987,0.0004,0.0,0.0,0.0,0.0
585.718,1.2339,2.3988,2.3987,0.0009,0.0,0.0,0.0,0.0
585.769,1.2339,2.3987,2.3987,-0.0009,0.0,-0.0,0.0,0.0
585.826,1.2338,2.3987,2.3987,-0.0005,0.0,-0.0,0.0,0.0
585.869,1.2338,2.3987,2.3987,0.0001,0.0,-0.0,0.0,0.0
585.927,1.2339,2.3987,2.3987,0.0003,0.0,0.0,0.0,0.0
585.972,1.2339,2.3987,2.3987,0.0005,0.0,0.0,0.0,0.0
586.02,1.2339,2.3988,2.3987,0.0004,0.0,0.0,0.0,0.0
586.077,1.2338,2.3987,2.3987,-0.0011,0.0,-0.0,0.0,0.0
586.121,1.2339,2.3987,2.3987,0.0008,0.0,0.0,0.0,0.0
586.167,1.2339,2.3987,2.3987,-0.0004,0.0,-0.0,0.0,0.0
586.227,1.2339,2.3987,2.3987,0.0005,0.0,0.0,0.0,0.0
586.273,1.2339,2.3988,2.3987,0.0002,0.0,0.0,0.0,0.0
586.32,1.2338,2.3987,2.3987,-0.0018,0.0,-0.0,0.0,0.0
586.378,1.2338,2.3987,2.3987,0.0006,0.0,-0.0,0.0,0.0
586.422,1.2339,2.3987,2.3987,0.0002,0.0,0.0,0.0,0.0
586.468,1.2338,2.3987,2.3987,-0.0006,0.0,-0.0,0.0,0.0
586.53,1.2339,2.3987,2.3987,0.0011,0.0,0.0,0.0,0.0
586.573,1.2339,2.3987,2.3987,0.0001,0.0,0.0,0.0,0.0
586.62,1.2339,2.3987,2.3987,-0.0002,0.0,0.0,0.0,0.0
586.679,1.2338,2.3987,2.3987,-0.0014,0.0,-0.0,0.0,0.0
586.725,1.2338,2.3987,2.3987,0.0002,0.0,-0.0,0.0,0.0
586.769,1.2338,2.3987,2.3987,0.0002,0.0,-0.0,0.0,0.0
586.825,1.2339,2.3987,2.3987,0.0007,0.0,0.0,0.0,0.0
586.874,1.2338,2.3987,2.3987,-0.0008,0.0,-0.0,0.0,0.0
586.917,1.2339,2.3987,2.3987,0.0014,0.0,0.0,0.0,0.0
586.968,1.2338,2.3987,2.3987,-0.0008,0.0,-0.0,0.0,0.0
587.026,1.2338,2.3987,2.3987,0.0,0.0,-0.0,0.0,0.0
587.068,1.2339,2.3988,2.3987,0.0025,0.0,0.0,0.0,0.0
587.128,1.2339,2.3987,2.3987,-0.0015,0.0,-0.0,0.0,0.0
587.176,1.2339,2.3987,2.3987,-0.0003,0.0,-0.0,0.0,0.0
587.22,1.2339,2.3987,2.3987,0.0005,0.0,0.0,0.0,0.0
587.269,1.2339,2.3987,2.3987,0.0,0.0,0.0,0.0,0.0
587.326,1.2339,2.3987,2.3987,-0.0003,0.0,-0.0,0.0,0.0
587.369,1.2339,2.3987,2.3987,0.0001,0.0,0.0,0.0,0.0
587.428,1.2339,2.3987,2.3987,0.0005,0.0,0.0,0.0,0.0
587.476,1.2338,2.3987,2.3987,-0.001,0.0,-0.0,0.0,0.0
587.523,1.2338,2.3987,2.3987,-0.0004,0.0,-0.0,0.0,0.0
587.567,1.2338,2.3987,2.3987,-0.0,0.0,-0.0,0.0,0.0
587.624,1.2339,2.3987,2.3987,0.0013,0.0,0.0,0.0,0.0
587.667,1.2338,2.3987,2.3987,-0.0018,0.0,-0.0,0.0,0.0
587.727,1.2338,2.3987,2.3987,0.0002,0.0,-0.0,0.0,0.0
587.774,1.2339,2.3987,2.3987,0.0011,0.0,0.0,0.0,0.0
587.819,1.2339,2.3987,2.3987,-0.0005,0.0,0.0,0.0,0.0
587.877,1.2338,2.3986,2.3987,-0.0016,0.0,-0.0,0.0,0.0
587.923,1.2338,2.3987,2.3987,0.0006,0.0,-0.0,0.0,0.0
587.969,1.2338,2.3987,2.3987,0.0008,0.0,0.0,0.0,0.0
588.026,1.2339,2.3987,2.3987,0.0005,0.0,0.0,0.0,0.0
588.071,1.2338,2.3986,2.3987,-0.0022,0.0,-0.0,0.0,0.0
588.12,1.2338,2.3987,2.3987,0.0014,0.0,0.0,0.0,0.0
588.175,1.2339,2.3987,2.3987,0.0014,0.0,0.0,0.0,0.0
588.221,1.2338,2.3987,2.3987,-0.0012,0.0,-0.0,0.0,0.0
588.27,1.2338,2.3987,2.3987,0.0003,0.0,0.0,0.0,0.0
588.327,1.2338,2.3987,2.3987,-0.0003,0.0,-0.0,0.0,0.0
588.372,1.2338,2.3987,2.3987,0.0001,0.0,-0.0,0.0,0.0
588.417,1.2338,2.3987,2.3987,0.0003,0.0,0.0,0.0,0.0
588.476,1.2339,2.3987,2.3987,0.0007,0.0,0.0,0.0,0.0
588.523,1.2339,2.3988,2.3987,0.0007,0.0,0.0,0.0,0.0
588.569,1.2338,2.3987,2.3987,-0.0017,0.0,-0.0,0.0,0.0
588.624,1.2338,2.3987,2.3987,-0.0009,0.0,-0.0,0.0,0.0
588.669,1.2338,2.3987,2.3987,0.0006,0.0,-0.0,0.0,0.0
588.718,1.2338,2.3987,2.3987,-0.0004,0.0,-0.0,0.0,0.0
588.775,1.2339,2.3987,2.3987,0.0009,0.0,0.0,0.0,0.0
588.821,1.2338,2.3987,2.3987,-0.0007,0.0,-0.0,0.0,0.0
588.867,1.2339,2.3987,2.3987,0.0009,0.0,0.0,0.0,0.0
588.927,1.2339,2.3987,2.3987,-0.0,0.0,0.0,0.0,0.0
588.969,1.2338,2.3986,2.3987,-0.0017,0.0,-0.0,0.0,0.0
589.027,1.2338,2.3986,2.3987,0.0003,0.0,-0.0,0.0,0.0
589.076,1.2338,2.3987,2.3987,0.001,0.0,0.0,0.0,0.0
589.119,1.2339,2.3987,2.3987,0.0006,0.0,0.0,0.0,0.0
589.167,1.2339,2.3987,2.3987,-0.0003,0.0,0.0,0.0,0.0
589.226,1.2338,2.3987,2.3987,-0.0002,0.0,0.0,0.0,0.0
589.268,1.2339,2.3988,2.3987,0.0014,0.0,0.0,0.0,0.0
589.324,1.2339,2.3988,2.3987,0.0,0.0,0.0,0.0,0.0
589.369,1.2338,2.3987,2.3987,-0.0018,0.0,-0.0,0.0,0.0
589.426,1.2338,2.3987,2.3987,-0.0004,0.0,-0.0,0.0,0.0
589.474,1.2339,2.3987,2.3987,0.0014,0.0,0.0,0.0,0.0
589.518,1.2339,2.3987,2.3987,-0.0001,0.0,0.0,0.0,0.0
589.578,1.2339,2.3987,2.3987,-0.0003,0.0,-0.0,0.0,0.0
589.623,1.2338,2.3987,2.3987,-0.001,0.0,-0.0,0.0,0.0
589.668,1.2339,2.3987,2.3987,0.002,0.0,0.0,0.0,0.0
589.729,1.2339,2.3988,2.3987,0.0002,0.0,0.0,0.0,0.0
589.773,1.2338,2.3987,2.3987,-0.0009,0.0,-0.0,0.0,0.0
589.819,1.2339,2.3988,2.3987,0.0013,0.0,0.0,0.0,0.0
589.878,1.2339,2.3987,2.3987,-0.001,0.0,-0.0,0.0,0.0
589.928,1.2339,2.3988,2.3987,0.0008,0.0,0.0,0.0,0.0
589.969,1.2339,2.3987,2.3987,-0.0002,0.0,0.0,0.0,0.0
590.026,1.2339,2.3987,2.3987,-0.0004,0.0,-0.0,0.0,0.0
590.074,1.2339,2.3987,2.3987,0.0001,0.0,-0.0,0.0,0.0
590.118,1.2338,2.3987,2.3987,-0.0013,0.0,-0.0,0.0,0.0
590.169,1.2339,2.3988,2.3987,0.002,0.0,0.0,0.0,0.0
590.225,1.2339,2.3988,2.3987,-0.0001,0.0,0.0,0.0,0.0
590.269,1.2339,2.3987,2.3987,-0.0007,0.0,-0.0,0.0,0.0
590.327,1.2338,2.3987,2.3987,-0.001,0.0,-0.0,0.0,0.0
590.374,1.2339,2.3988,2.3987,0.0014,0.0,0.0,0.0,0.0
590.419,1.2338,2.3987,2.3987,-0.0017,0.0,-0.0,0.0,0.0
590.469,1.2339,2.3987,2.3987,0.0006,0.0,-0.0,0.0,0.0
590.526,1.2338,2.3987,2.3987,-0.0006,0.0,-0.0,0.0,0.0
590.569,1.2338,2.3987,2.3987,-0.0008,0.0,-0.0,0.0,0.0
590.629,1.2338,2.3987,2.3987,0.0008,0.0,0.0,0.0,0.0
590.674,1.2338,2.3987,2.3987,0.0001,0.0,0.0,0.0,0.0
590.721,1.2339,2.3987,2.3987,0.0007,0.0,0.0,0.0,0.0
590.768,1.2338,2.3987,2.3987,-0.0008,0.0,-0.0,0.0,0.0
590.826,1.2339,2.3987,2.3987,0.0002,0.0,-0.0,0.0,0.0
590.87,1.2339,2.3988,2.3987,0.0016,0.0,0.0,0.0,0.0
590.919,1.2339,2.3987,2.3987,-0.0011,0.0,-0.0,0.0,0.0
590.976,1.2338,2.3987,2.3987,-0.0012,0.0,-0.0,0.0,0.0
591.02,1.2338,2.3987,2.3987,0.0001,0.0,-0.0,0.0,0.0
591.068,1.2339,2.3987,2.3987,0.0006,0.0,0.0,0.0,0.0
591.127,1.2338,2.3987,2.3987,-0.0002,0.0,-0.0,0.0,0.0
591.171,1.2338,2.3987,2.3987,-0.0003,0.0,-0.0,0.0,0.0
591.219,1.2339,2.3987,2.3987,0.0007,0.0,0.0,0.0,0.0
591.276,1.2338,2.3987,2.3987,-0.0003,0.0,-0.0,0.0,0.0
591.319,1.2338,2.3987,2.3987,-0.0007,0.0,-0.0,0.0,0.0
591.368,1.2339,2.3987,2.3987,0.001,0.0,0.0,0.0,0.0
591.427,1.2339,2.3988,2.3987,0.0009,0.0,0.0,0.0,0.0
591.469,1.2339,2.3987,2.3987,-0.0012,0.0,-0.0,0.0,0.0
591.518,1.2339,2.3987,2.3987,0.0005,0.0,0.0,0.0,0.0
591.574,1.2338,2.3987,2.3987,-0.0013,0.0,-0.0,0.0,0.0
591.622,1.2338,2.3987,2.3987,0.0001,0.0,-0.0,0.0,0.0
591.669,1.2338,2.3987,2.3987,-0.0002,0.0,-0.0,0.0,0.0
591.726,1.2338,2.3987,2.3987,0.0002,0.0,-0.0,0.0,0.0
591.768,1.2339,2.3987,2.3987,0.0008,0.0,0.0,0.0,0.0
591.828,1.2339,2.3988,2.3987,0.0011,0.0,0.0,0.0,0.0
591.872,1.2338,2.3986,2.3987,-0.0026,0.0,-0.0,0.0,0.0
591.918,1.2339,2.3987,2.3987,0.0018,0.0,0.0,0.0,0.0
591.975,1.2339,2.3987,2.3987,0.0003,0.0,0.0,0.0,0.0
592.022,1.2339,2.3987,2.3987,0.0,0.0,0.0,0.0,0.0
592.068,1.2339,2.3987,2.3987,0.0001,0.0,0.0,0.0,0.0
592.129,1.2339,2.3987,2.3987,-0.0002,0.0,0.0,0.0,0.0
592.168,1.2339,2.3988,2.3987,0.001,0.0,0.0,0.0,0.0
592.218,1.2339,2.3988,2.3987,-0.0001,0.0,0.0,0.0,0.0
592.275,1.2338,2.3987,2.3987,-0.0015,0.0,-0.0,0.0,0.0
592.318,1.2339,2.3988,2.3987,0.0014,0.0,0.0,0.0,0.0
592.368,1.2339,2.3987,2.3987,-0.0006,0.0,-0.0,0.0,0.0
592.425,1.2338,2.3987,2.3987,-0.001,0.0,-0.0,0.0,0.0
592.467,1.2338,2.3987,2.3987,-0.0001,0.0,-0.0,0.0,0.0
592.527,1.2339,2.3987,2.3987,0.0008,0.0,0.0,0.0,0.0
592.575,1.2338,2.3987,2.3987,-0.0003,0.0,-0.0,0.0,0.0
592.619,1.2339,2.3987,2.3987,0.0009,0.0,0.0,0.0,0.0
592.67,1.2339,2.3987,2.3987,-0.0003,0.0,0.0,0.0,0.0
592.724,1.2339,2.3987,2.3987,0.0004,0.0,0.0,0.0,0.0
592.769,1.2338,2.3987,2.3987,-0.0009,0.0,-0.0,0.0,0.0
592.829,1.2338,2.3987,2.3987,0.0,0.0,-0.0,0.0,0.0
592.873,1.2339,2.3987,2.3987,0.0005,0.0,0.0,0.0,0.0
592.919,1.2339,2.3987,2.3987,0.0006,0.0,0.0,0.0,0.0
592.978,1.2339,2.3987,2.3987,-0.0004,0.0,-0.0,0.0,0.0
593.024,1.2339,2.3987,2.3987,0.0005,0.0,0.0,0.0,0.0
593.072,1.2339,2.3987,2.3987,-0.0005,0.0,-0.0,0.0,0.0
593.127,1.2339,2.3987,2.3987,0.0001,0.0,-0.0,0.0,0.0
593.171,1.2338,2.3987,2.3987,-0.0011,0.0,-0.0,0.0,0.0
593.22,1.2339,2.3987,2.3987,0.0012,0.0,0.0,0.0,0.0
593.276,1.2339,2.3988,2.3987,0.0006,0.0,0.0,0.0,0.0
593.322,1.2338,2.3987,2.3987,-0.0011,0.0,-0.0,0.0,0.0
593.368,1.2339,2.3987,2.3987,0.0007,0.0,0.0,0.0,0.0
593.427,1.2339,2.3988,2.3987,0.0014,0.0,0.0,0.0,0.0
593.471,1.2339,2.3987,2.3987,-0.0013,0.0,-0.0,0.0,0.0
593.519,1.2339,2.3987,2.3987,-0.0002,0.0,-0.0,0.0,0.0
593.577,1.2338,2.3987,2.3987,-0.0008,0.0,-0.0,0.0,0.0
593.622,1.2338,2.3987,2.3987,-0.0001,0.0,-0.0,0.0,0.0
593.669,1.2338,2.3987,2.3987,0.0003,0.0,-0.0,0.0,0.0
593.727,1.2338,2.3987,2.3987,0.0001,0.0,0.0,0.0,0.0
593.772,1.2339,2.3988,2.3987,0.001,0.0,0.0,0.0,0.0
593.818,1.2339,2.3987,2.3987,-0.0006,0.0,0.0,0.0,0.0
593.877,1.2338,2.3987,2.3987,-0.0011,0.0,-0.0,0.0,0.0
593.922,1.2339,2.3988,2.3987,0.0015,0.0,0.0,0.0,0.0
593.968,1.2338,2.3987,2.3987,-0.0011,0.0,-0.0,0.0,0.0
594.028,1.2338,2.3987,2.3987,-0.0,0.0,-0.0,0.0,0.0
594.073,1.2339,2.3987,2.3987,0.0002,0.0,-0.0,0.0,0.0
594.119,1.2338,2.3987,2.3987,-0.0002,0.0,-0.0,0.0,0.0
594.177,1.2338,2.3987,2.3987,-0.0003,0.0,-0.0,0.0,0.0
594.225,1.2338,2.3987,2.3987,0.0001,0.0,-0.0,0.0,0.0
594.269,1.2338,2.3987,2.3987,-0.0001,0.0,-0.0,0.0,0.0
594.331,1.2338,2.3987,2.3987,0.0003,0.0,0.0,0.0,0.0
594.372,1.2339,2.3987,2.3987,0.0006,0.0,0.0,0.0,0.0
594.42,1.2338,2.3987,2.3987,-0.0007,0.0,-0.0,0.0,0.0
594.477,1.2338,2.3987,2.3987,-0.0002,0.0,-0.0,0.0,0.0
594.523,1.2339,2.3987,2.3987,0.0003,0.0,0.0,0.0,0.0
594.569,1.2338,2.3987,2.3987,-0.0001,0.0,-0.0,0.0,0.0
594.628,1.2339,2.3987,2.3987,0.0002,0.0,0.0,0.0,0.0
594.673,1.2339,2.3988,2.3987,0.0008,0.0,0.0,0.0,0.0
594.722,1.2338,2.3987,2.3987,-0.0018,0.0,-0.0,0.0,0.0
594.778,1.2338,2.3986,2.3987,-0.0008,0.0,-0.0,0.0,0.0
594.824,1.2338,2.3987,2.3987,0.0011,0.0,0.0,0.0,0.0
594.873,1.2338,2.3987,2.3987,-0.0007,0.0,-0.0,0.0,0.0
594.931,1.2338,2.3987,2.3987,0.0001,0.0,-0.0,0.0,0.0
594.973,1.2338,2.3987,2.3987,-0.0001,0.0,-0.0,0.0,0.0
595.018,1.2338,2.3987,2.3987,0.0007,0.0,0.0,0.0,0.0
595.068,1.2339,2.3987,2.3987,0.0002,0.0,0.0,0.0,0.0
595.124,1.2338,2.3987,2.3987,-0.0005,0.0,-0.0,0.0,0.0
595.169,1.2339,2.3987,2.3987,0.0007,0.0,0.0,0.0,0.0
595.227,1.2338,2.3987,2.3987,-0.0003,0.0,-0.0,0.0,0.0
595.274,1.2339,2.3987,2.3987,0.0008,0.0,0.0,0.0,0.0
595.319,1.2339,2.3987,2.3987,0.0001,0.0,0.0,0.0,0.0
595.369,1.2339,2.3987,2.3987,-0.0001,0.0,0.0,0.0,0.0
595.425,1.2339,2.3987,2.3987,-0.0006,0.0,-0.0,0.0,0.0
595.469,1.2338,2.3987,2.3987,-0.0,0.0,-0.0,0.0,0.0
595.528,1.2339,2.3987,2.3987,0.0002,0.0,0.0,0.0,0.0
595.572,1.2338,2.3987,2.3987,-0.0003,0.0,-0.0,0.0,0.0
595.62,1.2339,2.3987,2.3987,0.0004,0.0,0.0,0.0,0.0
595.679,1.2338,2.3987,2.3987,-0.0007,0.0,-0.0,0.0,0.0
595.726,1.2338,2.3987,2.3987,0.0001,0.0,-0.0,0.0,0.0
595.768,1.2338,2.3987,2.3987,-0.0005,0.0,-0.0,0.0,0.0
595.827,1.2338,2.3987,2.3987,0.0,0.0,-0.0,0.0,0.0
595.876,1.2339,2.3987,2.3987,0.0009,0.0,0.0,0.0,0.0
595.919,1.2339,2.3988,2.3987,0.001,0.0,0.0,0.0,0.0
595.968,1.2339,2.3987,2.3987,-0.0003,0.0,0.0,0.0,0.0
596.028,1.2338,2.3987,2.3987,-0.001,0.0,-0.0,0.0,0.0
596.068,1.2339,2.3988,2.3987,0.002,0.0,0.0,0.0,0.0
596.128,1.2339,2.3988,2.3987,-0.0001,0.0,0.0,0.0,0.0
596.173,1.2339,2.3987,2.3987,-0.001,0.0,-0.0,0.0,0.0
596.219,1.2339,2.3987,2.3987,0.0001,0.0,-0.0,0.0,0.0
596.279,1.2339,2.3987,2.3987,0.0001,0.0,-0.0,0.0,0.0
596.324,1.2338,2.3987,2.3987,-0.0007,0.0,-0.0,0.0,0.0
596.369,1.2339,2.3987,2.3987,0.0008,0.0,0.0,0.0,0.0
596.429,1.2339,2.3987,2.3987,0.0004,0.0,0.0,0.0,0.0
596.474,1.2339,2.3987,2.3987,-0.0004,0.0,-0.0,0.0,0.0
596.533,1.2339,2.3987,2.3987,-0.0001,0.0,-0.0,0.0,0.0
596.578,1.2339,2.3987,2.3987,0.0001,0.0,0.0,0.0,0.0
596.624,1.2339,2.3987,2.3987,0.0004,0.0,0.0,0.0,0.0
596.668,1.2339,2.3988,2.3987,0.0005,0.0,0.0,0.0,0.0
596.726,1.2338,2.3987,2.3987,-0.0017,0.0,-0.0,0.0,0.0
596.773,1.2339,2.3988,2.3987,0.0018,0.0,0.0,0.0,0.0
596.82,1.2338,2.3987,2.3987,-0.0014,0.0,-0.0,0.0,0.0
596.874,1.2338,2.3987,2.3987,-0.0005,0.0,-0.0,0.0,0.0
596.924,1.2339,2.3987,2.3987,0.0006,0.0,-0.0,0.0,0.0
596.969,1.2339,2.3987,2.3987,0.0007,0.0,0.0,0.0,0.0
597.025,1.2339,2.3987,2.3987,0.0001,0.0,0.0,0.0,0.0
597.07,1.2338,2.3987,2.3987,-0.0009,0.0,-0.0,0.0,0.0
597.119,1.2338,2.3987,2.3987,-0.0001,0.0,-0.0,0.0,0.0
597.175,1.2338,2.3987,2.3987,-0.0005,0.0,-0.0,0.0,0.0
597.221,1.2339,2.3987,2.3987,0.0009,0.0,0.0,0.0,0.0
597.27,1.2339,2.3987,2.3987,-0.0,0.0,0.0,0.0,0.0
597.327,1.2339,2.3988,2.3987,0.0012,0.0,0.0,0.0,0.0
597.371,1.2338,2.3987,2.3987,-0.0015,0.0,-0.0,0.0,0.0
597.43,1.2338,2.3987,2.3987,-0.0002,0.0,-0.0,0.0,0.0
597.476,1.2339,2.3988,2.3987,0.0014,0.0,0.0,0.0,0.0
597.522,1.2338,2.3987,2.3987,-0.0011,0.0,-0.0,0.0,0.0
597.569,1.2339,2.3988,2.3987,0.0017,0.0,0.0,0.0,0.0
597.627,1.2339,2.3987,2.3987,-0.001,0.0,-0.0,0.0,0.0
597.67,1.2339,2.3988,2.3987,0.0004,0.0,0.0,0.0,0.0
597.719,1.2338,2.3986,2.3987,-0.0023,0.0,-0.0,0.0,0.0
597.777,1.2338,2.3987,2.3987,0.0007,0.0,-0.0,0.0,0.0
597.822,1.2339,2.3987,2.3987,0.0008,0.0,0.0,0.0,0.0
597.87,1.2339,2.3987,2.3987,0.0002,0.0,0.0,0.0,0.0
597.929,1.2339,2.3987,2.3987,-0.0003,0.0,-0.0,0.0,0.0
597.972,1.2339,2.3987,2.3987,0.0003,0.0,0.0,0.0,0.0
598.018,1.2339,2.3987,2.3987,-0.0004,0.0,-0.0,0.0,0.0
598.077,1.2339,2.3987,2.3987,0.0004,0.0,0.0,0.0,0.0
598.122,1.2338,2.3987,2.3987,-0.0005,0.0,-0.0,0.0,0.0
598.168,1.2339,2.3988,2.3987,0.0011,0.0,0.0,0.0,0.0
598.228,1.234,2.3988,2.3987,0.0013,0.0,0.0,0.0,0.0
598.272,1.2339,2.3987,2.3987,-0.0019,0.0,-0.0,0.0,0.0
598.32,1.2338,2.3987,2.3987,-0.0009,0.0,-0.0,0.0,0.0
598.376,1.2338,2.3987,2.3987,0.0004,0.0,-0.0,0.0,0.0
598.425,1.2339,2.3988,2.3987,0.0012,0.0,0.0,0.0,0.0
598.468,1.2339,2.3988,2.3987,-0.0002,0.0,0.0,0.0,0.0
598.528,1.2339,2.3988,2.3987,0.0008,0.0,0.0,0.0,0.0
598.571,1.2338,2.3987,2.3987,-0.0017,0.0,-0.0,0.0,0.0
598.619,1.2338,2.3987,2.3987,-0.0003,0.0,-0.0,0.0,0.0
598.677,1.2339,2.3987,2.3987,0.0004,0.0,-0.0,0.0,0.0
598.723,1.2339,2.3987,2.3987,0.0002,0.0,0.0,0.0,0.0
598.769,1.2339,2.3987,2.3987,-0.0002,0.0,-0.0,0.0,0.0
598.83,1.2338,2.3987,2.3987,-0.0002,0.0,-0.0,0.0,0.0
598.874,1.2339,2.3988,2.3987,0.0012,0.0,0.0,0.0,0.0
598.921,1.2339,2.3988,2.3987,-0.0002,0.0,0.0,0.0,0.0
598.978,1.2338,2.3987,2.3987,-0.0013,0.0,-0.0,0.0,0.0
599.023,1.2338,2.3987,2.3987,0.0001,0.0,-0.0,0.0,0.0
599.069,1.2339,2.3988,2.3987,0.0017,0.0,0.0,0.0,0.0
599.126,1.2339,2.3987,2.3987,-0.0007,0.0,0.0,0.0,0.0
599.169,1.2339,2.3987,2.3987,-0.0,0.0,0.0,0.0,0.0
599.229,1.2339,2.3987,2.3987,-0.0007,0.0,-0.0,0.0,0.0
599.274,1.2339,2.3987,2.3987,0.0002,0.0,-0.0,0.0,0.0
599.322,1.2338,2.3987,2.3987,-0.0007,0.0,-0.0,0.0,0.0
599.368,1.2338,2.3987,2.3987,-0.0002,0.0,-0.0,0.0,0.0
599.426,1.2339,2.3987,2.3987,0.0008,0.0,0.0,0.0,0.0
599.469,1.2339,2.3987,2.3987,0.0002,0.0,0.0,0.0,0.0
599.519,1.2339,2.3987,2.3987,0.0,0.0,0.0,0.0,0.0
599.575,1.2338,2.3987,2.3987,-0.0008,0.0,-0.0,0.0,0.0
599.62,1.2338,2.3986,2.3987,-0.0012,0.0,-0.0,0.0,0.0
599.669,1.2338,2.3987,2.3987,0.0005,0.0,-0.0,0.0,0.0
599.726,1.2338,2.3987,2.3987,0.0004,0.0,0.0,0.0,0.0
599.771,1.2339,2.3987,2.3987,0.0011,0.0,0.0,0.0,0.0
599.829,1.2338,2.3987,2.3987,-0.0005,0.0,0.0,0.0,0.0
599.876,1.2339,2.3987,2.3987,0.0008,0.0,0.0,0.0,0.0
599.919,1.2338,2.3987,2.3987,-0.001,0.0,-0.0,0.0,0.0
599.969,1.2338,2.3987,2.3987,-0.0003,0.0,-0.0,0.0,0.0
600.024,1.2338,2.3987,2.3987,0.0002,0.0,-0.0,0.0,0.0
600.069,1.2339,2.3988,2.3987,0.0011,0.0,0.0,0.0,0.0
600.118,1.2339,2.3988,2.3987,0.0003,0.0,0.0,0.0,0.0
600.173,1.2339,2.3988,2.3987,-0.0001,0.0,0.0,0.0,0.0
600.219,1.2338,2.3987,2.3987,-0.0016,0.0,-0.0,0.0,0.0
600.268,1.2338,2.3986,2.3987,-0.0008,0.0,-0.0,0.0,0.0
600.326,1.2338,2.3986,2.3987,0.0,0.0,-0.0,0.0,0.0
600.369,1.2338,2.3987,2.3987,0.0011,0.0,0.0,0.0,0.0
600.427,1.2338,2.3987,2.3987,-0.0004,0.0,-0.0,0.0,0.0
600.474,1.2339,2.3987,2.3987,0.0007,0.0,0.0,0.0,0.0
600.52,1.2339,2.3987,2.3987,0.0,0.0,0.0,0.0,0.0
600.569,1.2339,2.3987,2.3987,0.0001,0.0,0.0,0.0,0.0
600.627,1.2338,2.3987,2.3987,-0.0004,0.0,-0.0,0.0,0.0
600.668,1.2338,2.3987,2.3987,0.0003,0.0,0.0,0.0,0.0
600.727,1.2338,2.3987,2.3987,-0.0007,0.0,-0.0,0.0,0.0
600.775,1.2338,2.3987,2.3987,-0.0003,0.0,-0.0,0.0,0.0
600.819,1.2339,2.3987,2.3987,0.0013,0.0,0.0,0.0,0.0
600.869,1.2338,2.3987,2.3987,-0.0003,0.0,0.0,0.0,0.0
600.927,1.2338,2.3987,2.3987,-0.0001,0.0,0.0,0.0,0.0
600.968,1.2338,2.3986,2.3987,-0.0015,0.0,-0.0,0.0,0.0
601.025,1.2338,2.3986,2.3987,0.0004,0.0,-0.0,0.0,0.0
601.071,1.2338,2.3986,2.3987,-0.0002,0.0,-0.0,0.0,0.0
601.12,1.2338,2.3986,2.3987,0.0,0.0,-0.0,0.0,0.0
601.175,1.2339,2.3987,2.3987,0.0019,0.0,0.0,0.0,0.0
601.221,1.2339,2.3987,2.3987,-0.0001,0.0,0.0,0.0,0.0
601.269,1.2338,2.3987,2.3987,-0.0009,0.0,-0.0,0.0,0.0
601.329,1.2338,2.3987,2.3987,0.0002,0.0,0.0,0.0,0.0
601.372,1.2339,2.3987,2.3987,0.0007,0.0,0.0,0.0,0.0
601.421,1.2338,2.3987,2.3987,-0.0018,0.0,-0.0,0.0,0.0
601.477,1.2339,2.3987,2.3987,0.0012,0.0,0.0,0.0,0.0
601.522,1.2339,2.3987,2.3987,0.0004,0.0,0.0,0.0,0.0
601.568,1.2338,2.3987,2.3987,-0.001,0.0,-0.0,0.0,0.0
601.628,1.2338,2.3987,2.3987,0.0001,0.0,-0.0,0.0,0.0
601.673,1.2339,2.3987,2.3987,0.0008,0.0,0.0,0.0,0.0
601.719,1.2338,2.3987,2.3987,-0.0012,0.0,-0.0,0.0,0.0
601.778,1.2339,2.3987,2.3987,0.0011,0.0,0.0,0.0,0.0
601.823,1.2338,2.3987,2.3987,-0.0004,0.0,-0.0,0.0,0.0
601.869,1.2339,2.3988,2.3987,0.0013,0.0,0.0,0.0,0.0
601.929,1.2338,2.3987,2.3987,-0.0022,0.0,-0.0,0.0,0.0
601.974,1.2338,2.3987,2.3987,0.0004,0.0,-0.0,0.0,0.0
602.024,1.2339,2.3988,2.3987,0.0022,0.0,0.0,0.0,0.0
602.079,1.2339,2.3987,2.3987,-0.0008,0.0,0.0,0.0,0.0
602.125,1.2338,2.3987,2.3987,-0.0008,0.0,-0.0,0.0,0.0
602.167,1.2338,2.3987,2.3987,0.0002,0.0,-0.0,0.0,0.0
602.226,1.2338,2.3987,2.3987,-0.0001,0.0,-0.0,0.0,0.0
602.274,1.2338,2.3987,2.3987,-0.0,0.0,-0.0,0.0,0.0
602.318,1.2338,2.3987,2.3987,-0.0,0.0,-0.0,0.0,0.0
602.369,1.2339,2.3987,2.3987,0.0009,0.0,0.0,0.0,0.0
602.426,1.2338,2.3987,2.3987,-0.001,0.0,-0.0,0.0,0.0
602.468,1.2338,2.3987,2.3987,0.0005,0.0,0.0,0.0,0.0
602.529,1.2338,2.3986,2.3987,-0.001,0.0,-0.0,0.0,0.0
602.575,1.2338,2.3987,2.3987,0.0,0.0,-0.0,0.0,0.0
602.619,1.2338,2.3987,2.3987,0.0005,0.0,0.0,0.0,0.0
602.669,1.2338,2.3987,2.3987,0.0005,0.0,0.0,0.0,0.0
602.727,1.2339,2.3987,2.3987,0.0005,0.0,0.0,0.0,0.0
602.77,1.2338,2.3987,2.3987,-0.0013,0.0,-0.0,0.0,0.0
602.829,1.2338,2.3987,2.3987,0.0001,0.0,-0.0,0.0,0.0
602.873,1.2339,2.3987,2.3987,0.0007,0.0,0.0,0.0,0.0
602.921,1.2338,2.3987,2.3987,-0.0002,0.0,0.0,0.0,0.0
602.967,1.2339,2.3987,2.3987,0.0003,0.0,0.0,0.0,0.0
603.025,1.2338,2.3987,2.3987,-0.0002,0.0,-0.0,0.0,0.0
603.07,1.2338,2.3987,2.3987,-0.0007,0.0,-0.0,0.0,0.0
603.127,1.2338,2.3987,2.3987,0.0004,0.0,-0.0,0.0,0.0
603.175,1.2338,2.3987,2.3987,-0.0003,0.0,-0.0,0.0,0.0
603.221,1.2338,2.3987,2.3987,0.0001,0.0,-0.0,0.0,0.0
603.269,1.2338,2.3987,2.3987,0.0001,0.0,0.0,0.0,0.0
603.325,1.2338,2.3987,2.3987,-0.0002,0.0,-0.0,0.0,0.0
603.369,1.2339,2.3987,2.3987,0.0015,0.0,0.0,0.0,0.0
603.428,1.2338,2.3987,2.3987,-0.0009,0.0,-0.0,0.0,0.0
603.475,1.2338,2.3987,2.3987,-0.0005,0.0,-0.0,0.0,0.0
603.519,1.2337,2.3986,2.3987,-0.0014,0.0,-0.0,0.0,0.0
603.578,1.2338,2.3986,2.3987,0.0008,0.0,-0.0,0.0,0.0
603.624,1.2339,2.3987,2.3987,0.0012,0.0,0.0,0.0,0.0
603.669,1.2339,2.3987,2.3987,0.0,0.0,0.0,0.0,0.0
603.729,1.2338,2.3987,2.3987,-0.0005,0.0,-0.0,0.0,0.0
603.774,1.2338,2.3987,2.3987,0.0002,0.0,0.0,0.0,0.0
603.819,1.2338,2.3986,2.3987,-0.0013,0.0,-0.0,0.0,0.0
603.868,1.2338,2.3987,2.3987,0.0002,0.0,-0.0,0.0,0.0
603.927,1.2338,2.3987,2.3987,0.0008,0.0,0.0,0.0,0.0
603.969,1.2339,2.3987,2.3987,0.0007,0.0,0.0,0.0,0.0
604.028,1.2338,2.3987,2.3987,-0.0012,0.0,-0.0,0.0,0.0
604.073,1.2338,2.3987,2.3987,-0.0004,0.0,-0.0,0.0,0.0
604.119,1.2338,2.3986,2.3987,-0.0005,0.0,-0.0,0.0,0.0
604.178,1.2338,2.3987,2.3987,0.0009,0.0,0.0,0.0,0.0
604.224,1.2338,2.3987,2.3987,0.0005,0.0,0.0,0.0,0.0
604.269,1.2338,2.3986,2.3987,-0.0011,0.0,-0.0,0.0,0.0
604.328,1.2339,2.3987,2.3987,0.0014,0.0,0.0,0.0,0.0
604.372,1.2339,2.3987,2.3987,0.0002,0.0,0.0,0.0,0.0
604.428,1.2338,2.3987,2.3987,-0.0011,0.0,-0.0,0.0,0.0
604.476,1.2338,2.3987,2.3987,0.0004,0.0,0.0,0.0,0.0
604.521,1.2338,2.3987,2.3987,-0.0003,0.0,-0.0,0.0,0.0
604.571,1.2338,2.3987,2.3987,-0.0002,0.0,-0.0,0.0,0.0
604.625,1.2338,2.3987,2.3987,0.0003,0.0,0.0,0.0,0.0
604.669,1.2338,2.3987,2.3987,-0.0,0.0,0.0,0.0,0.0
604.718,1.2338,2.3986,2.3987,-0.0009,0.0,-0.0,0.0,0.0
604.777,1.2338,2.3986,2.3987,-0.0003,0.0,-0.0,0.0,0.0
604.82,1.2337,2.3986,2.3987,-0.0005,0.0,-0.0,0.0,0.0
604.868,1.2338,2.3987,2.3987,0.0011,0.0,0.0,0.0,0.0
604.926,1.2338,2.3987,2.3987,-0.0,0.0,0.0,0.0,0.0
604.971,1.2338,2.3987,2.3987,0.0004,0.0,0.0,0.0,0.0
605.019,1.2338,2.3987,2.3987,0.0006,0.0,0.0,0.0,0.0
605.075,1.2339,2.3987,2.3987,0.0004,0.0,0.0,0.0,0.0
605.121,1.2338,2.3986,2.3987,-0.0022,0.0,-0.0,0.0,0.0
605.169,1.2338,2.3986,2.3987,0.0,0.0,-0.0,0.0,0.0
605.225,1.2338,2.3987,2.3987,0.001,0.0,0.0,0.0,0.0
605.27,1.2338,2.3987,2.3987,-0.0002,0.0,0.0,0.0,0.0
605.32,1.2338,2.3986,2.3987,-0.0004,0.0,-0.0,0.0,0.0
605.376,1.2338,2.3987,2.3987,0.0009,0.0,0.0,0.0,0.0
605.421,1.2338,2.3987,2.3987,-0.0003,0.0,0.0,0.0,0.0
605.47,1.2337,2.3986,2.3986,-0.0016,0.0,-0.0,0.0,0.0
605.526,1.2338,2.3987,2.3987,0.0017,0.0,0.0,0.0,0.0
605.571,1.2338,2.3987,2.3987,0.0006,0.0,0.0,0.0,0.0
605.619,1.2338,2.3987,2.3987,-0.0004,0.0,0.0,0.0,0.0
605.675,1.2338,2.3986,2.3987,-0.0013,0.0,-0.0,0.0,0.0
605.723,1.2338,2.3986,2.3987,0.0001,0.0,-0.0,0.0,0.0
605.77,1.2338,2.3986,2.3987,0.0001,0.0,-0.0,0.0,0.0
605.827,1.2338,2.3987,2.3987,0.0006,0.0,0.0,0.0,0.0
605.874,1.2338,2.3987,2.3987,0.0004,0.0,0.0,0.0,0.0
605.92,1.2338,2.3987,2.3987,0.0001,0.0,0.0,0.0,0.0
605.977,1.2338,2.3986,2.3987,-0.0011,0.0,-0.0,0.0,0.0
606.022,1.2338,2.3986,2.3987,-0.0001,0.0,-0.0,0.0,0.0
606.07,1.2338,2.3987,2.3987,0.0008,0.0,0.0,0.0,0.0
606.129,1.2338,2.3987,2.3987,0.0004,0.0,0.0,0.0,0.0
606.173,1.2338,2.3986,2.3987,-0.0006,0.0,-0.0,0.0,0.0
606.218,1.2338,2.3987,2.3987,0.0011,0.0,0.0,0.0,0.0
606.276,1.2338,2.3987,2.3987,-0.0005,0.0,0.0,0.0,0.0
606.323,1.2338,2.3987,2.3987,-0.0004,0.0,-0.0,0.0,0.0
606.368,1.2338,2.3986,2.3987,-0.0002,0.0,-0.0,0.0,0.0
606.429,1.2338,2.3987,2.3987,0.0005,0.0,0.0,0.0,0.0
606.47,1.2339,2.3987,2.3987,0.0007,0.0,0.0,0.0,0.0
606.53,1.2338,2.3986,2.3987,-0.002,0.0,-0.0,0.0,0.0
606.577,1.2338,2.3987,2.3987,0.0013,0.0,0.0,0.0,0.0
606.622,1.2338,2.3986,2.3987,-0.0013,0.0,-0.0,0.0,0.0
606.67,1.2339,2.3987,2.3987,0.0025,0.0,0.0,0.0,0.0
606.727,1.2338,2.3987,2.3987,-0.0015,0.0,-0.0,0.0,0.0
606.769,1.2338,2.3987,2.3987,0.0003,0.0,0.0,0.0,0.0
606.827,1.2338,2.3987,2.3987,0.0005,0.0,0.0,0.0,0.0
606.875,1.2337,2.3986,2.3987,-0.002,0.0,-0.0,0.0,0.0
606.92,1.2338,2.3987,2.3987,0.0021,0.0,0.0,0.0,0.0
606.969,1.2339,2.3987,2.3987,0.0007,0.0,0.0,0.0,0.0
607.029,1.2338,2.3987,2.3987,-0.0008,0.0,-0.0,0.0,0.0
607.068,1.2338,2.3986,2.3987,-0.0008,0.0,-0.0,0.0,0.0
607.127,1.2339,2.3987,2.3987,0.0015,0.0,0.0,0.0,0.0
607.173,1.2338,2.3987,2.3987,-0.0007,0.0,-0.0,0.0,0.0
607.219,1.2338,2.3986,2.3987,-0.0005,0.0,-0.0,0.0,0.0
607.278,1.2338,2.3987,2.3987,0.0002,0.0,-0.0,0.0,0.0
607.324,1.2338,2.3987,2.3987,0.0007,0.0,0.0,0.0,0.0
607.369,1.2339,2.3988,2.3987,0.0013,0.0,0.0,0.0,0.0
607.43,1.2338,2.3987,2.3987,-0.0013,0.0,-0.0,0.0,0.0
607.475,1.2339,2.3987,2.3987,0.0004,0.0,0.0,0.0,0.0
607.522,1.2339,2.3988,2.3987,0.0008,0.0,0.0,0.0,0.0
607.58,1.2338,2.3987,2.3987,-0.0011,0.0,-0.0,0.0,0.0
607.626,1.2338,2.3986,2.3987,-0.001,0.0,-0.0,0.0,0.0
607.669,1.2338,2.3986,2.3987,0.0002,0.0,-0.0,0.0,0.0
607.73,1.2338,2.3987,2.3987,0.0002,0.0,-0.0,0.0,0.0
607.774,1.2339,2.3987,2.3987,0.0015,0.0,0.0,0.0,0.0
607.82,1.2339,2.3987,2.3987,-0.0003,0.0,0.0,0.0,0.0
607.879,1.2339,2.3987,2.3987,-0.0003,0.0,0.0,0.0,0.0
607.922,1.2338,2.3987,2.3987,-0.0003,0.0,-0.0,0.0,0.0
607.97,1.2338,2.3986,2.3987,-0.0017,0.0,-0.0,0.0,0.0
608.027,1.2338,2.3987,2.3987,0.0012,0.0,0.0,0.0,0.0
608.072,1.2338,2.3987,2.3987,-0.0002,0.0,-0.0,0.0,0.0
608.118,1.2337,2.3986,2.3987,-0.0017,0.0,-0.0,0.0,0.0
608.177,1.2338,2.3986,2.3987,0.0008,0.0,-0.0,0.0,0.0
608.223,1.2338,2.3987,2.3987,0.0007,0.0,0.0,0.0,0.0
608.268,1.2339,2.3988,2.3987,0.002,0.0,0.0,0.0,0.0
608.325,1.2338,2.3987,2.3987,-0.0014,0.0,-0.0,0.0,0.0
608.369,1.2339,2.3987,2.3987,0.0005,0.0,0.0,0.0,0.0
608.428,1.2338,2.3987,2.3987,-0.0004,0.0,-0.0,0.0,0.0
608.473,1.2338,2.3986,2.3987,-0.001,0.0,-0.0,0.0,0.0
608.52,1.2338,2.3986,2.3987,-0.0003,0.0,-0.0,0.0,0.0
608.571,1.2338,2.3987,2.3987,0.0008,0.0,0.0,0.0,0.0
608.624,1.2338,2.3986,2.3987,-0.0003,0.0,-0.0,0.0,0.0
608.669,1.2338,2.3986,2.3987,-0.0004,0.0,-0.0,0.0,0.0
608.718,1.2338,2.3986,2.3987,-0.0002,0.0,-0.0,0.0,0.0
608.774,1.2338,2.3987,2.3987,0.0007,0.0,0.0,0.0,0.0
608.822,1.2338,2.3987,2.3987,0.0,0.0,0.0,0.0,0.0
608.868,1.2338,2.3987,2.3987,0.0006,0.0,0.0,0.0,0.0
608.926,1.2338,2.3986,2.3987,-0.0011,0.0,-0.0,0.0,0.0
608.971,1.2338,2.3986,2.3986,-0.0003,0.0,-0.0,0.0,0.0
609.029,1.2338,2.3986,2.3986,0.0001,0.0,-0.0,0.0,0.0
609.076,1.2338,2.3987,2.3987,0.0012,0.0,0.0,0.0,0.0
609.121,1.2338,2.3987,2.3987,-0.0005,0.0,0.0,0.0,0.0
609.169,1.2338,2.3987,2.3987,0.001,0.0,0.0,0.0,0.0
609.227,1.2338,2.3987,2.3987,-0.0006,0.0,0.0,0.0,0.0
609.271,1.2338,2.3986,2.3987,-0.0006,0.0,-0.0,0.0,0.0
609.32,1.2338,2.3986,2.3987,-0.0004,0.0,-0.0,0.0,0.0
609.377,1.2338,2.3986,2.3986,0.0001,0.0,-0.0,0.0,0.0
609.423,1.2338,2.3987,2.3987,0.0008,0.0,0.0,0.0,0.0
609.471,1.2338,2.3987,2.3987,0.0002,0.0,0.0,0.0,0.0
609.528,1.2338,2.3987,2.3987,-0.0005,0.0,-0.0,0.0,0.0
609.573,1.2339,2.3987,2.3987,0.0011,0.0,0.0,0.0,0.0
609.621,1.2338,2.3987,2.3987,-0.0004,0.0,0.0,0.0,0.0
609.677,1.2338,2.3986,2.3987,-0.0011,0.0,-0.0,0.0,0.0
609.723,1.2338,2.3987,2.3987,0.0007,0.0,0.0,0.0,0.0
609.769,1.2338,2.3987,2.3987,-0.0001,0.0,-0.0,0.0,0.0
609.829,1.2338,2.3986,2.3987,-0.0013,0.0,-0.0,0.0,0.0
609.873,1.2338,2.3986,2.3986,-0.0,0.0,-0.0,0.0,0.0
609.92,1.2338,2.3986,2.3987,0.0009,0.0,0.0,0.0,0.0
609.976,1.2338,2.3987,2.3987,0.0,0.0,0.0,0.0,0.0
610.022,1.2338,2.3987,2.3987,0.0005,0.0,0.0,0.0,0.0
610.07,1.2338,2.3987,2.3987,0.0,0.0,0.0,0.0,0.0
610.128,1.2338,2.3987,2.3987,-0.0005,0.0,-0.0,0.0,0.0
610.17,1.2338,2.3987,2.3987,0.0003,0.0,0.0,0.0,0.0
610.218,1.2338,2.3986,2.3987,-0.0005,0.0,-0.0,0.0,0.0
610.275,1.2338,2.3986,2.3987,-0.0002,0.0,-0.0,0.0,0.0
610.322,1.2338,2.3986,2.3987,0.0003,0.0,-0.0,0.0,0.0
610.368,1.2338,2.3986,2.3986,-0.0002,0.0,-0.0,0.0,0.0
610.425,1.2338,2.3987,2.3986,0.0004,0.0,0.0,0.0,0.0
610.469,1.2338,2.3987,2.3987,0.0006,0.0,0.0,0.0,0.0
610.528,1.2339,2.3987,2.3987,0.0006,0.0,0.0,0.0,0.0
610.575,1.2338,2.3986,2.3987,-0.0013,0.0,-0.0,0.0,0.0
610.62,1.2338,2.3987,2.3987,0.0003,0.0,-0.0,0.0,0.0
610.678,1.2338,2.3987,2.3987,0.0005,0.0,0.0,0.0,0.0
610.724,1.2338,2.3986,2.3987,-0.0007,0.0,-0.0,0.0,0.0
610.769,1.2338,2.3986,2.3987,-0.0002,0.0,-0.0,0.0,0.0
610.829,1.2338,2.3986,2.3987,-0.0,0.0,-0.0,0.0,0.0
610.876,1.2338,2.3987,2.3987,0.0004,0.0,0.0,0.0,0.0
610.921,1.2338,2.3987,2.3987,0.0002,0.0,0.0,0.0,0.0
610.969,1.2337,2.3986,2.3986,-0.0013,0.0,-0.0,0.0,0.0
611.027,1.2338,2.3986,2.3986,0.0008,0.0,0.0,0.0,0.0
611.068,1.2338,2.3986,2.3986,-0.0001,0.0,0.0,0.0,0.0
611.127,1.2338,2.3987,2.3987,0.0011,0.0,0.0,0.0,0.0
611.172,1.2339,2.3987,2.3987,0.0003,0.0,0.0,0.0,0.0
611.219,1.2338,2.3987,2.3987,-0.0007,0.0,-0.0,0.0,0.0
611.277,1.2338,2.3987,2.3987,0.0003,0.0,0.0,0.0,0.0
611.323,1.2338,2.3987,2.3987,0.0,0.0,0.0,0.0,0.0
611.369,1.2338,2.3987,2.3987,-0.0009,0.0,-0.0,0.0,0.0
611.428,1.2338,2.3987,2.3987,0.0006,0.0,0.0,0.0,0.0
611.474,1.2338,2.3986,2.3987,-0.0012,0.0,-0.0,0.0,0.0
611.519,1.2338,2.3986,2.3987,0.0007,0.0,-0.0,0.0,0.0
611.577,1.2339,2.3987,2.3987,0.0015,0.0,0.0,0.0,0.0
611.623,1.2338,2.3986,2.3987,-0.0019,0.0,-0.0,0.0,0.0
611.67,1.2338,2.3987,2.3987,0.0016,0.0,0.0,0.0,0.0
611.729,1.2338,2.3987,2.3987,-0.0003,0.0,0.0,0.0,0.0
611.773,1.2338,2.3987,2.3987,-0.0,0.0,0.0,0.0,0.0
611.821,1.2338,2.3987,2.3987,-0.0003,0.0,-0.0,0.0,0.0
611.876,1.2337,2.3986,2.3987,-0.0014,0.0,-0.0,0.0,0.0
611.921,1.2339,2.3987,2.3987,0.0023,0.0,0.0,0.0,0.0
611.969,1.2338,2.3987,2.3987,-0.0011,0.0,-0.0,0.0,0.0
612.026,1.2338,2.3987,2.3987,-0.0,0.0,-0.0,0.0,0.0
612.068,1.2338,2.3987,2.3987,0.0006,0.0,0.0,0.0,0.0
612.129,1.2339,2.3987,2.3987,0.0006,0.0,0.0,0.0,0.0
612.175,1.2338,2.3986,2.3987,-0.002,0.0,-0.0,0.0,0.0
612.219,1.2338,2.3986,2.3987,0.0001,0.0,-0.0,0.0,0.0
612.268,1.2338,2.3986,2.3987,-0.0002,0.0,-0.0,0.0,0.0
612.326,1.2338,2.3986,2.3986,0.0004,0.0,-0.0,0.0,0.0
612.371,1.2338,2.3987,2.3987,0.0006,0.0,0.0,0.0,0.0
612.419,1.2338,2.3987,2.3987,0.0001,0.0,0.0,0.0,0.0
612.475,1.2338,2.3987,2.3987,0.0003,0.0,0.0,0.0,0.0
612.522,1.2338,2.3987,2.3987,-0.0001,0.0,0.0,0.0,0.0
612.569,1.2338,2.3986,2.3987,-0.0009,0.0,-0.0,0.0,0.0
612.626,1.2339,2.3987,2.3987,0.0019,0.0,0.0,0.0,0.0
612.671,1.2338,2.3987,2.3987,-0.0007,0.0,0.0,0.0,0.0
612.72,1.2338,2.3986,2.3987,-0.0014,0.0,-0.0,0.0,0.0
612.776,1.2338,2.3987,2.3987,0.0016,0.0,0.0,0.0,0.0
612.823,1.2338,2.3987,2.3987,-0.0002,0.0,0.0,0.0,0.0
612.87,1.2338,2.3987,2.3987,-0.0009,0.0,-0.0,0.0,0.0
612.927,1.2338,2.3987,2.3987,0.0003,0.0,-0.0,0.0,0.0
612.972,1.2338,2.3987,2.3987,-0.0001,0.0,-0.0,0.0,0.0
613.019,1.2338,2.3986,2.3987,-0.0008,0.0,-0.0,0.0,0.0
613.077,1.2338,2.3986,2.3987,-0.0,0.0,-0.0,0.0,0.0
613.123,1.2338,2.3987,2.3987,0.0008,0.0,0.0,0.0,0.0
613.169,1.2337,2.3986,2.3986,-0.0012,0.0,-0.0,0.0,0.0
613.23,1.2338,2.3987,2.3987,0.0013,0.0,0.0,0.0,0.0
613.272,1.2338,2.3987,2.3987,0.0006,0.0,0.0,0.0,0.0
613.319,1.2338,2.3986,2.3987,-0.0015,0.0,-0.0,0.0,0.0
613.377,1.2338,2.3986,2.3986,-0.0006,0.0,-0.0,0.0,0.0
613.424,1.2338,2.3987,2.3987,0.0011,0.0,0.0,0.0,0.0
613.469,1.2338,2.3987,2.3987,-0.0001,0.0,0.0,0.0,0.0
613.532,1.2338,2.3986,2.3986,-0.0005,0.0,-0.0,0.0,0.0
613.573,1.2338,2.3987,2.3987,0.0006,0.0,0.0,0.0,0.0
613.62,1.2338,2.3987,2.3987,-0.0004,0.0,-0.0,0.0,0.0
613.669,1.2338,2.3987,2.3987,0.0007,0.0,0.0,0.0,0.0
613.725,1.2338,2.3987,2.3987,-0.0003,0.0,0.0,0.0,0.0
613.77,1.2339,2.3987,2.3987,0.0012,0.0,0.0,0.0,0.0
613.83,1.2338,2.3986,2.3987,-0.0017,0.0,-0.0,0.0,0.0
613.876,1.2338,2.3986,2.3987,-0.0003,0.0,-0.0,0.0,0.0
613.93,1.2338,2.3986,2.3987,0.0001,0.0,-0.0,0.0,0.0
613.975,1.2338,2.3986,2.3986,-0.0001,0.0,-0.0,0.0,0.0
614.021,1.2338,2.3986,2.3986,0.0003,0.0,0.0,0.0,0.0
614.069,1.2338,2.3986,2.3986,-0.0004,0.0,-0.0,0.0,0.0
614.126,1.2338,2.3987,2.3986,0.0009,0.0,0.0,0.0,0.0
614.169,1.2339,2.3987,2.3987,0.0009,0.0,0.0,0.0,0.0
614.229,1.2338,2.3987,2.3987,-0.0005,0.0,0.0,0.0,0.0
614.274,1.2338,2.3987,2.3987,-0.0005,0.0,-0.0,0.0,0.0
614.322,1.2338,2.3986,2.3987,-0.0005,0.0,-0.0,0.0,0.0
614.378,1.2338,2.3986,2.3987,0.0003,0.0,-0.0,0.0,0.0
614.422,1.2338,2.3986,2.3987,-0.0001,0.0,-0.0,0.0,0.0
614.471,1.2338,2.3986,2.3986,-0.0005,0.0,-0.0,0.0,0.0
614.53,1.2338,2.3987,2.3986,0.0007,0.0,0.0,0.0,0.0
614.571,1.2338,2.3987,2.3987,0.0001,0.0,0.0,0.0,0.0
614.622,1.2338,2.3986,2.3986,-0.001,0.0,-0.0,0.0,0.0
614.677,1.2337,2.3986,2.3986,-0.0002,0.0,-0.0,0.0,0.0
614.725,1.2338,2.3987,2.3986,0.0012,0.0,0.0,0.0,0.0
614.769,1.2338,2.3986,2.3986,-0.0013,0.0,-0.0,0.0,0.0
614.831,1.2338,2.3987,2.3986,0.0015,0.0,0.0,0.0,0.0
614.873,1.2339,2.3987,2.3987,0.0004,0.0,0.0,0.0,0.0
614.919,1.2338,2.3986,2.3986,-0.002,0.0,-0.0,0.0,0.0
614.979,1.2338,2.3986,2.3986,0.0004,0.0,-0.0,0.0,0.0
615.022,1.2338,2.3987,2.3986,0.0006,0.0,0.0,0.0,0.0
615.069,1.2338,2.3986,2.3986,-0.0004,0.0,-0.0,0.0,0.0
615.127,1.2338,2.3987,2.3987,0.0004,0.0,0.0,0.0,0.0
615.169,1.2338,2.3987,2.3987,-0.0003,0.0,-0.0,0.0,0.0
615.23,1.2338,2.3987,2.3987,-0.0,0.0,-0.0,0.0,0.0
615.274,1.2338,2.3987,2.3987,0.0003,0.0,0.0,0.0,0.0
615.318,1.2338,2.3987,2.3987,0.0008,0.0,0.0,0.0,0.0
615.38,1.2338,2.3987,2.3987,-0.0007,0.0,-0.0,0.0,0.0
615.425,1.2337,2.3986,2.3987,-0.0015,0.0,-0.0,0.0,0.0
615.468,1.2338,2.3986,2.3986,0.0005,0.0,-0.0,0.0,0.0
615.527,1.2338,2.3987,2.3987,0.0015,0.0,0.0,0.0,0.0
615.57,1.2338,2.3986,2.3986,-0.0013,0.0,-0.0,0.0,0.0
615.619,1.2338,2.3986,2.3986,-0.0003,0.0,-0.0,0.0,0.0
615.677,1.2338,2.3987,2.3986,0.0015,0.0,0.0,0.0,0.0
615.721,1.2338,2.3986,2.3986,-0.001,0.0,-0.0,0.0,0.0
615.769,1.2338,2.3986,2.3986,0.0003,0.0,0.0,0.0,0.0
615.826,1.2338,2.3986,2.3986,-0.0003,0.0,-0.0,0.0,0.0
615.872,1.2338,2.3986,2.3986,-0.0001,0.0,-0.0,0.0,0.0
615.92,1.2338,2.3986,2.3986,-0.0003,0.0,-0.0,0.0,0.0
615.977,1.2338,2.3986,2.3986,0.0,0.0,-0.0,0.0,0.0
616.023,1.2338,2.3986,2.3986,0.0006,0.0,0.0,0.0,0.0
616.071,1.2338,2.3987,2.3986,0.0002,0.0,0.0,0.0,0.0
616.129,1.2338,2.3987,2.3986,0.0003,0.0,0.0,0.0,0.0
616.172,1.2338,2.3986,2.3986,-0.0006,0.0,-0.0,0.0,0.0
616.22,1.2338,2.3987,2.3986,0.001,0.0,0.0,0.0,0.0
616.278,1.2338,2.3986,2.3986,-0.0012,0.0,-0.0,0.0,0.0
616.322,1.2338,2.3986,2.3986,0.0002,0.0,-0.0,0.0,0.0
616.369,1.2338,2.3987,2.3986,0.0006,0.0,0.0,0.0,0.0
616.427,1.2339,2.3987,2.3987,0.0017,0.0,0.0,0.0,0.0
616.471,1.2338,2.3987,2.3987,-0.0008,0.0,0.0,0.0,0.0
616.52,1.2338,2.3986,2.3987,-0.0015,0.0,-0.0,0.0,0.0
616.577,1.2338,2.3987,2.3987,0.0008,0.0,0.0,0.0,0.0
616.623,1.2338,2.3987,2.3987,0.0002,0.0,0.0,0.0,0.0
616.668,1.2338,2.3987,2.3987,-0.0002,0.0,0.0,0.0,0.0
616.728,1.2338,2.3987,2.3987,-0.0003,0.0,-0.0,0.0,0.0
616.773,1.2338,2.3987,2.3987,0.0002,0.0,0.0,0.0,0.0
616.82,1.2338,2.3986,2.3987,-0.0008,0.0,-0.0,0.0,0.0
616.881,1.2338,2.3987,2.3987,0.001,0.0,0.0,0.0,0.0
616.924,1.2339,2.3987,2.3987,0.0004,0.0,0.0,0.0,0.0
616.969,1.2338,2.3986,2.3987,-0.0022,0.0,-0.0,0.0,0.0
617.029,1.2338,2.3986,2.3987,0.0002,0.0,-0.0,0.0,0.0
617.071,1.2338,2.3987,2.3987,0.0016,0.0,0.0,0.0,0.0
617.129,1.2338,2.3987,2.3987,-0.0001,0.0,0.0,0.0,0.0
617.175,1.2338,2.3986,2.3987,-0.001,0.0,-0.0,0.0,0.0
617.219,1.2339,2.3987,2.3987,0.0021,0.0,0.0,0.0,0.0
617.27,1.2338,2.3987,2.3987,-0.0006,0.0,0.0,0.0,0.0
617.326,1.2338,2.3986,2.3987,-0.0016,0.0,-0.0,0.0,0.0
617.37,1.2338,2.3986,2.3987,-0.0001,0.0,-0.0,0.0,0.0
617.43,1.2338,2.3987,2.3987,0.0015,0.0,0.0,0.0,0.0
617.474,1.2338,2.3987,2.3987,-0.0006,0.0,-0.0,0.0,0.0
617.52,1.2338,2.3986,2.3987,-0.0002,0.0,-0.0,0.0,0.0
617.568,1.2337,2.3986,2.3987,-0.0013,0.0,-0.0,0.0,0.0
617.625,1.2338,2.3986,2.3987,0.0011,0.0,0.0,0.0,0.0
617.668,1.2338,2.3986,2.3986,-0.0008,0.0,-0.0,0.0,0.0
617.73,1.2338,2.3986,2.3986,0.0007,0.0,0.0,0.0,0.0
617.773,1.2338,2.3986,2.3986,-0.0003,0.0,-0.0,0.0,0.0
617.821,1.2339,2.3987,2.3987,0.0018,0.0,0.0,0.0,0.0
617.878,1.2338,2.3987,2.3987,-0.0005,0.0,0.0,0.0,0.0
617.923,1.2338,2.3986,2.3987,-0.0007,0.0,-0.0,0.0,0.0
617.969,1.2338,2.3986,2.3987,-0.0004,0.0,-0.0,0.0,0.0
618.031,1.2338,2.3987,2.3987,0.001,0.0,0.0,0.0,0.0
618.074,1.2339,2.3987,2.3987,0.0009,0.0,0.0,0.0,0.0
618.121,1.2338,2.3987,2.3987,-0.0014,0.0,-0.0,0.0,0.0
618.179,1.2338,2.3987,2.3987,0.0002,0.0,-0.0,0.0,0.0
618.225,1.2337,2.3986,2.3987,-0.0017,0.0,-0.0,0.0,0.0
618.27,1.2338,2.3986,2.3986,0.0012,0.0,0.0,0.0,0.0
618.328,1.2338,2.3987,2.3986,0.0004,0.0,0.0,0.0,0.0
618.374,1.2339,2.3987,2.3987,0.0014,0.0,0.0,0.0,0.0
618.419,1.2337,2.3986,2.3987,-0.003,0.0,-0.0,0.0,0.0
618.469,1.2338,2.3987,2.3987,0.0014,0.0,0.0,0.0,0.0
618.528,1.2338,2.3987,2.3987,0.0004,0.0,0.0,0.0,0.0
618.569,1.2338,2.3987,2.3987,-0.0007,0.0,-0.0,0.0,0.0
618.629,1.2338,2.3987,2.3987,0.0004,0.0,0.0,0.0,0.0
618.674,1.2339,2.3987,2.3987,0.0008,0.0,0.0,0.0,0.0
618.72,1.2338,2.3987,2.3987,-0.0008,0.0,-0.0,0.0,0.0
618.77,1.2338,2.3986,2.3987,-0.0011,0.0,-0.0,0.0,0.0
618.826,1.2338,2.3987,2.3987,0.0014,0.0,0.0,0.0,0.0
618.87,1.2338,2.3987,2.3987,-0.0001,0.0,0.0,0.0,0.0
618.928,1.2338,2.3986,2.3987,-0.0014,0.0,-0.0,0.0,0.0
618.974,1.2338,2.3986,2.3987,0.0001,0.0,-0.0,0.0,0.0
619.02,1.2338,2.3987,2.3987,0.0014,0.0,0.0,0.0,0.0
619.079,1.2338,2.3987,2.3987,0.0002,0.0,0.0,0.0,0.0
619.125,1.2338,2.3986,2.3987,-0.0012,0.0,-0.0,0.0,0.0
619.17,1.2338,2.3986,2.3987,-0.0004,0.0,-0.0,0.0,0.0
619.231,1.2338,2.3986,2.3986,0.0003,0.0,-0.0,0.0,0.0
619.272,1.2338,2.3986,2.3986,0.0003,0.0,0.0,0.0,0.0
619.321,1.2338,2.3986,2.3986,0.0,0.0,0.0,0.0,0.0
619.376,1.2338,2.3987,2.3986,0.0003,0.0,0.0,0.0,0.0
619.419,1.2339,2.3987,2.3987,0.0012,0.0,0.0,0.0,0.0
619.47,1.2339,2.3987,2.3987,0.0002,0.0,0.0,0.0,0.0
619.527,1.2338,2.3986,2.3987,-0.0018,0.0,-0.0,0.0,0.0
619.57,1.2338,2.3987,2.3987,0.0016,0.0,0.0,0.0,0.0
619.629,1.2339,2.3987,2.3987,0.0002,0.0,0.0,0.0,0.0
619.674,1.2337,2.3986,2.3987,-0.0021,0.0,-0.0,0.0,0.0
619.72,1.2338,2.3987,2.3987,0.0017,0.0,0.0,0.0,0.0
619.771,1.2338,2.3986,2.3987,-0.0016,0.0,-0.0,0.0,0.0
619.825,1.2338,2.3986,2.3987,0.0005,0.0,-0.0,0.0,0.0
619.871,1.2338,2.3986,2.3987,-0.0004,0.0,-0.0,0.0,0.0
619.919,1.2338,2.3986,2.3986,0.0001,0.0,-0.0,0.0,0.0
619.975,1.2338,2.3987,2.3987,0.0012,0.0,0.0,0.0,0.0
620.022,1.2338,2.3986,2.3987,-0.0011,0.0,-0.0,0.0,0.0
620.069,1.2338,2.3987,2.3987,0.0007,0.0,0.0,0.0,0.0
620.126,1.2339,2.3987,2.3987,0.0012,0.0,0.0,0.0,0.0
620.171,1.2338,2.3987,2.3987,-0.001,0.0,-0.0,0.0,0.0
620.22,1.2338,2.3987,2.3987,-0.0003,0.0,-0.0,0.0,0.0
620.277,1.2338,2.3987,2.3987,0.0001,0.0,-0.0,0.0,0.0
620.322,1.2338,2.3987,2.3987,0.0002,0.0,0.0,0.0,0.0
620.371,1.2338,2.3987,2.3987,-0.0,0.0,0.0,0.0,0.0
620.427,1.2338,2.3987,2.3987,-0.0002,0.0,-0.0,0.0,0.0
620.472,1.2338,2.3987,2.3987,-0.0002,0.0,-0.0,0.0,0.0
620.521,1.2337,2.3986,2.3987,-0.0011,0.0,-0.0,0.0,0.0
620.578,1.2338,2.3986,2.3986,0.0001,0.0,-0.0,0.0,0.0
620.623,1.2338,2.3987,2.3986,0.0009,0.0,0.0,0.0,0.0
620.669,1.2339,2.3987,2.3987,0.0013,0.0,0.0,0.0,0.0
620.728,1.2339,2.3987,2.3987,-0.0,0.0,0.0,0.0,0.0
620.773,1.2339,2.3987,2.3987,-0.0001,0.0,0.0,0.0,0.0
620.821,1.2338,2.3986,2.3987,-0.0013,0.0,-0.0,0.0,0.0
620.88,1.2338,2.3986,2.3987,-0.0002,0.0,-0.0,0.0,0.0
620.923,1.2338,2.3987,2.3987,0.001,0.0,0.0,0.0,0.0
620.969,1.2338,2.3987,2.3987,-0.0006,0.0,-0.0,0.0,0.0
621.029,1.2338,2.3987,2.3987,-0.0001,0.0,-0.0,0.0,0.0
621.074,1.2338,2.3986,2.3987,-0.0002,0.0,-0.0,0.0,0.0
621.121,1.2338,2.3987,2.3987,0.0008,0.0,0.0,0.0,0.0
621.177,1.2338,2.3987,2.3987,0.0003,0.0,0.0,0.0,0.0
621.222,1.2338,2.3986,2.3987,-0.0015,0.0,-0.0,0.0,0.0
621.271,1.2338,2.3987,2.3987,0.0009,0.0,0.0,0.0,0.0
621.328,1.2338,2.3987,2.3987,0.0006,0.0,0.0,0.0,0.0
621.371,1.2339,2.3987,2.3987,0.0006,0.0,0.0,0.0,0.0
621.427,1.2339,2.3987,2.3987,-0.0002,0.0,0.0,0.0,0.0
621.475,1.2338,2.3986,2.3987,-0.0016,0.0,-0.0,0.0,0.0
621.52,1.2338,2.3986,2.3987,0.0003,0.0,-0.0,0.0,0.0
621.569,1.2338,2.3987,2.3987,0.0003,0.0,-0.0,0.0,0.0
621.626,1.2338,2.3987,2.3987,0.0,0.0,-0.0,0.0,0.0
621.669,1.2339,2.3987,2.3987,0.0022,0.0,0.0,0.0,0.0
621.731,1.2338,2.3987,2.3987,-0.0009,0.0,0.0,0.0,0.0
621.773,1.2338,2.3987,2.3987,-0.0006,0.0,-0.0,0.0,0.0
621.82,1.2338,2.3987,2.3987,-0.0004,0.0,-0.0,0.0,0.0
621.878,1.2338,2.3987,2.3987,0.0001,0.0,-0.0,0.0,0.0
621.927,1.2338,2.3987,2.3987,-0.0001,0.0,-0.0,0.0,0.0
621.97,1.2338,2.3987,2.3987,0.0003,0.0,0.0,0.0,0.0
622.03,1.2338,2.3987,2.3987,-0.0001,0.0,-0.0,0.0,0.0
622.074,1.2338,2.3987,2.3987,0.0006,0.0,0.0,0.0,0.0
622.121,1.2338,2.3986,2.3987,-0.0013,0.0,-0.0,0.0,0.0
622.169,1.2338,2.3987,2.3987,0.0006,0.0,-0.0,0.0,0.0
622.226,1.2338,2.3987,2.3987,0.0001,0.0,0.0,0.0,0.0
622.268,1.2338,2.3987,2.3987,0.0006,0.0,0.0,0.0,0.0
622.33,1.2338,2.3987,2.3987,-0.001,0.0,-0.0,0.0,0.0
622.375,1.2338,2.3986,2.3987,-0.0002,0.0,-0.0,0.0,0.0
622.42,1.2338,2.3987,2.3987,0.0008,0.0,0.0,0.0,0.0
622.472,1.2337,2.3986,2.3987,-0.0013,0.0,-0.0,0.0,0.0
622.525,1.2338,2.3986,2.3986,0.0001,0.0,-0.0,0.0,0.0
622.569,1.2338,2.3986,2.3986,0.0002,0.0,-0.0,0.0,0.0
622.629,1.2338,2.3987,2.3987,0.0013,0.0,0.0,0.0,0.0
622.675,1.2338,2.3987,2.3987,-0.0007,0.0,0.0,0.0,0.0
622.722,1.2338,2.3987,2.3987,0.0005,0.0,0.0,0.0,0.0
622.771,1.2338,2.3986,2.3987,-0.0009,0.0,-0.0,0.0,0.0
622.827,1.2338,2.3986,2.3986,0.0001,0.0,-0.0,0.0,0.0
622.871,1.2338,2.3986,2.3986,-0.0,0.0,-0.0,0.0,0.0
622.927,1.2338,2.3986,2.3986,-0.0,0.0,-0.0,0.0,0.0
622.969,1.2338,2.3987,2.3986,0.0004,0.0,0.0,0.0,0.0
623.029,1.2338,2.3986,2.3986,-0.0,0.0,0.0,0.0,0.0
623.074,1.2338,2.3986,2.3986,-0.0005,0.0,-0.0,0.0,0.0
623.122,1.2338,2.3986,2.3986,0.0005,0.0,0.0,0.0,0.0
623.177,1.2338,2.3987,2.3986,0.0004,0.0,0.0,0.0,0.0
623.223,1.2338,2.3986,2.3986,-0.0005,0.0,-0.0,0.0,0.0
623.269,1.2338,2.3986,2.3986,-0.0004,0.0,-0.0,0.0,0.0
623.326,1.2338,2.3986,2.3986,-0.0,0.0,-0.0,0.0,0.0
623.37,1.2338,2.3987,2.3986,0.0013,0.0,0.0,0.0,0.0
623.419,1.2338,2.3986,2.3986,-0.001,0.0,-0.0,0.0,0.0
623.478,1.2337,2.3986,2.3986,-0.001,0.0,-0.0,0.0,0.0
623.521,1.2338,2.3986,2.3986,0.0011,0.0,0.0,0.0,0.0
623.571,1.2338,2.3986,2.3986,-0.0,0.0,0.0,0.0,0.0
623.627,1.2338,2.3986,2.3986,-0.0002,0.0,-0.0,0.0,0.0
623.671,1.2338,2.3986,2.3986,0.0003,0.0,0.0,0.0,0.0
623.721,1.2338,2.3986,2.3986,-0.0003,0.0,-0.0,0.0,0.0
623.777,1.2338,2.3986,2.3986,-0.0004,0.0,-0.0,0.0,0.0
623.824,1.2338,2.3986,2.3986,0.0005,0.0,0.0,0.0,0.0
623.868,1.2338,2.3987,2.3986,0.0011,0.0,0.0,0.0,0.0
623.928,1.2338,2.3986,2.3986,-0.0014,0.0,-0.0,0.0,0.0
623.974,1.2338,2.3986,2.3986,0.0001,0.0,-0.0,0.0,0.0
624.021,1.2338,2.3987,2.3986,0.0009,0.0,0.0,0.0,0.0
624.078,1.2338,2.3987,2.3986,0.0001,0.0,0.0,0.0,0.0
624.124,1.2337,2.3986,2.3986,-0.0022,0.0,-0.0,0.0,0.0
624.169,1.2338,2.3986,2.3986,0.0013,0.0,0.0,0.0,0.0
624.229,1.2338,2.3987,2.3986,0.0012,0.0,0.0,0.0,0.0
624.273,1.2338,2.3987,2.3986,-0.0001,0.0,0.0,0.0,0.0
624.32,1.2338,2.3987,2.3986,0.0003,0.0,0.0,0.0,0.0
624.379,1.2338,2.3987,2.3986,-0.0004,0.0,0.0,0.0,0.0
624.426,1.2338,2.3986,2.3986,-0.0006,0.0,-0.0,0.0,0.0
624.471,1.2338,2.3987,2.3986,0.0006,0.0,0.0,0.0,0.0
624.527,1.2338,2.3987,2.3986,-0.0,0.0,0.0,0.0,0.0
624.575,1.2338,2.3987,2.3987,0.0007,0.0,0.0,0.0,0.0
624.62,1.2338,2.3986,2.3987,-0.0009,0.0,-0.0,0.0,0.0
624.67,1.2338,2.3986,2.3987,-0.0001,0.0,-0.0,0.0,0.0
624.726,1.2338,2.3986,2.3986,-0.0002,0.0,-0.0,0.0,0.0
624.769,1.2337,2.3986,2.3986,-0.0007,0.0,-0.0,0.0,0.0
624.829,1.2338,2.3986,2.3986,0.0007,0.0,0.0,0.0,0.0
624.877,1.2338,2.3986,2.3986,-0.0002,0.0,-0.0,0.0,0.0
624.919,1.2337,2.3986,2.3986,-0.0005,0.0,-0.0,0.0,0.0
624.971,1.2338,2.3986,2.3986,0.0004,0.0,0.0,0.0,0.0
625.025,1.2338,2.3986,2.3986,0.0,0.0,0.0,0.0,0.0
625.069,1.2338,2.3987,2.3986,0.0009,0.0,0.0,0.0,0.0
625.13,1.2338,2.3987,2.3986,0.0005,0.0,0.0,0.0,0.0
625.175,1.2338,2.3987,2.3986,-0.0007,0.0,-0.0,0.0,0.0
625.221,1.2338,2.3987,2.3987,0.0008,0.0,0.0,0.0,0.0
625.268,1.2338,2.3987,2.3987,-0.0008,0.0,-0.0,0.0,0.0
625.326,1.2338,2.3986,2.3986,-0.0006,0.0,-0.0,0.0,0.0
625.369,1.2338,2.3987,2.3987,0.0005,0.0,-0.0,0.0,0.0
625.427,1.2339,2.3987,2.3987,0.0016,0.0,0.0,0.0,0.0
625.474,1.2338,2.3987,2.3987,-0.0012,0.0,-0.0,0.0,0.0
625.521,1.2338,2.3987,2.3987,-0.0004,0.0,-0.0,0.0,0.0
625.578,1.2338,2.3987,2.3987,0.0002,0.0,-0.0,0.0,0.0
625.627,1.2339,2.3987,2.3987,0.001,0.0,0.0,0.0,0.0
625.669,1.2338,2.3987,2.3987,-0.0008,0.0,-0.0,0.0,0.0
625.726,1.2338,2.3986,2.3987,-0.0013,0.0,-0.0,0.0,0.0
625.771,1.2337,2.3986,2.3987,-0.0003,0.0,-0.0,0.0,0.0
625.829,1.2338,2.3986,2.3986,0.0006,0.0,-0.0,0.0,0.0
625.878,1.2338,2.3987,2.3987,0.0005,0.0,0.0,0.0,0.0
625.92,1.2338,2.3986,2.3986,-0.0009,0.0,-0.0,0.0,0.0
625.971,1.2339,2.3987,2.3987,0.0022,0.0,0.0,0.0,0.0
626.026,1.2338,2.3987,2.3987,-0.0009,0.0,0.0,0.0,0.0
626.071,1.2338,2.3987,2.3987,-0.0004,0.0,-0.0,0.0,0.0
626.129,1.2338,2.3987,2.3987,0.0002,0.0,-0.0,0.0,0.0
626.174,1.2338,2.3986,2.3987,-0.0003,0.0,-0.0,0.0,0.0
626.221,1.2338,2.3986,2.3987,-0.0004,0.0,-0.0,0.0,0.0
626.279,1.2338,2.3987,2.3987,0.0005,0.0,0.0,0.0,0.0
626.325,1.2338,2.3986,2.3986,-0.0008,0.0,-0.0,0.0,0.0
626.37,1.2338,2.3987,2.3986,0.0011,0.0,0.0,0.0,0.0
626.427,1.2338,2.3987,2.3986,0.0,0.0,0.0,0.0,0.0
626.475,1.2337,2.3986,2.3986,-0.001,0.0,-0.0,0.0,0.0
626.52,1.2338,2.3986,2.3986,0.0003,0.0,-0.0,0.0,0.0
626.577,1.2338,2.3987,2.3986,0.0013,0.0,0.0,0.0,0.0
626.625,1.2338,2.3986,2.3986,-0.001,0.0,-0.0,0.0,0.0
626.67,1.2338,2.3986,2.3986,0.0,0.0,-0.0,0.0,0.0
626.724,1.2338,2.3986,2.3986,0.0002,0.0,0.0,0.0,0.0
626.77,1.2338,2.3986,2.3986,0.0001,0.0,0.0,0.0,0.0
626.829,1.2338,2.3986,2.3986,-0.0006,0.0,-0.0,0.0,0.0
626.875,1.2338,2.3987,2.3986,0.0011,0.0,0.0,0.0,0.0
626.921,1.2338,2.3987,2.3986,-0.0,0.0,0.0,0.0,0.0
626.971,1.2338,2.3986,2.3986,-0.0005,0.0,-0.0,0.0,0.0
627.026,1.2338,2.3986,2.3986,-0.0001,0.0,-0.0,0.0,0.0
627.07,1.2338,2.3986,2.3986,-0.0004,0.0,-0.0,0.0,0.0
627.127,1.2338,2.3987,2.3986,0.0009,0.0,0.0,0.0,0.0
627.174,1.2338,2.3987,2.3986,0.0,0.0,0.0,0.0,0.0
627.219,1.2338,2.3986,2.3986,-0.0005,0.0,-0.0,0.0,0.0
627.269,1.2338,2.3987,2.3986,0.0009,0.0,0.0,0.0,0.0
627.327,1.2338,2.3987,2.3986,-0.0003,0.0,0.0,0.0,0.0
627.368,1.2338,2.3987,2.3986,-0.0002,0.0,-0.0,0.0,0.0
627.429,1.2338,2.3987,2.3987,0.0007,0.0,0.0,0.0,0.0
627.473,1.2338,2.3987,2.3987,-0.0004,0.0,0.0,0.0,0.0
627.523,1.2338,2.3987,2.3987,-0.0004,0.0,-0.0,0.0,0.0
627.571,1.2338,2.3987,2.3987,0.0008,0.0,0.0,0.0,0.0
627.625,1.2339,2.3987,2.3987,0.0004,0.0,0.0,0.0,0.0
627.67,1.2338,2.3987,2.3987,-0.0008,0.0,-0.0,0.0,0.0
627.729,1.2338,2.3987,2.3987,0.0003,0.0,0.0,0.0,0.0
627.774,1.2338,2.3987,2.3987,0.0003,0.0,0.0,0.0,0.0
627.82,1.2338,2.3986,2.3987,-0.0015,0.0,-0.0,0.0,0.0
627.868,1.2338,2.3986,2.3987,-0.0003,0.0,-0.0,0.0,0.0
627.926,1.2338,2.3986,2.3987,0.0006,0.0,0.0,0.0,0.0
627.971,1.2338,2.3986,2.3987,0.0,0.0,0.0,0.0,0.0
628.02,1.2337,2.3986,2.3986,-0.0009,0.0,-0.0,0.0,0.0
628.076,1.2338,2.3986,2.3986,0.0004,0.0,-0.0,0.0,0.0
628.125,1.2338,2.3986,2.3986,0.0004,0.0,0.0,0.0,0.0
628.17,1.2337,2.3986,2.3986,-0.0011,0.0,-0.0,0.0,0.0
628.228,1.2337,2.3986,2.3986,-0.0003,0.0,-0.0,0.0,0.0
628.271,1.2338,2.3987,2.3986,0.0017,0.0,0.0,0.0,0.0
628.321,1.2338,2.3987,2.3986,0.0004,0.0,0.0,0.0,0.0
628.377,1.2338,2.3987,2.3986,-0.0001,0.0,0.0,0.0,0.0
628.423,1.2338,2.3986,2.3986,-0.0005,0.0,-0.0,0.0,0.0
628.47,1.2338,2.3987,2.3987,0.001,0.0,0.0,0.0,0.0
628.525,1.2338,2.3986,2.3986,-0.0014,0.0,-0.0,0.0,0.0
628.571,1.2337,2.3985,2.3986,-0.0015,0.0,-0.0,0.0,0.0
628.62,1.2338,2.3986,2.3986,0.002,0.0,0.0,0.0,0.0
628.676,1.2338,2.3987,2.3986,0.0008,0.0,0.0,0.0,0.0
628.721,1.2338,2.3986,2.3986,-0.0012,0.0,-0.0,0.0,0.0
628.769,1.2337,2.3986,2.3986,-0.0005,0.0,-0.0,0.0,0.0
628.826,1.2337,2.3986,2.3986,-0.0,0.0,-0.0,0.0,0.0
628.871,1.2338,2.3987,2.3986,0.0014,0.0,0.0,0.0,0.0
628.921,1.2338,2.3987,2.3986,0.0006,0.0,0.0,0.0,0.0
628.976,1.2338,2.3987,2.3986,-0.0008,0.0,-0.0,0.0,0.0
629.019,1.2338,2.3986,2.3986,-0.0007,0.0,-0.0,0.0,0.0
629.07,1.2337,2.3986,2.3986,-0.0005,0.0,-0.0,0.0,0.0
629.129,1.2338,2.3986,2.3986,0.0007,0.0,0.0,0.0,0.0
629.169,1.2339,2.3987,2.3986,0.0015,0.0,0.0,0.0,0.0
629.229,1.2338,2.3986,2.3986,-0.0016,0.0,-0.0,0.0,0.0
629.275,1.2338,2.3987,2.3987,0.001,0.0,0.0,0.0,0.0
629.321,1.2338,2.3987,2.3987,0.0004,0.0,0.0,0.0,0.0
629.369,1.2338,2.3986,2.3987,-0.0011,0.0,-0.0,0.0,0.0
629.425,1.2338,2.3986,2.3987,-0.0003,0.0,-0.0,0.0,0.0
629.469,1.2338,2.3986,2.3986,-0.0002,0.0,-0.0,0.0,0.0
629.528,1.2338,2.3986,2.3986,0.0002,0.0,-0.0,0.0,0.0
629.575,1.2338,2.3987,2.3986,0.0004,0.0,0.0,0.0,0.0
629.62,1.2338,2.3987,2.3986,0.0,0.0,0.0,0.0,0.0
629.67,1.2337,2.3986,2.3986,-0.0021,0.0,-0.0,0.0,0.0
629.725,1.2337,2.3986,2.3986,0.0008,0.0,-0.0,0.0,0.0
629.77,1.2337,2.3986,2.3986,0.0001,0.0,-0.0,0.0,0.0
629.83,1.2337,2.3986,2.3986,0.0,0.0,-0.0,0.0,0.0
629.876,1.2338,2.3986,2.3986,0.0006,0.0,0.0,0.0,0.0
629.921,1.2337,2.3986,2.3986,-0.0005,0.0,-0.0,0.0,0.0
629.979,1.2338,2.3987,2.3986,0.0011,0.0,0.0,0.0,0.0
630.026,1.2337,2.3986,2.3986,-0.0017,0.0,-0.0,0.0,0.0
630.07,1.2338,2.3986,2.3986,0.001,0.0,0.0,0.0,0.0
630.131,1.2338,2.3987,2.3986,0.001,0.0,0.0,0.0,0.0
630.174,1.2337,2.3986,2.3986,-0.001,0.0,-0.0,0.0,0.0
630.219,1.2338,2.3987,2.3986,0.0012,0.0,0.0,0.0,0.0
630.28,1.2338,2.3987,2.3986,0.0008,0.0,0.0,0.0,0.0
630.329,1.2338,2.3986,2.3986,-0.0016,0.0,-0.0,0.0,0.0
630.371,1.2338,2.3986,2.3986,0.0008,0.0,0.0,0.0,0.0
630.431,1.2338,2.3986,2.3986,-0.0003,0.0,-0.0,0.0,0.0
630.473,1.2338,2.3986,2.3986,0.0003,0.0,0.0,0.0,0.0
630.519,1.2338,2.3986,2.3986,-0.0003,0.0,-0.0,0.0,0.0
630.578,1.2338,2.3987,2.3986,0.0006,0.0,0.0,0.0,0.0
630.625,1.2338,2.3987,2.3986,0.0004,0.0,0.0,0.0,0.0
630.669,1.2337,2.3986,2.3986,-0.0023,0.0,-0.0,0.0,0.0
630.729,1.2338,2.3986,2.3986,0.0007,0.0,-0.0,0.0,0.0
630.773,1.2338,2.3986,2.3986,0.0007,0.0,0.0,0.0,0.0
630.82,1.2338,2.3987,2.3986,0.0003,0.0,0.0,0.0,0.0
630.878,1.2338,2.3986,2.3986,-0.0004,0.0,-0.0,0.0,0.0
630.924,1.2338,2.3987,2.3986,0.0009,0.0,0.0,0.0,0.0
630.97,1.2338,2.3986,2.3986,-0.0017,0.0,-0.0,0.0,0.0
631.033,1.2338,2.3986,2.3986,-0.0,0.0,-0.0,0.0,0.0
631.075,1.2338,2.3986,2.3986,0.0001,0.0,-0.0,0.0,0.0
631.123,1.2338,2.3987,2.3986,0.0014,0.0,0.0,0.0,0.0
631.18,1.2338,2.3987,2.3986,-0.0004,0.0,0.0,0.0,0.0
631.226,1.2337,2.3986,2.3986,-0.0013,0.0,-0.0,0.0,0.0
631.27,1.2338,2.3986,2.3986,0.0012,0.0,0.0,0.0,0.0
631.329,1.2338,2.3986,2.3986,-0.0007,0.0,-0.0,0.0,0.0
631.374,1.2337,2.3986,2.3986,-0.0005,0.0,-0.0,0.0,0.0
631.424,1.2337,2.3986,2.3986,-0.0003,0.0,-0.0,0.0,0.0
631.479,1.2337,2.3986,2.3986,0.0002,0.0,-0.0,0.0,0.0
631.525,1.2338,2.3987,2.3986,0.002,0.0,0.0,0.0,0.0
631.57,1.2338,2.3987,2.3986,-0.0006,0.0,0.0,0.0,0.0
631.628,1.2338,2.3986,2.3986,-0.0009,0.0,-0.0,0.0,0.0
631.677,1.2338,2.3986,2.3986,0.0004,0.0,0.0,0.0,0.0
631.718,1.2337,2.3986,2.3986,-0.0013,0.0,-0.0,0.0,0.0
631.768,1.2338,2.3987,2.3986,0.0015,0.0,0.0,0.0,0.0
631.826,1.2338,2.3986,2.3986,-0.0005,0.0,-0.0,0.0,0.0
631.868,1.2337,2.3986,2.3986,-0.0006,0.0,-0.0,0.0,0.0
631.928,1.2338,2.3987,2.3986,0.0015,0.0,0.0,0.0,0.0
631.976,1.2337,2.3986,2.3986,-0.0014,0.0,-0.0,0.0,0.0
632.02,1.2338,2.3987,2.3986,0.0016,0.0,0.0,0.0,0.0
632.07,1.2339,2.3987,2.3986,0.0009,0.0,0.0,0.0,0.0
632.127,1.2338,2.3987,2.3986,-0.0005,0.0,0.0,0.0,0.0
632.17,1.2338,2.3986,2.3986,-0.001,0.0,-0.0,0.0,0.0
632.23,1.2338,2.3986,2.3986,-0.0007,0.0,-0.0,0.0,0.0
632.274,1.2337,2.3986,2.3986,-0.0,0.0,-0.0,0.0,0.0
632.321,1.2338,2.3987,2.3986,0.001,0.0,0.0,0.0,0.0
632.372,1.2338,2.3987,2.3986,0.0004,0.0,0.0,0.0,0.0
632.425,1.2338,2.3987,2.3986,0.0001,0.0,0.0,0.0,0.0
632.47,1.2338,2.3986,2.3986,-0.0008,0.0,-0.0,0.0,0.0
632.528,1.2338,2.3986,2.3986,0.0002,0.0,-0.0,0.0,0.0
632.574,1.2338,2.3986,2.3986,0.0,0.0,-0.0,0.0,0.0
632.621,1.2337,2.3986,2.3986,-0.0011,0.0,-0.0,0.0,0.0
632.669,1.2338,2.3986,2.3986,0.0006,0.0,-0.0,0.0,0.0
632.726,1.2338,2.3987,2.3986,0.001,0.0,0.0,0.0,0.0
632.769,1.2338,2.3987,2.3986,-0.0001,0.0,0.0,0.0,0.0
632.828,1.2338,2.3986,2.3986,-0.0009,0.0,-0.0,0.0,0.0
632.872,1.2338,2.3987,2.3986,0.0004,0.0,0.0,0.0,0.0
632.92,1.2337,2.3986,2.3986,-0.0015,0.0,-0.0,0.0,0.0
632.977,1.2337,2.3986,2.3986,0.0001,0.0,-0.0,0.0,0.0
633.022,1.2338,2.3986,2.3986,0.0007,0.0,0.0,0.0,0.0
633.07,1.2338,2.3986,2.3986,0.0003,0.0,0.0,0.0,0.0
633.128,1.2338,2.3987,2.3986,0.0003,0.0,0.0,0.0,0.0
633.172,1.2338,2.3986,2.3986,-0.0009,0.0,-0.0,0.0,0.0
633.233,1.2338,2.3987,2.3986,0.0015,0.0,0.0,0.0,0.0
633.278,1.2338,2.3986,2.3986,-0.0009,0.0,-0.0,0.0,0.0
633.323,1.2337,2.3986,2.3986,-0.0009,0.0,-0.0,0.0,0.0
633.37,1.2338,2.3987,2.3986,0.0026,0.0,0.0,0.0,0.0
633.43,1.2338,2.3987,2.3986,-0.0003,0.0,0.0,0.0,0.0
633.473,1.2337,2.3986,2.3986,-0.0016,0.0,-0.0,0.0,0.0
633.52,1.2338,2.3986,2.3986,0.0007,0.0,0.0,0.0,0.0
633.578,1.2338,2.3986,2.3986,-0.0004,0.0,-0.0,0.0,0.0
633.622,1.2338,2.3986,2.3986,0.0003,0.0,0.0,0.0,0.0
633.669,1.2338,2.3986,2.3986,0.0,0.0,0.0,0.0,0.0
633.729,1.2338,2.3987,2.3986,0.0004,0.0,0.0,0.0,0.0
633.771,1.2338,2.3987,2.3987,0.0006,0.0,0.0,0.0,0.0
633.82,1.2338,2.3986,2.3986,-0.0011,0.0,-0.0,0.0,0.0
633.879,1.2337,2.3986,2.3986,-0.0007,0.0,-0.0,0.0,0.0
633.921,1.2338,2.3986,2.3986,0.0006,0.0,-0.0,0.0,0.0
633.969,1.2338,2.3987,2.3986,0.0004,0.0,0.0,0.0,0.0
634.027,1.2338,2.3986,2.3986,-0.0003,0.0,-0.0,0.0,0.0
634.07,1.2338,2.3986,2.3986,-0.0001,0.0,-0.0,0.0,0.0
634.128,1.2338,2.3987,2.3986,0.0013,0.0,0.0,0.0,0.0
634.174,1.2338,2.3987,2.3987,-0.0001,0.0,0.0,0.0,0.0
634.22,1.2338,2.3987,2.3987,-0.0003,0.0,0.0,0.0,0.0
634.28,1.2338,2.3986,2.3986,-0.0011,0.0,-0.0,0.0,0.0
634.327,1.2338,2.3987,2.3987,0.0012,0.0,0.0,0.0,0.0
634.37,1.2338,2.3987,2.3987,-0.0003,0.0,0.0,0.0,0.0
634.428,1.2338,2.3986,2.3987,-0.0008,0.0,-0.0,0.0,0.0
634.472,1.2337,2.3986,2.3986,-0.0006,0.0,-0.0,0.0,0.0
634.529,1.2338,2.3987,2.3986,0.0017,0.0,0.0,0.0,0.0
634.575,1.2338,2.3987,2.3986,-0.0004,0.0,0.0,0.0,0.0
634.621,1.2337,2.3986,2.3986,-0.0011,0.0,-0.0,0.0,0.0
634.671,1.2338,2.3986,2.3986,0.0004,0.0,-0.0,0.0,0.0
634.726,1.2338,2.3987,2.3986,0.0008,0.0,0.0,0.0,0.0
634.77,1.2338,2.3986,2.3986,-0.0009,0.0,-0.0,0.0,0.0
634.821,1.2338,2.3986,2.3986,0.0002,0.0,-0.0,0.0,0.0
634.876,1.2338,2.3986,2.3986,-0.0001,0.0,-0.0,0.0,0.0
634.923,1.2338,2.3986,2.3986,0.0,0.0,-0.0,0.0,0.0
634.971,1.2338,2.3986,2.3986,0.0003,0.0,0.0,0.0,0.0
635.029,1.2338,2.3986,2.3986,-0.0005,0.0,-0.0,0.0,0.0
635.072,1.2338,2.3987,2.3986,0.001,0.0,0.0,0.0,0.0
635.121,1.2338,2.3986,2.3986,-0.0009,0.0,-0.0,0.0,0.0
635.177,1.2338,2.3987,2.3986,0.0008,0.0,0.0,0.0,0.0
635.225,1.2338,2.3987,2.3986,0.0003,0.0,0.0,0.0,0.0
635.272,1.2337,2.3986,2.3986,-0.0014,0.0,-0.0,0.0,0.0
635.328,1.2338,2.3986,2.3986,0.0007,0.0,0.0,0.0,0.0
635.373,1.2338,2.3987,2.3986,0.0007,0.0,0.0,0.0,0.0
635.42,1.2338,2.3986,2.3986,-0.0007,0.0,-0.0,0.0,0.0
635.478,1.2338,2.3986,2.3986,-0.0004,0.0,-0.0,0.0,0.0
635.524,1.2338,2.3986,2.3986,-0.0001,0.0,-0.0,0.0,0.0
635.57,1.2338,2.3987,2.3986,0.0009,0.0,0.0,0.0,0.0
635.63,1.2338,2.3986,2.3986,-0.0002,0.0,0.0,0.0,0.0
635.674,1.2337,2.3986,2.3986,-0.0009,0.0,-0.0,0.0,0.0
635.721,1.2338,2.3987,2.3986,0.002,0.0,0.0,0.0,0.0
635.78,1.2338,2.3987,2.3987,0.0,0.0,0.0,0.0,0.0
635.825,1.2338,2.3986,2.3986,-0.001,0.0,-0.0,0.0,0.0
635.87,1.2339,2.3987,2.3987,0.0016,0.0,0.0,0.0,0.0
635.929,1.2339,2.3987,2.3987,0.0004,0.0,0.0,0.0,0.0
635.972,1.2338,2.3986,2.3987,-0.0017,0.0,-0.0,0.0,0.0
636.022,1.2338,2.3987,2.3987,0.0008,0.0,0.0,0.0,0.0
636.076,1.2338,2.3987,2.3987,-0.0004,0.0,-0.0,0.0,0.0
636.124,1.2338,2.3987,2.3987,0.0002,0.0,0.0,0.0,0.0
636.169,1.2338,2.3986,2.3987,-0.0007,0.0,-0.0,0.0,0.0
636.226,1.2337,2.3986,2.3986,-0.001,0.0,-0.0,0.0,0.0
636.27,1.2338,2.3986,2.3986,0.0013,0.0,0.0,0.0,0.0
636.33,1.2338,2.3987,2.3987,0.0008,0.0,0.0,0.0,0.0
636.374,1.2338,2.3986,2.3986,-0.0013,0.0,-0.0,0.0,0.0
636.419,1.2338,2.3986,2.3986,0.0002,0.0,-0.0,0.0,0.0
636.47,1.2339,2.3987,2.3987,0.0017,0.0,0.0,0.0,0.0
636.525,1.2338,2.3986,2.3987,-0.0015,0.0,-0.0,0.0,0.0
636.57,1.2338,2.3987,2.3987,0.0008,0.0,0.0,0.0,0.0
636.631,1.2338,2.3987,2.3987,0.0006,0.0,0.0,0.0,0.0
636.674,1.2338,2.3987,2.3987,-0.0002,0.0,0.0,0.0,0.0
636.721,1.2338,2.3987,2.3987,-0.0009,0.0,-0.0,0.0,0.0
636.78,1.2338,2.3987,2.3987,0.0005,0.0,0.0,0.0,0.0
636.826,1.2339,2.3987,2.3987,0.0012,0.0,0.0,0.0,0.0
636.872,1.2338,2.3987,2.3987,-0.0018,0.0,-0.0,0.0,0.0
636.928,1.2337,2.3986,2.3987,-0.0013,0.0,-0.0,0.0,0.0
636.976,1.2338,2.3987,2.3987,0.0016,0.0,0.0,0.0,0.0
637.019,1.2338,2.3986,2.3987,-0.0014,0.0,-0.0,0.0,0.0
637.069,1.2338,2.3986,2.3987,0.0005,0.0,-0.0,0.0,0.0
637.128,1.2338,2.3986,2.3987,-0.0002,0.0,-0.0,0.0,0.0
637.169,1.2338,2.3987,2.3987,0.0006,0.0,0.0,0.0,0.0
637.228,1.2338,2.3986,2.3987,-0.0007,0.0,-0.0,0.0,0.0
637.275,1.2338,2.3987,2.3987,0.0013,0.0,0.0,0.0,0.0
637.323,1.2338,2.3987,2.3987,-0.0003,0.0,0.0,0.0,0.0
637.379,1.2339,2.3987,2.3987,0.0006,0.0,0.0,0.0,0.0
637.425,1.2338,2.3987,2.3987,-0.0012,0.0,-0.0,0.0,0.0
637.47,1.2338,2.3987,2.3987,0.0,0.0,-0.0,0.0,0.0
637.53,1.2338,2.3987,2.3987,0.0004,0.0,0.0,0.0,0.0
637.575,1.2338,2.3986,2.3987,-0.0007,0.0,-0.0,0.0,0.0
637.621,1.2338,2.3987,2.3987,0.0005,0.0,0.0,0.0,0.0
637.68,1.2338,2.3987,2.3987,0.0009,0.0,0.0,0.0,0.0
637.726,1.2338,2.3986,2.3987,-0.0011,0.0,-0.0,0.0,0.0
637.769,1.2338,2.3986,2.3987,-0.0007,0.0,-0.0,0.0,0.0
637.828,1.2338,2.3986,2.3987,0.0005,0.0,-0.0,0.0,0.0
637.879,1.2338,2.3987,2.3987,0.0004,0.0,0.0,0.0,0.0
637.92,1.2338,2.3987,2.3987,0.0006,0.0,0.0,0.0,0.0
637.977,1.2337,2.3986,2.3987,-0.0017,0.0,-0.0,0.0,0.0
638.022,1.2338,2.3987,2.3987,0.001,0.0,0.0,0.0,0.0
638.07,1.2337,2.3986,2.3986,-0.0015,0.0,-0.0,0.0,0.0
638.127,1.2338,2.3987,2.3986,0.0015,0.0,0.0,0.0,0.0
638.169,1.2337,2.3986,2.3986,-0.001,0.0,-0.0,0.0,0.0
638.229,1.2338,2.3986,2.3986,0.0006,0.0,0.0,0.0,0.0
638.277,1.2338,2.3987,2.3986,0.0008,0.0,0.0,0.0,0.0
638.322,1.2338,2.3986,2.3986,-0.0007,0.0,-0.0,0.0,0.0
638.38,1.2338,2.3986,2.3986,0.0002,0.0,0.0,0.0,0.0
638.425,1.2338,2.3986,2.3986,-0.0,0.0,0.0,0.0,0.0
638.47,1.2338,2.3986,2.3986,-0.0003,0.0,-0.0,0.0,0.0
638.528,1.2337,2.3986,2.3986,-0.0006,0.0,-0.0,0.0,0.0
638.575,1.2338,2.3986,2.3986,0.0003,0.0,-0.0,0.0,0.0
638.62,1.2338,2.3986,2.3986,0.0,0.0,-0.0,0.0,0.0
638.67,1.2338,2.3987,2.3986,0.0011,0.0,0.0,0.0,0.0
638.728,1.2338,2.3986,2.3986,-0.0008,0.0,-0.0,0.0,0.0
638.77,1.2338,2.3987,2.3986,0.0007,0.0,0.0,0.0,0.0
638.829,1.2338,2.3986,2.3986,-0.0004,0.0,-0.0,0.0,0.0
638.877,1.2338,2.3986,2.3986,-0.0006,0.0,-0.0,0.0,0.0
638.919,1.2338,2.3987,2.3986,0.0013,0.0,0.0,0.0,0.0
638.972,1.2338,2.3987,2.3987,0.0,0.0,0.0,0.0,0.0
639.026,1.2338,2.3987,2.3987,-0.0004,0.0,-0.0,0.0,0.0
639.07,1.2337,2.3986,2.3986,-0.0015,0.0,-0.0,0.0,0.0
639.13,1.2338,2.3987,2.3987,0.0021,0.0,0.0,0.0,0.0
639.175,1.2337,2.3986,2.3986,-0.0022,0.0,-0.0,0.0,0.0
639.22,1.2338,2.3986,2.3986,0.0005,0.0,-0.0,0.0,0.0
639.269,1.2338,2.3986,2.3986,0.0005,0.0,0.0,0.0,0.0
639.326,1.2338,2.3986,2.3986,-0.0001,0.0,-0.0,0.0,0.0
639.372,1.2338,2.3986,2.3986,0.0001,0.0,0.0,0.0,0.0
639.421,1.2338,2.3987,2.3986,0.0005,0.0,0.0,0.0,0.0
639.477,1.2338,2.3987,2.3986,0.0006,0.0,0.0,0.0,0.0
639.522,1.2338,2.3987,2.3986,-0.0006,0.0,0.0,0.0,0.0
639.57,1.2337,2.3986,2.3986,-0.0017,0.0,-0.0,0.0,0.0
639.627,1.2338,2.3987,2.3986,0.0022,0.0,0.0,0.0,0.0
639.672,1.2338,2.3987,2.3986,-0.0006,0.0,0.0,0.0,0.0
639.721,1.2338,2.3986,2.3986,-0.0008,0.0,-0.0,0.0,0.0
639.777,1.2337,2.3986,2.3986,-0.0006,0.0,-0.0,0.0,0.0
639.825,1.2337,2.3986,2.3986,-0.0001,0.0,-0.0,0.0,0.0
639.872,1.2338,2.3987,2.3986,0.0015,0.0,0.0,0.0,0.0
639.929,1.2339,2.3987,2.3986,0.0013,0.0,0.0,0.0,0.0
639.973,1.2338,2.3987,2.3987,-0.0007,0.0,0.0,0.0,0.0
640.02,1.2338,2.3987,2.3987,-0.0005,0.0,-0.0,0.0,0.0
640.08,1.2338,2.3986,2.3986,-0.0009,0.0,-0.0,0.0,0.0
640.125,1.2338,2.3987,2.3986,0.0006,0.0,0.0,0.0,0.0
640.172,1.2338,2.3986,2.3986,-0.0001,0.0,-0.0,0.0,0.0
640.228,1.2337,2.3986,2.3986,-0.0012,0.0,-0.0,0.0,0.0
640.272,1.2338,2.3987,2.3986,0.0018,0.0,0.0,0.0,0.0
640.329,1.2338,2.3987,2.3986,-0.0004,0.0,0.0,0.0,0.0
640.377,1.2338,2.3986,2.3986,-0.0007,0.0,-0.0,0.0,0.0
640.42,1.2338,2.3987,2.3987,0.001,0.0,0.0,0.0,0.0
640.48,1.2338,2.3987,2.3987,-0.0001,0.0,0.0,0.0,0.0
640.525,1.2338,2.3987,2.3987,0.0003,0.0,0.0,0.0,0.0
640.571,1.2338,2.3986,2.3987,-0.0017,0.0,-0.0,0.0,0.0
640.631,1.2338,2.3987,2.3987,0.0008,0.0,0.0,0.0,0.0
640.676,1.2338,2.3987,2.3987,0.0003,0.0,0.0,0.0,0.0
640.721,1.2338,2.3986,2.3987,-0.0013,0.0,-0.0,0.0,0.0
640.769,1.2337,2.3986,2.3986,-0.0007,0.0,-0.0,0.0,0.0
640.824,1.2338,2.3986,2.3986,0.0008,0.0,-0.0,0.0,0.0
640.87,1.2338,2.3986,2.3986,0.0002,0.0,0.0,0.0,0.0
640.928,1.2338,2.3987,2.3986,0.0004,0.0,0.0,0.0,0.0
640.974,1.2338,2.3987,2.3986,0.0008,0.0,0.0,0.0,0.0
641.019,1.2338,2.3986,2.3986,-0.0009,0.0,-0.0,0.0,0.0
641.07,1.2338,2.3986,2.3986,-0.0002,0.0,-0.0,0.0,0.0
641.127,1.2338,2.3987,2.3986,0.0006,0.0,0.0,0.0,0.0
641.171,1.2339,2.3987,2.3987,0.0011,0.0,0.0,0.0,0.0
641.231,1.2338,2.3987,2.3987,-0.001,0.0,-0.0,0.0,0.0
641.275,1.2338,2.3987,2.3987,-0.0001,0.0,-0.0,0.0,0.0
641.321,1.2338,2.3986,2.3987,-0.0006,0.0,-0.0,0.0,0.0
641.377,1.2338,2.3987,2.3987,0.001,0.0,0.0,0.0,0.0
641.424,1.2338,2.3986,2.3987,-0.001,0.0,-0.0,0.0,0.0
641.469,1.2338,2.3986,2.3986,-0.0002,0.0,-0.0,0.0,0.0
641.529,1.2338,2.3986,2.3986,0.0004,0.0,0.0,0.0,0.0
641.574,1.2339,2.3987,2.3987,0.0016,0.0,0.0,0.0,0.0
641.62,1.2338,2.3987,2.3987,-0.0015,0.0,-0.0,0.0,0.0
641.678,1.2338,2.3987,2.3987,0.0002,0.0,-0.0,0.0,0.0
641.724,1.2338,2.3987,2.3987,0.0001,0.0,0.0,0.0,0.0
641.769,1.2338,2.3987,2.3987,0.0002,0.0,0.0,0.0,0.0
641.829,1.2338,2.3986,2.3987,-0.0009,0.0,-0.0,0.0,0.0
641.873,1.2338,2.3986,2.3987,0.0003,0.0,-0.0,0.0,0.0
641.921,1.2338,2.3986,2.3987,-0.0004,0.0,-0.0,0.0,0.0
641.979,1.2338,2.3987,2.3987,0.0006,0.0,0.0,0.0,0.0
642.024,1.2338,2.3986,2.3986,-0.0006,0.0,-0.0,0.0,0.0
642.07,1.2338,2.3987,2.3987,0.0014,0.0,0.0,0.0,0.0
642.13,1.2338,2.3986,2.3987,-0.0012,0.0,-0.0,0.0,0.0
642.175,1.2338,2.3986,2.3986,-0.0,0.0,-0.0,0.0,0.0
642.221,1.2339,2.3987,2.3987,0.0016,0.0,0.0,0.0,0.0
642.277,1.2338,2.3987,2.3987,-0.0004,0.0,0.0,0.0,0.0
642.324,1.2338,2.3986,2.3987,-0.0009,0.0,-0.0,0.0,0.0
642.37,1.2337,2.3986,2.3987,-0.0007,0.0,-0.0,0.0,0.0
642.43,1.2338,2.3987,2.3987,0.001,0.0,0.0,0.0,0.0
642.474,1.2338,2.3986,2.3987,-0.0002,0.0,0.0,0.0,0.0
642.521,1.2338,2.3987,2.3987,0.0002,0.0,0.0,0.0,0.0
642.578,1.2337,2.3986,2.3986,-0.0013,0.0,-0.0,0.0,0.0
642.626,1.2338,2.3986,2.3986,0.001,0.0,0.0,0.0,0.0
642.669,1.2337,2.3986,2.3986,-0.001,0.0,-0.0,0.0,0.0
642.729,1.2338,2.3986,2.3986,0.0009,0.0,0.0,0.0,0.0
642.774,1.2338,2.3986,2.3986,-0.0,0.0,0.0,0.0,0.0
642.82,1.2338,2.3986,2.3986,-0.0005,0.0,-0.0,0.0,0.0
642.878,1.2337,2.3986,2.3986,-0.001,0.0,-0.0,0.0,0.0
642.926,1.2338,2.3987,2.3986,0.002,0.0,0.0,0.0,0.0
642.97,1.2338,2.3986,2.3986,-0.0007,0.0,0.0,0.0,0.0
643.03,1.2338,2.3986,2.3986,-0.0002,0.0,-0.0,0.0,0.0
643.074,1.2338,2.3987,2.3986,0.001,0.0,0.0,0.0,0.0
643.12,1.2338,2.3986,2.3986,-0.0008,0.0,-0.0,0.0,0.0
643.178,1.2338,2.3986,2.3986,-0.0005,0.0,-0.0,0.0,0.0
643.224,1.2338,2.3986,2.3986,0.0001,0.0,-0.0,0.0,0.0
643.27,1.2338,2.3986,2.3986,0.0002,0.0,0.0,0.0,0.0
643.329,1.2337,2.3985,2.3986,-0.0019,0.0,-0.0,0.0,0.0
643.373,1.2337,2.3986,2.3986,0.0004,0.0,-0.0,0.0,0.0
643.421,1.2338,2.3987,2.3986,0.002,0.0,0.0,0.0,0.0
643.478,1.2337,2.3986,2.3986,-0.0016,0.0,-0.0,0.0,0.0
643.522,1.2337,2.3985,2.3986,-0.001,0.0,-0.0,0.0,0.0
643.571,1.2338,2.3986,2.3986,0.0015,0.0,0.0,0.0,0.0
643.627,1.2338,2.3987,2.3986,0.0011,0.0,0.0,0.0,0.0
643.67,1.2337,2.3985,2.3986,-0.0025,0.0,-0.0,0.0,0.0
643.73,1.2337,2.3986,2.3986,0.001,0.0,0.0,0.0,0.0
643.775,1.2337,2.3986,2.3986,0.0001,0.0,0.0,0.0,0.0
643.822,1.2337,2.3986,2.3986,-0.0007,0.0,-0.0,0.0,0.0
643.881,1.2338,2.3986,2.3986,0.0014,0.0,0.0,0.0,0.0
643.924,1.2338,2.3986,2.3986,-0.0004,0.0,0.0,0.0,0.0
643.973,1.2338,2.3986,2.3986,0.0002,0.0,0.0,0.0,0.0
644.028,1.2337,2.3986,2.3986,-0.0008,0.0,-0.0,0.0,0.0
644.074,1.2337,2.3986,2.3986,0.0,0.0,-0.0,0.0,0.0
644.12,1.2338,2.3986,2.3986,0.0008,0.0,0.0,0.0,0.0
644.18,1.2338,2.3986,2.3986,-0.0003,0.0,0.0,0.0,0.0
644.224,1.2337,2.3986,2.3986,-0.0009,0.0,-0.0,0.0,0.0
644.271,1.2337,2.3986,2.3986,-0.0,0.0,-0.0,0.0,0.0
644.331,1.2338,2.3986,2.3986,0.0018,0.0,0.0,0.0,0.0
644.374,1.2337,2.3986,2.3986,-0.0012,0.0,-0.0,0.0,0.0
644.424,1.2337,2.3986,2.3986,0.0001,0.0,-0.0,0.0,0.0
644.48,1.2337,2.3986,2.3986,0.0001,0.0,0.0,0.0,0.0
644.528,1.2337,2.3986,2.3986,-0.0003,0.0,-0.0,0.0,0.0
644.57,1.2337,2.3986,2.3986,-0.0003,0.0,-0.0,0.0,0.0
644.63,1.2337,2.3986,2.3986,0.0004,0.0,0.0,0.0,0.0
644.675,1.2338,2.3986,2.3986,0.0007,0.0,0.0,0.0,0.0
644.721,1.2337,2.3986,2.3986,-0.0014,0.0,-0.0,0.0,0.0
644.769,1.2337,2.3986,2.3986,0.0009,0.0,0.0,0.0,0.0
644.824,1.2338,2.3986,2.3986,0.0002,0.0,0.0,0.0,0.0
644.87,1.2338,2.3986,2.3986,0.0002,0.0,0.0,0.0,0.0
644.93,1.2337,2.3986,2.3986,-0.0005,0.0,-0.0,0.0,0.0
644.971,1.2337,2.3986,2.3986,-0.0001,0.0,-0.0,0.0,0.0
645.021,1.2337,2.3986,2.3986,0.0,0.0,-0.0,0.0,0.0
645.078,1.2338,2.3986,2.3986,0.0002,0.0,0.0,0.0,0.0
645.12,1.2337,2.3986,2.3986,-0.0002,0.0,-0.0,0.0,0.0
645.17,1.2337,2.3986,2.3986,-0.0,0.0,-0.0,0.0,0.0
645.226,1.2337,2.3986,2.3986,-0.0001,0.0,-0.0,0.0,0.0
645.27,1.2337,2.3986,2.3986,-0.0002,0.0,-0.0,0.0,0.0
645.33,1.2338,2.3986,2.3986,0.0008,0.0,0.0,0.0,0.0
645.376,1.2337,2.3986,2.3986,-0.0007,0.0,-0.0,0.0,0.0
645.421,1.2338,2.3986,2.3986,0.0006,0.0,0.0,0.0,0.0
645.477,1.2337,2.3986,2.3986,-0.0005,0.0,-0.0,0.0,0.0
645.527,1.2337,2.3985,2.3986,-0.0006,0.0,-0.0,0.0,0.0
645.569,1.2337,2.3986,2.3986,0.0005,0.0,-0.0,0.0,0.0
645.624,1.2338,2.3986,2.3986,0.001,0.0,0.0,0.0,0.0
645.669,1.2337,2.3986,2.3986,-0.0009,0.0,-0.0,0.0,0.0
645.729,1.2338,2.3986,2.3986,0.0008,0.0,0.0,0.0,0.0
645.773,1.2337,2.3986,2.3986,-0.0004,0.0,0.0,0.0,0.0
645.821,1.2338,2.3986,2.3986,0.001,0.0,0.0,0.0,0.0
645.881,1.2338,2.3986,2.3986,-0.0004,0.0,0.0,0.0,0.0
645.924,1.2337,2.3985,2.3986,-0.0017,0.0,-0.0,0.0,0.0
645.97,1.2338,2.3986,2.3986,0.002,0.0,0.0,0.0,0.0
646.03,1.2338,2.3986,2.3986,0.0004,0.0,0.0,0.0,0.0
646.074,1.2337,2.3986,2.3986,-0.0011,0.0,-0.0,0.0,0.0
646.121,1.2337,2.3986,2.3986,-0.0004,0.0,-0.0,0.0,0.0
646.181,1.2337,2.3986,2.3986,0.0005,0.0,0.0,0.0,0.0
646.225,1.2337,2.3986,2.3986,-0.0005,0.0,-0.0,0.0,0.0
646.27,1.2337,2.3986,2.3986,0.0005,0.0,0.0,0.0,0.0
646.328,1.2337,2.3986,2.3986,-0.0003,0.0,-0.0,0.0,0.0
646.374,1.2338,2.3987,2.3986,0.0027,0.0,0.0,0.0,0.0
646.419,1.2338,2.3986,2.3986,-0.0018,0.0,-0.0,0.0,0.0
646.47,1.2338,2.3986,2.3986,0.0001,0.0,0.0,0.0,0.0
646.526,1.2337,2.3986,2.3986,-0.0008,0.0,-0.0,0.0,0.0
646.57,1.2337,2.3985,2.3986,-0.0008,0.0,-0.0,0.0,0.0
646.629,1.2338,2.3986,2.3986,0.0015,0.0,0.0,0.0,0.0
646.675,1.2338,2.3986,2.3986,0.0003,0.0,0.0,0.0,0.0
646.721,1.2337,2.3986,2.3986,-0.0012,0.0,-0.0,0.0,0.0
646.772,1.2337,2.3985,2.3986,-0.0005,0.0,-0.0,0.0,0.0
646.827,1.2337,2.3986,2.3986,0.0011,0.0,0.0,0.0,0.0
646.871,1.2338,2.3986,2.3986,0.0002,0.0,0.0,0.0,0.0
646.93,1.2337,2.3986,2.3986,-0.0008,0.0,-0.0,0.0,0.0
646.978,1.2337,2.3986,2.3986,0.0005,0.0,0.0,0.0,0.0
647.021,1.2337,2.3986,2.3986,-0.0003,0.0,-0.0,0.0,0.0
647.071,1.2337,2.3986,2.3986,0.0002,0.0,0.0,0.0,0.0
647.13,1.2337,2.3986,2.3986,-0.0,0.0,0.0,0.0,0.0
647.172,1.2338,2.3986,2.3986,0.0007,0.0,0.0,0.0,0.0
647.221,1.2338,2.3986,2.3986,0.0001,0.0,0.0,0.0,0.0
647.278,1.2337,2.3986,2.3986,-0.0011,0.0,-0.0,0.0,0.0
647.322,1.2337,2.3986,2.3986,0.0,0.0,-0.0,0.0,0.0
647.37,1.2337,2.3985,2.3986,-0.0008,0.0,-0.0,0.0,0.0
647.425,1.2337,2.3985,2.3986,0.0001,0.0,-0.0,0.0,0.0
647.47,1.2338,2.3986,2.3986,0.0015,0.0,0.0,0.0,0.0
647.53,1.2337,2.3986,2.3986,-0.001,0.0,-0.0,0.0,0.0
647.576,1.2338,2.3986,2.3986,0.0008,0.0,0.0,0.0,0.0
647.625,1.2338,2.3986,2.3986,0.0003,0.0,0.0,0.0,0.0
647.68,1.2337,2.3985,2.3986,-0.0016,0.0,-0.0,0.0,0.0
647.726,1.2337,2.3986,2.3986,0.001,0.0,0.0,0.0,0.0
647.771,1.2337,2.3986,2.3986,-0.0006,0.0,-0.0,0.0,0.0
647.829,1.2337,2.3986,2.3986,0.0004,0.0,0.0,0.0,0.0
647.875,1.2338,2.3986,2.3986,0.0007,0.0,0.0,0.0,0.0
647.921,1.2337,2.3986,2.3986,-0.0005,0.0,0.0,0.0,0.0
647.979,1.2338,2.3986,2.3986,0.0007,0.0,0.0,0.0,0.0
648.024,1.2337,2.3986,2.3986,-0.0008,0.0,-0.0,0.0,0.0
648.071,1.2338,2.3986,2.3986,0.0011,0.0,0.0,0.0,0.0
648.13,1.2338,2.3986,2.3986,-0.0006,0.0,-0.0,0.0,0.0
648.175,1.2337,2.3986,2.3986,-0.0012,0.0,-0.0,0.0,0.0
648.221,1.2338,2.3986,2.3986,0.002,0.0,0.0,0.0,0.0
648.28,1.2337,2.3986,2.3986,-0.0009,0.0,-0.0,0.0,0.0
648.325,1.2337,2.3986,2.3986,-0.0004,0.0,-0.0,0.0,0.0
648.371,1.2337,2.3986,2.3986,-0.0003,0.0,-0.0,0.0,0.0
648.433,1.2338,2.3986,2.3986,0.0009,0.0,0.0,0.0,0.0
648.474,1.2337,2.3986,2.3986,-0.0001,0.0,0.0,0.0,0.0
648.52,1.2337,2.3986,2.3986,-0.0,0.0,0.0,0.0,0.0
648.581,1.2337,2.3985,2.3986,-0.0012,0.0,-0.0,0.0,0.0
648.628,1.2338,2.3986,2.3986,0.0017,0.0,0.0,0.0,0.0
648.669,1.2337,2.3986,2.3986,-0.0007,0.0,-0.0,0.0,0.0
648.729,1.2337,2.3986,2.3986,0.0,0.0,0.0,0.0,0.0
648.774,1.2337,2.3985,2.3986,-0.0011,0.0,-0.0,0.0,0.0
648.821,1.2337,2.3986,2.3986,0.0011,0.0,0.0,0.0,0.0
648.878,1.2337,2.3986,2.3986,-0.0002,0.0,-0.0,0.0,0.0
648.925,1.2338,2.3986,2.3986,0.0006,0.0,0.0,0.0,0.0
648.971,1.2337,2.3986,2.3986,-0.0003,0.0,0.0,0.0,0.0
649.026,1.2338,2.3986,2.3986,0.0007,0.0,0.0,0.0,0.0
649.07,1.2338,2.3986,2.3986,-0.0005,0.0,-0.0,0.0,0.0
649.131,1.2337,2.3986,2.3986,-0.001,0.0,-0.0,0.0,0.0
649.176,1.2338,2.3986,2.3986,0.0014,0.0,0.0,0.0,0.0
649.223,1.2338,2.3986,2.3986,-0.0004,0.0,0.0,0.0,0.0
649.271,1.2337,2.3986,2.3986,-0.0001,0.0,-0.0,0.0,0.0
649.326,1.2338,2.3986,2.3986,0.0004,0.0,0.0,0.0,0.0
649.371,1.2337,2.3985,2.3986,-0.0018,0.0,-0.0,0.0,0.0
649.431,1.2337,2.3985,2.3986,-0.0004,0.0,-0.0,0.0,0.0
649.477,1.2337,2.3986,2.3986,0.001,0.0,0.0,0.0,0.0
649.522,1.2337,2.3986,2.3986,0.0006,0.0,0.0,0.0,0.0
649.569,1.2338,2.3986,2.3986,0.0008,0.0,0.0,0.0,0.0
649.63,1.2337,2.3986,2.3986,-0.0012,0.0,-0.0,0.0,0.0
649.673,1.2337,2.3986,2.3986,0.0002,0.0,-0.0,0.0,0.0
649.721,1.2337,2.3986,2.3986,-0.0004,0.0,-0.0,0.0,0.0
649.777,1.2337,2.3986,2.3986,0.0002,0.0,-0.0,0.0,0.0
649.825,1.2337,2.3986,2.3986,0.0,0.0,-0.0,0.0,0.0
649.871,1.2338,2.3986,2.3986,0.0008,0.0,0.0,0.0,0.0
649.929,1.2337,2.3986,2.3986,-0.0009,0.0,-0.0,0.0,0.0
649.973,1.2337,2.3986,2.3986,0.0006,0.0,0.0,0.0,0.0
650.02,1.2338,2.3986,2.3986,0.0005,0.0,0.0,0.0,0.0
650.081,1.2338,2.3986,2.3986,0.0001,0.0,0.0,0.0,0.0
650.124,1.2338,2.3986,2.3986,-0.0002,0.0,0.0,0.0,0.0
650.17,1.2338,2.3987,2.3986,0.0015,0.0,0.0,0.0,0.0
650.229,1.2338,2.3987,2.3986,-0.0005,0.0,0.0,0.0,0.0
650.274,1.2337,2.3986,2.3986,-0.0014,0.0,-0.0,0.0,0.0
650.321,1.2338,2.3986,2.3986,0.001,0.0,0.0,0.0,0.0
650.378,1.2338,2.3986,2.3986,0.0001,0.0,0.0,0.0,0.0
650.425,1.2338,2.3986,2.3986,0.0,0.0,0.0,0.0,0.0
650.47,1.2337,2.3986,2.3986,-0.0011,0.0,-0.0,0.0,0.0
650.529,1.2338,2.3987,2.3986,0.0015,0.0,0.0,0.0,0.0
650.574,1.2337,2.3986,2.3986,-0.001,0.0,-0.0,0.0,0.0
650.621,1.2337,2.3986,2.3986,-0.0008,0.0,-0.0,0.0,0.0
650.68,1.2337,2.3986,2.3986,0.0003,0.0,-0.0,0.0,0.0
650.724,1.2337,2.3986,2.3986,-0.0005,0.0,-0.0,0.0,0.0
650.77,1.2337,2.3986,2.3986,0.0005,0.0,0.0,0.0,0.0
650.83,1.2338,2.3986,2.3986,0.0011,0.0,0.0,0.0,0.0
650.874,1.2337,2.3985,2.3986,-0.0019,0.0,-0.0,0.0,0.0
650.922,1.2337,2.3986,2.3986,0.0011,0.0,0.0,0.0,0.0
650.979,1.2337,2.3986,2.3986,-0.0003,0.0,-0.0,0.0,0.0
651.024,1.2337,2.3986,2.3986,-0.0,0.0,-0.0,0.0,0.0
651.07,1.2337,2.3986,2.3986,0.0007,0.0,0.0,0.0,0.0
651.129,1.2338,2.3986,2.3986,0.0008,0.0,0.0,0.0,0.0
651.175,1.2337,2.3986,2.3986,-0.0008,0.0,-0.0,0.0,0.0
651.22,1.2337,2.3986,2.3986,-0.0002,0.0,-0.0,0.0,0.0
651.277,1.2337,2.3986,2.3986,-0.0004,0.0,-0.0,0.0,0.0
651.323,1.2337,2.3986,2.3986,0.0004,0.0,0.0,0.0,0.0
651.371,1.2337,2.3985,2.3986,-0.0011,0.0,-0.0,0.0,0.0
651.425,1.2338,2.3986,2.3986,0.0017,0.0,0.0,0.0,0.0
651.472,1.2337,2.3986,2.3986,-0.0006,0.0,0.0,0.0,0.0
651.531,1.2337,2.3986,2.3986,0.0004,0.0,0.0,0.0,0.0
651.575,1.2337,2.3986,2.3986,-0.0006,0.0,-0.0,0.0,0.0
651.622,1.2337,2.3986,2.3986,-0.0003,0.0,-0.0,0.0,0.0
651.681,1.2338,2.3987,2.3986,0.0021,0.0,0.0,0.0,0.0
651.725,1.2337,2.3986,2.3986,-0.0016,0.0,-0.0,0.0,0.0
651.772,1.2337,2.3986,2.3986,0.0003,0.0,0.0,0.0,0.0
651.828,1.2337,2.3985,2.3986,-0.0014,0.0,-0.0,0.0,0.0
651.873,1.2337,2.3986,2.3986,0.0014,0.0,0.0,0.0,0.0
651.92,1.2337,2.3986,2.3986,-0.0009,0.0,-0.0,0.0,0.0
651.971,1.2337,2.3986,2.3986,0.0005,0.0,0.0,0.0,0.0
652.026,1.2337,2.3986,2.3986,0.0003,0.0,0.0,0.0,0.0
652.07,1.2338,2.3986,2.3986,0.0009,0.0,0.0,0.0,0.0
652.132,1.2337,2.3985,2.3986,-0.0019,0.0,-0.0,0.0,0.0
652.174,1.2337,2.3986,2.3986,0.0009,0.0,0.0,0.0,0.0
652.223,1.2337,2.3986,2.3986,0.0003,0.0,0.0,0.0,0.0
652.279,1.2337,2.3986,2.3986,-0.0009,0.0,-0.0,0.0,0.0
652.326,1.2337,2.3986,2.3986,0.0005,0.0,0.0,0.0,0.0
652.371,1.2337,2.3985,2.3986,-0.0009,0.0,-0.0,0.0,0.0
652.428,1.2337,2.3986,2.3986,0.0012,0.0,0.0,0.0,0.0
652.476,1.2338,2.3986,2.3986,0.0006,0.0,0.0,0.0,0.0
652.519,1.2338,2.3986,2.3986,-0.0004,0.0,0.0,0.0,0.0
652.57,1.2337,2.3986,2.3986,-0.0014,0.0,-0.0,0.0,0.0
652.626,1.2337,2.3986,2.3986,0.0004,0.0,-0.0,0.0,0.0
652.669,1.2337,2.3986,2.3986,0.0005,0.0,0.0,0.0,0.0
652.73,1.2337,2.3986,2.3986,-0.0006,0.0,-0.0,0.0,0.0
652.775,1.2337,2.3986,2.3986,0.0,0.0,-0.0,0.0,0.0
652.822,1.2337,2.3986,2.3986,0.0004,0.0,0.0,0.0,0.0
652.876,1.2338,2.3987,2.3986,0.0016,0.0,0.0,0.0,0.0
652.923,1.2338,2.3986,2.3986,-0.0007,0.0,0.0,0.0,0.0
652.971,1.2337,2.3986,2.3986,-0.0014,0.0,-0.0,0.0,0.0
653.029,1.2337,2.3986,2.3986,0.0002,0.0,-0.0,0.0,0.0
653.073,1.2337,2.3986,2.3986,0.0006,0.0,0.0,0.0,0.0
653.121,1.2337,2.3986,2.3986,-0.0004,0.0,-0.0,0.0,0.0
653.178,1.2337,2.3986,2.3986,0.0003,0.0,0.0,0.0,0.0
653.227,1.2337,2.3985,2.3986,-0.001,0.0,-0.0,0.0,0.0
653.269,1.2337,2.3986,2.3986,0.0005,0.0,-0.0,0.0,0.0
653.33,1.2337,2.3986,2.3986,0.0005,0.0,0.0,0.0,0.0
653.374,1.2338,2.3986,2.3986,0.0003,0.0,0.0,0.0,0.0
653.42,1.2338,2.3986,2.3986,0.0005,0.0,0.0,0.0,0.0
653.478,1.2338,2.3986,2.3986,-0.0003,0.0,0.0,0.0,0.0
653.524,1.2337,2.3986,2.3986,-0.0003,0.0,-0.0,0.0,0.0
653.569,1.2337,2.3986,2.3986,-0.0008,0.0,-0.0,0.0,0.0
653.631,1.2337,2.3986,2.3986,-0.0003,0.0,-0.0,0.0,0.0
653.673,1.2338,2.3986,2.3986,0.001,0.0,0.0,0.0,0.0
653.722,1.2337,2.3986,2.3986,-0.0003,0.0,0.0,0.0,0.0
653.78,1.2337,2.3986,2.3986,-0.0003,0.0,-0.0,0.0,0.0
653.826,1.2337,2.3986,2.3986,-0.0002,0.0,-0.0,0.0,0.0
653.871,1.2337,2.3985,2.3986,-0.0005,0.0,-0.0,0.0,0.0
653.931,1.2337,2.3986,2.3986,0.0009,0.0,0.0,0.0,0.0
653.975,1.2337,2.3986,2.3986,-0.0001,0.0,0.0,0.0,0.0
654.021,1.2337,2.3986,2.3986,0.0003,0.0,0.0,0.0,0.0
654.08,1.2337,2.3986,2.3986,-0.0005,0.0,-0.0,0.0,0.0
654.126,1.2337,2.3986,2.3986,-0.0005,0.0,-0.0,0.0,0.0
654.17,1.2337,2.3985,2.3986,-0.0007,0.0,-0.0,0.0,0.0
654.23,1.2337,2.3985,2.3986,0.0006,0.0,-0.0,0.0,0.0
654.276,1.2337,2.3986,2.3986,0.0011,0.0,0.0,0.0,0.0
654.321,1.2337,2.3986,2.3986,-0.0002,0.0,0.0,0.0,0.0
654.38,1.2337,2.3985,2.3986,-0.0012,0.0,-0.0,0.0,0.0
654.427,1.2337,2.3986,2.3986,0.0006,0.0,0.0,0.0,0.0
654.47,1.2337,2.3986,2.3986,0.0007,0.0,0.0,0.0,0.0
654.53,1.2337,2.3985,2.3986,-0.0013,0.0,-0.0,0.0,0.0
654.575,1.2337,2.3986,2.3986,0.0003,0.0,-0.0,0.0,0.0
654.621,1.2337,2.3986,2.3986,0.0011,0.0,0.0,0.0,0.0
654.68,1.2337,2.3986,2.3986,-0.0,0.0,0.0,0.0,0.0
654.726,1.2337,2.3986,2.3986,-0.0004,0.0,-0.0,0.0,0.0
654.772,1.2337,2.3985,2.3986,-0.0009,0.0,-0.0,0.0,0.0
654.831,1.2337,2.3986,2.3986,0.0003,0.0,-0.0,0.0,0.0
654.878,1.2337,2.3985,2.3986,-0.0002,0.0,-0.0,0.0,0.0
654.92,1.2337,2.3986,2.3986,0.0011,0.0,0.0,0.0,0.0
654.979,1.2338,2.3987,2.3986,0.0017,0.0,0.0,0.0,0.0
655.024,1.2338,2.3986,2.3986,-0.0014,0.0,0.0,0.0,0.0
655.07,1.2338,2.3986,2.3986,0.0006,0.0,0.0,0.0,0.0
655.127,1.2337,2.3986,2.3986,-0.0014,0.0,-0.0,0.0,0.0
655.172,1.2338,2.3986,2.3986,0.0008,0.0,0.0,0.0,0.0
655.23,1.2338,2.3986,2.3986,0.0008,0.0,0.0,0.0,0.0
655.276,1.2337,2.3985,2.3986,-0.0021,0.0,-0.0,0.0,0.0
655.321,1.2338,2.3986,2.3986,0.0013,0.0,0.0,0.0,0.0
655.38,1.2338,2.3986,2.3986,0.0,0.0,0.0,0.0,0.0
655.424,1.2337,2.3986,2.3986,-0.0011,0.0,-0.0,0.0,0.0
655.471,1.2337,2.3986,2.3986,0.0007,0.0,0.0,0.0,0.0
655.528,1.2337,2.3986,2.3986,0.0,0.0,0.0,0.0,0.0
655.575,1.2338,2.3986,2.3986,0.0004,0.0,0.0,0.0,0.0
655.62,1.2337,2.3986,2.3986,-0.0007,0.0,-0.0,0.0,0.0
655.67,1.2338,2.3986,2.3986,0.0011,0.0,0.0,0.0,0.0
655.725,1.2337,2.3986,2.3986,-0.0007,0.0,-0.0,0.0,0.0
655.77,1.2337,2.3985,2.3986,-0.0015,0.0,-0.0,0.0,0.0
655.829,1.2337,2.3985,2.3986,0.0004,0.0,-0.0,0.0,0.0
655.874,1.2337,2.3986,2.3986,0.0012,0.0,0.0,0.0,0.0
655.921,1.2337,2.3986,2.3986,-0.0009,0.0,-0.0,0.0,0.0
655.973,1.2337,2.3986,2.3986,0.0008,0.0,0.0,0.0,0.0
656.027,1.2337,2.3986,2.3986,0.0002,0.0,0.0,0.0,0.0
656.071,1.2337,2.3986,2.3986,-0.0008,0.0,-0.0,0.0,0.0
656.131,1.2337,2.3986,2.3986,0.0004,0.0,0.0,0.0,0.0
656.175,1.2337,2.3985,2.3986,-0.0008,0.0,-0.0,0.0,0.0
656.222,1.2337,2.3985,2.3986,-0.0001,0.0,-0.0,0.0,0.0
656.279,1.2337,2.3986,2.3986,0.0011,0.0,0.0,0.0,0.0
656.323,1.2337,2.3986,2.3986,-0.0003,0.0,0.0,0.0,0.0
656.372,1.2337,2.3986,2.3986,0.0005,0.0,0.0,0.0,0.0
656.427,1.2337,2.3985,2.3986,-0.001,0.0,-0.0,0.0,0.0
656.47,1.2337,2.3986,2.3986,0.0003,0.0,-0.0,0.0,0.0
656.529,1.2337,2.3986,2.3986,-0.0002,0.0,-0.0,0.0,0.0
656.575,1.2337,2.3986,2.3986,0.001,0.0,0.0,0.0,0.0
656.62,1.2338,2.3986,2.3986,0.0004,0.0,0.0,0.0,0.0
656.68,1.2338,2.3986,2.3986,0.0001,0.0,0.0,0.0,0.0
656.727,1.2337,2.3985,2.3986,-0.0015,0.0,-0.0,0.0,0.0
656.772,1.2337,2.3986,2.3986,0.0012,0.0,0.0,0.0,0.0
656.829,1.2337,2.3986,2.3986,-0.0001,0.0,0.0,0.0,0.0
656.87,1.2337,2.3986,2.3986,0.0001,0.0,0.0,0.0,0.0
656.933,1.2338,2.3986,2.3986,0.0005,0.0,0.0,0.0,0.0
656.975,1.2338,2.3986,2.3986,-0.0004,0.0,0.0,0.0,0.0
657.021,1.2338,2.3986,2.3986,0.0002,0.0,0.0,0.0,0.0
657.082,1.2338,2.3986,2.3986,-0.0001,0.0,0.0,0.0,0.0
657.126,1.2337,2.3986,2.3986,-0.0006,0.0,-0.0,0.0,0.0
657.172,1.2337,2.3986,2.3986,0.0002,0.0,-0.0,0.0,0.0
657.229,1.2337,2.3986,2.3986,-0.0001,0.0,-0.0,0.0,0.0
657.275,1.2337,2.3985,2.3986,-0.0013,0.0,-0.0,0.0,0.0
657.321,1.2337,2.3986,2.3986,0.0013,0.0,0.0,0.0,0.0
657.37,1.2338,2.3986,2.3986,0.0005,0.0,0.0,0.0,0.0
657.426,1.2338,2.3986,2.3986,0.0,0.0,0.0,0.0,0.0
657.47,1.2338,2.3986,2.3986,0.0001,0.0,0.0,0.0,0.0
657.531,1.2338,2.3987,2.3986,0.0014,0.0,0.0,0.0,0.0
657.576,1.2338,2.3986,2.3986,-0.0016,0.0,-0.0,0.0,0.0
657.621,1.2337,2.3986,2.3986,-0.0003,0.0,-0.0,0.0,0.0
657.671,1.2338,2.3986,2.3986,0.001,0.0,0.0,0.0,0.0
657.726,1.2338,2.3987,2.3986,0.0009,0.0,0.0,0.0,0.0
657.772,1.2338,2.3986,2.3986,-0.0014,0.0,-0.0,0.0,0.0
657.832,1.2337,2.3986,2.3986,-0.0003,0.0,-0.0,0.0,0.0
657.877,1.2338,2.3986,2.3986,0.0005,0.0,0.0,0.0,0.0
657.922,1.2337,2.3986,2.3986,-0.0006,0.0,-0.0,0.0,0.0
657.97,1.2337,2.3986,2.3986,0.0001,0.0,-0.0,0.0,0.0
658.029,1.2337,2.3986,2.3986,0.0001,0.0,-0.0,0.0,0.0
658.073,1.2338,2.3986,2.3986,0.0005,0.0,0.0,0.0,0.0
658.122,1.2337,2.3986,2.3986,-0.0011,0.0,-0.0,0.0,0.0
658.178,1.2337,2.3986,2.3986,-0.0002,0.0,-0.0,0.0,0.0
658.225,1.2337,2.3986,2.3986,0.0005,0.0,0.0,0.0,0.0
658.271,1.2337,2.3985,2.3986,-0.0012,0.0,-0.0,0.0,0.0
658.328,1.2338,2.3986,2.3986,0.002,0.0,0.0,0.0,0.0
658.374,1.2338,2.3987,2.3986,0.0003,0.0,0.0,0.0,0.0
658.434,1.2338,2.3986,2.3986,-0.0006,0.0,0.0,0.0,0.0
658.478,1.2337,2.3985,2.3986,-0.0019,0.0,-0.0,0.0,0.0
658.524,1.2338,2.3986,2.3986,0.0015,0.0,0.0,0.0,0.0
658.57,1.2338,2.3986,2.3986,0.0004,0.0,0.0,0.0,0.0
658.628,1.2338,2.3986,2.3986,0.0001,0.0,0.0,0.0,0.0
658.671,1.2337,2.3986,2.3986,-0.001,0.0,-0.0,0.0,0.0
658.73,1.2338,2.3986,2.3986,0.001,0.0,0.0,0.0,0.0
658.775,1.2338,2.3987,2.3986,0.0008,0.0,0.0,0.0,0.0
658.82,1.2338,2.3986,2.3986,-0.0009,0.0,-0.0,0.0,0.0
658.88,1.2337,2.3986,2.3986,-0.0008,0.0,-0.0,0.0,0.0
658.925,1.2338,2.3986,2.3986,0.0006,0.0,0.0,0.0,0.0
658.972,1.2338,2.3987,2.3986,0.0008,0.0,0.0,0.0,0.0
659.028,1.2338,2.3986,2.3986,-0.0006,0.0,-0.0,0.0,0.0
659.073,1.2338,2.3986,2.3986,-0.0002,0.0,-0.0,0.0,0.0
659.13,1.2339,2.3987,2.3986,0.0019,0.0,0.0,0.0,0.0
659.177,1.2338,2.3987,2.3986,-0.0005,0.0,0.0,0.0,0.0
659.223,1.2338,2.3986,2.3986,-0.0015,0.0,-0.0,0.0,0.0
659.271,1.2337,2.3986,2.3986,-0.0004,0.0,-0.0,0.0,0.0
659.328,1.2338,2.3986,2.3986,0.0005,0.0,-0.0,0.0,0.0
659.372,1.2338,2.3986,2.3986,0.0003,0.0,0.0,0.0,0.0
659.421,1.2338,2.3986,2.3986,0.0002,0.0,0.0,0.0,0.0
659.477,1.2338,2.3986,2.3986,0.0001,0.0,0.0,0.0,0.0
659.522,1.2338,2.3986,2.3986,-0.0004,0.0,-0.0,0.0,0.0
659.57,1.2337,2.3986,2.3986,-0.0007,0.0,-0.0,0.0,0.0
659.627,1.2338,2.3986,2.3986,0.0008,0.0,0.0,0.0,0.0
659.672,1.2338,2.3986,2.3986,0.0,0.0,0.0,0.0,0.0
659.721,1.2337,2.3986,2.3986,-0.0006,0.0,-0.0,0.0,0.0
659.777,1.2337,2.3986,2.3986,-0.0007,0.0,-0.0,0.0,0.0
659.822,1.2337,2.3986,2.3986,0.0005,0.0,-0.0,0.0,0.0
659.871,1.2338,2.3986,2.3986,0.0005,0.0,0.0,0.0,0.0
659.928,1.2337,2.3986,2.3986,-0.0004,0.0,-0.0,0.0,0.0
659.971,1.2337,2.3986,2.3986,0.0001,0.0,0.0,0.0,0.0
660.031,1.2337,2.3986,2.3986,-0.0001,0.0,-0.0,0.0,0.0
660.076,1.2338,2.3986,2.3986,0.0007,0.0,0.0,0.0,0.0
660.123,1.2338,2.3986,2.3986,-0.0004,0.0,0.0,0.0,0.0
660.179,1.2337,2.3986,2.3986,-0.0004,0.0,-0.0,0.0,0.0
660.224,1.2338,2.3986,2.3986,0.0003,0.0,0.0,0.0,0.0
660.27,1.2337,2.3986,2.3986,-0.0006,0.0,-0.0,0.0,0.0
660.326,1.2337,2.3986,2.3986,-0.0001,0.0,-0.0,0.0,0.0
660.37,1.2337,2.3985,2.3986,-0.001,0.0,-0.0,0.0,0.0
660.429,1.2337,2.3986,2.3986,0.0007,0.0,-0.0,0.0,0.0
660.474,1.2337,2.3986,2.3986,0.0008,0.0,0.0,0.0,0.0
660.52,1.2337,2.3986,2.3986,-0.0005,0.0,0.0,0.0,0.0
660.57,1.2337,2.3986,2.3986,0.0002,0.0,0.0,0.0,0.0
660.626,1.2337,2.3986,2.3986,-0.0001,0.0,0.0,0.0,0.0
660.67,1.2337,2.3985,2.3986,-0.0008,0.0,-0.0,0.0,0.0
660.729,1.2338,2.3987,2.3986,0.0023,0.0,0.0,0.0,0.0
660.776,1.2337,2.3986,2.3986,-0.0013,0.0,-0.0,0.0,0.0
660.822,1.2338,2.3987,2.3986,0.0016,0.0,0.0,0.0,0.0
660.875,1.2338,2.3986,2.3986,-0.0008,0.0,0.0,0.0,0.0
660.929,1.2338,2.3986,2.3986,-0.0002,0.0,-0.0,0.0,0.0
660.972,1.2337,2.3986,2.3986,-0.0008,0.0,-0.0,0.0,0.0
661.031,1.2337,2.3986,2.3986,-0.0004,0.0,-0.0,0.0,0.0
661.077,1.2338,2.3986,2.3986,0.0011,0.0,0.0,0.0,0.0
661.123,1.2338,2.3986,2.3986,-0.0,0.0,0.0,0.0,0.0
661.17,1.2337,2.3985,2.3986,-0.0019,0.0,-0.0,0.0,0.0
661.229,1.2337,2.3986,2.3986,0.0007,0.0,-0.0,0.0,0.0
661.272,1.2337,2.3986,2.3986,0.0005,0.0,0.0,0.0,0.0
661.322,1.2338,2.3986,2.3986,0.0005,0.0,0.0,0.0,0.0
661.377,1.2337,2.3985,2.3986,-0.002,0.0,-0.0,0.0,0.0
661.424,1.2337,2.3986,2.3986,0.0016,0.0,0.0,0.0,0.0
661.471,1.2337,2.3986,2.3986,-0.0008,0.0,-0.0,0.0,0.0
661.529,1.2337,2.3985,2.3986,-0.001,0.0,-0.0,0.0,0.0
661.573,1.2337,2.3986,2.3986,0.0011,0.0,0.0,0.0,0.0
661.623,1.2337,2.3986,2.3986,0.0001,0.0,0.0,0.0,0.0
661.679,1.2337,2.3986,2.3986,0.0001,0.0,0.0,0.0,0.0
661.724,1.2336,2.3985,2.3986,-0.0015,0.0,-0.0,0.0,0.0
661.772,1.2337,2.3986,2.3986,0.0013,0.0,0.0,0.0,0.0
661.83,1.2337,2.3986,2.3986,0.0002,0.0,0.0,0.0,0.0
661.874,1.2337,2.3986,2.3986,0.0002,0.0,0.0,0.0,0.0
661.921,1.2337,2.3986,2.3986,0.0002,0.0,0.0,0.0,0.0
661.98,1.2337,2.3986,2.3986,-0.0009,0.0,-0.0,0.0,0.0
662.024,1.2337,2.3986,2.3986,0.0007,0.0,0.0,0.0,0.0
662.07,1.2337,2.3986,2.3986,-0.0004,0.0,-0.0,0.0,0.0
662.129,1.2337,2.3986,2.3986,-0.0003,0.0,-0.0,0.0,0.0
662.171,1.2338,2.3986,2.3986,0.0011,0.0,0.0,0.0,0.0
662.229,1.2337,2.3986,2.3986,-0.0013,0.0,-0.0,0.0,0.0
662.276,1.2337,2.3985,2.3986,-0.0006,0.0,-0.0,0.0,0.0
662.32,1.2337,2.3986,2.3986,0.0007,0.0,-0.0,0.0,0.0
662.371,1.2337,2.3986,2.3986,0.0001,0.0,0.0,0.0,0.0
662.426,1.2338,2.3986,2.3986,0.0011,0.0,0.0,0.0,0.0
662.472,1.2337,2.3985,2.3986,-0.0013,0.0,-0.0,0.0,0.0
662.53,1.2337,2.3986,2.3986,0.0007,0.0,0.0,0.0,0.0
662.579,1.2337,2.3986,2.3986,-0.0001,0.0,0.0,0.0,0.0
662.621,1.2337,2.3985,2.3986,-0.0005,0.0,-0.0,0.0,0.0
662.682,1.2337,2.3985,2.3986,-0.0001,0.0,-0.0,0.0,0.0
662.724,1.2337,2.3986,2.3986,0.0011,0.0,0.0,0.0,0.0
662.772,1.2337,2.3986,2.3986,-0.0003,0.0,0.0,0.0,0.0
662.829,1.2337,2.3986,2.3986,-0.0005,0.0,-0.0,0.0,0.0
662.874,1.2337,2.3986,2.3986,0.0005,0.0,0.0,0.0,0.0
662.921,1.2338,2.3986,2.3986,0.001,0.0,0.0,0.0,0.0
662.979,1.2338,2.3986,2.3986,-0.0004,0.0,0.0,0.0,0.0
663.024,1.2337,2.3986,2.3986,-0.0008,0.0,-0.0,0.0,0.0
663.07,1.2338,2.3987,2.3986,0.0021,0.0,0.0,0.0,0.0
663.128,1.2337,2.3986,2.3986,-0.0013,0.0,-0.0,0.0,0.0
663.173,1.2337,2.3985,2.3986,-0.0014,0.0,-0.0,0.0,0.0
663.222,1.2337,2.3986,2.3986,0.0007,0.0,-0.0,0.0,0.0
663.278,1.2338,2.3986,2.3986,0.0008,0.0,0.0,0.0,0.0
663.323,1.2337,2.3986,2.3986,-0.0005,0.0,-0.0,0.0,0.0
663.37,1.2337,2.3986,2.3986,-0.0003,0.0,-0.0,0.0,0.0
663.429,1.2338,2.3986,2.3986,0.0009,0.0,0.0,0.0,0.0
663.474,1.2337,2.3986,2.3986,-0.0012,0.0,-0.0,0.0,0.0
663.533,1.2337,2.3986,2.3986,0.0007,0.0,0.0,0.0,0.0
663.578,1.2337,2.3985,2.3986,-0.0008,0.0,-0.0,0.0,0.0
663.624,1.2337,2.3986,2.3986,0.0002,0.0,-0.0,0.0,0.0
663.673,1.2337,2.3985,2.3986,-0.0008,0.0,-0.0,0.0,0.0
663.73,1.2337,2.3985,2.3986,0.0006,0.0,0.0,0.0,0.0
663.771,1.2337,2.3985,2.3986,-0.0003,0.0,-0.0,0.0,0.0
663.831,1.2337,2.3986,2.3986,0.0007,0.0,0.0,0.0,0.0
663.875,1.2337,2.3986,2.3986,-0.0001,0.0,0.0,0.0,0.0
663.921,1.2337,2.3986,2.3986,0.0001,0.0,0.0,0.0,0.0
663.973,1.2337,2.3986,2.3986,0.0001,0.0,0.0,0.0,0.0
664.03,1.2337,2.3986,2.3986,-0.0001,0.0,0.0,0.0,0.0
664.071,1.2337,2.3985,2.3986,-0.0005,0.0,-0.0,0.0,0.0
664.129,1.2337,2.3986,2.3986,0.0006,0.0,0.0,0.0,0.0
664.175,1.2337,2.3986,2.3986,-0.0003,0.0,-0.0,0.0,0.0
664.221,1.2337,2.3985,2.3986,-0.0001,0.0,-0.0,0.0,0.0
664.279,1.2337,2.3985,2.3985,-0.0006,0.0,-0.0,0.0,0.0
664.323,1.2337,2.3986,2.3986,0.0007,0.0,0.0,0.0,0.0
664.371,1.2337,2.3986,2.3986,0.0003,0.0,0.0,0.0,0.0
664.429,1.2337,2.3986,2.3986,-0.0003,0.0,-0.0,0.0,0.0
664.474,1.2337,2.3985,2.3986,-0.0001,0.0,-0.0,0.0,0.0
664.533,1.2337,2.3986,2.3986,0.0009,0.0,0.0,0.0,0.0
664.58,1.2338,2.3986,2.3986,0.0006,0.0,0.0,0.0,0.0
664.626,1.2337,2.3985,2.3986,-0.0019,0.0,-0.0,0.0,0.0
664.673,1.2337,2.3985,2.3986,0.0002,0.0,-0.0,0.0,0.0
664.733,1.2337,2.3986,2.3986,0.0013,0.0,0.0,0.0,0.0
664.775,1.2337,2.3985,2.3986,-0.0009,0.0,-0.0,0.0,0.0
664.821,1.2337,2.3985,2.3986,-0.0008,0.0,-0.0,0.0,0.0
664.88,1.2337,2.3986,2.3986,0.0013,0.0,0.0,0.0,0.0
664.924,1.2337,2.3986,2.3986,-0.0001,0.0,0.0,0.0,0.0
664.97,1.2337,2.3985,2.3986,-0.0009,0.0,-0.0,0.0,0.0
665.032,1.2337,2.3986,2.3986,0.0009,0.0,0.0,0.0,0.0
665.074,1.2338,2.3986,2.3986,0.0012,0.0,0.0,0.0,0.0
665.122,1.2337,2.3986,2.3986,-0.0015,0.0,-0.0,0.0,0.0
665.181,1.2337,2.3985,2.3986,-0.0003,0.0,-0.0,0.0,0.0
665.225,1.2337,2.3986,2.3986,0.0009,0.0,0.0,0.0,0.0
665.271,1.2336,2.3985,2.3986,-0.0017,0.0,-0.0,0.0,0.0
665.328,1.2337,2.3985,2.3986,0.0005,0.0,-0.0,0.0,0.0
665.374,1.2337,2.3986,2.3986,0.0012,0.0,0.0,0.0,0.0
665.422,1.2337,2.3985,2.3986,-0.0009,0.0,-0.0,0.0,0.0
665.471,1.2337,2.3985,2.3986,-0.0003,0.0,-0.0,0.0,0.0
665.527,1.2337,2.3985,2.3985,-0.0001,0.0,-0.0,0.0,0.0
665.57,1.2337,2.3985,2.3985,0.0005,0.0,0.0,0.0,0.0
665.631,1.2337,2.3986,2.3986,0.0003,0.0,0.0,0.0,0.0
665.675,1.2336,2.3985,2.3985,-0.0012,0.0,-0.0,0.0,0.0
665.723,1.2337,2.3985,2.3985,0.0005,0.0,-0.0,0.0,0.0
665.771,1.2337,2.3985,2.3985,-0.0,0.0,-0.0,0.0,0.0
665.827,1.2336,2.3985,2.3985,-0.0011,0.0,-0.0,0.0,0.0
665.871,1.2336,2.3985,2.3985,0.0005,0.0,-0.0,0.0,0.0
665.931,1.2337,2.3985,2.3985,0.0003,0.0,0.0,0.0,0.0
665.974,1.2337,2.3985,2.3985,-0.0,0.0,0.0,0.0,0.0
666.022,1.2337,2.3985,2.3985,0.0006,0.0,0.0,0.0,0.0
666.071,1.2337,2.3985,2.3985,0.0001,0.0,0.0,0.0,0.0
666.125,1.2337,2.3985,2.3985,-0.0006,0.0,-0.0,0.0,0.0
666.17,1.2336,2.3985,2.3985,-0.0002,0.0,-0.0,0.0,0.0
666.229,1.2337,2.3985,2.3985,0.0003,0.0,0.0,0.0,0.0
666.276,1.2336,2.3985,2.3985,-0.0004,0.0,-0.0,0.0,0.0
666.32,1.2336,2.3985,2.3985,-0.0002,0.0,-0.0,0.0,0.0
666.379,1.2336,2.3985,2.3985,-0.0003,0.0,-0.0,0.0,0.0
666.425,1.2337,2.3985,2.3985,0.001,0.0,0.0,0.0,0.0
666.471,1.2337,2.3986,2.3985,0.0005,0.0,0.0,0.0,0.0
666.528,1.2337,2.3985,2.3985,-0.0004,0.0,0.0,0.0,0.0
666.575,1.2336,2.3985,2.3985,-0.0011,0.0,-0.0,0.0,0.0
666.631,1.2336,2.3985,2.3985,0.0006,0.0,0.0,0.0,0.0
666.677,1.2337,2.3985,2.3985,0.0005,0.0,0.0,0.0,0.0
666.721,1.2337,2.3985,2.3985,-0.0004,0.0,-0.0,0.0,0.0
666.773,1.2336,2.3985,2.3985,-0.0012,0.0,-0.0,0.0,0.0
666.827,1.2337,2.3986,2.3985,0.0023,0.0,0.0,0.0,0.0
666.873,1.2337,2.3985,2.3985,-0.0004,0.0,0.0,0.0,0.0
666.921,1.2337,2.3985,2.3985,-0.0003,0.0,0.0,0.0,0.0
666.977,1.2336,2.3985,2.3985,-0.0011,0.0,-0.0,0.0,0.0
667.024,1.2337,2.3985,2.3985,0.0005,0.0,-0.0,0.0,0.0
667.072,1.2336,2.3985,2.3985,-0.0009,0.0,-0.0,0.0,0.0
667.13,1.2337,2.3986,2.3985,0.0019,0.0,0.0,0.0,0.0
667.172,1.2337,2.3985,2.3985,-0.0002,0.0,0.0,0.0,0.0
667.222,1.2336,2.3985,2.3985,-0.0012,0.0,-0.0,0.0,0.0
667.276,1.2336,2.3985,2.3985,0.0002,0.0,-0.0,0.0,0.0
667.321,1.2337,2.3985,2.3985,0.0009,0.0,0.0,0.0,0.0
667.372,1.2337,2.3985,2.3985,-0.0001,0.0,0.0,0.0,0.0
667.427,1.2336,2.3984,2.3985,-0.0022,0.0,-0.0,0.0,0.0
667.471,1.2336,2.3985,2.3985,0.0014,0.0,0.0,0.0,0.0
667.53,1.2336,2.3985,2.3985,0.0001,0.0,0.0,0.0,0.0
667.576,1.2337,2.3985,2.3985,0.0008,0.0,0.0,0.0,0.0
667.624,1.2337,2.3985,2.3985,-0.0004,0.0,0.0,0.0,0.0
667.684,1.2336,2.3985,2.3985,-0.0009,0.0,-0.0,0.0,0.0
667.725,1.2337,2.3986,2.3985,0.002,0.0,0.0,0.0,0.0
667.771,1.2336,2.3985,2.3985,-0.0014,0.0,-0.0,0.0,0.0
667.831,1.2336,2.3985,2.3985,-0.0006,0.0,-0.0,0.0,0.0
667.874,1.2337,2.3985,2.3985,0.0008,0.0,0.0,0.0,0.0
667.921,1.2336,2.3985,2.3985,-0.0006,0.0,-0.0,0.0,0.0
667.976,1.2337,2.3985,2.3985,0.0009,0.0,0.0,0.0,0.0
668.023,1.2337,2.3985,2.3985,-0.0005,0.0,-0.0,0.0,0.0
668.071,1.2337,2.3985,2.3985,0.0003,0.0,0.0,0.0,0.0
668.128,1.2337,2.3985,2.3985,-0.0002,0.0,-0.0,0.0,0.0
668.172,1.2336,2.3985,2.3985,-0.0003,0.0,-0.0,0.0,0.0
668.222,1.2336,2.3985,2.3985,-0.0,0.0,-0.0,0.0,0.0
668.277,1.2337,2.3985,2.3985,0.0007,0.0,0.0,0.0,0.0
668.323,1.2336,2.3985,2.3985,-0.0012,0.0,-0.0,0.0,0.0
668.371,1.2337,2.3985,2.3985,0.0007,0.0,0.0,0.0,0.0
668.428,1.2336,2.3985,2.3985,-0.0002,0.0,-0.0,0.0,0.0
668.474,1.2336,2.3985,2.3985,-0.0,0.0,-0.0,0.0,0.0
668.522,1.2336,2.3985,2.3985,-0.0003,0.0,-0.0,0.0,0.0
668.578,1.2337,2.3985,2.3985,0.0005,0.0,0.0,0.0,0.0
668.624,1.2337,2.3985,2.3985,0.0001,0.0,0.0,0.0,0.0
668.672,1.2336,2.3985,2.3985,-0.0008,0.0,-0.0,0.0,0.0
668.729,1.2336,2.3985,2.3985,0.0004,0.0,-0.0,0.0,0.0
668.774,1.2337,2.3985,2.3985,0.0006,0.0,0.0,0.0,0.0
668.821,1.2336,2.3985,2.3985,-0.0006,0.0,-0.0,0.0,0.0
668.88,1.2337,2.3985,2.3985,0.0008,0.0,0.0,0.0,0.0
668.927,1.2336,2.3985,2.3985,-0.0007,0.0,-0.0,0.0,0.0
668.972,1.2336,2.3985,2.3985,-0.0002,0.0,-0.0,0.0,0.0
669.031,1.2336,2.3985,2.3985,0.0,0.0,-0.0,0.0,0.0
669.075,1.2336,2.3984,2.3985,-0.0008,0.0,-0.0,0.0,0.0
669.123,1.2336,2.3985,2.3985,0.0011,0.0,0.0,0.0,0.0
669.181,1.2336,2.3985,2.3985,0.0002,0.0,0.0,0.0,0.0
669.227,1.2336,2.3985,2.3985,-0.0003,0.0,-0.0,0.0,0.0
669.271,1.2336,2.3985,2.3985,0.0002,0.0,0.0,0.0,0.0
669.33,1.2337,2.3985,2.3985,0.0006,0.0,0.0,0.0,0.0
669.374,1.2337,2.3985,2.3985,-0.0,0.0,0.0,0.0,0.0
669.421,1.2336,2.3985,2.3985,-0.0011,0.0,-0.0,0.0,0.0
669.48,1.2336,2.3985,2.3985,-0.0005,0.0,-0.0,0.0,0.0
669.525,1.2336,2.3984,2.3985,-0.0004,0.0,-0.0,0.0,0.0
669.571,1.2336,2.3985,2.3985,0.0011,0.0,0.0,0.0,0.0
669.631,1.2336,2.3985,2.3985,-0.0004,0.0,-0.0,0.0,0.0
669.676,1.2336,2.3984,2.3985,-0.0004,0.0,-0.0,0.0,0.0
669.722,1.2337,2.3985,2.3985,0.0014,0.0,0.0,0.0,0.0
669.781,1.2337,2.3985,2.3985,-0.0001,0.0,0.0,0.0,0.0
669.828,1.2337,2.3985,2.3985,0.0003,0.0,0.0,0.0,0.0
669.871,1.2336,2.3985,2.3985,-0.0014,0.0,-0.0,0.0,0.0
669.929,1.2337,2.3985,2.3985,0.0017,0.0,0.0,0.0,0.0
669.976,1.2337,2.3985,2.3985,-0.0001,0.0,0.0,0.0,0.0
670.021,1.2336,2.3985,2.3985,-0.0007,0.0,-0.0,0.0,0.0
670.079,1.2336,2.3985,2.3985,-0.0004,0.0,-0.0,0.0,0.0
670.125,1.2337,2.3985,2.3985,0.0005,0.0,0.0,0.0,0.0
670.172,1.2336,2.3985,2.3985,-0.0002,0.0,-0.0,0.0,0.0
670.229,1.2337,2.3985,2.3985,0.0002,0.0,0.0,0.0,0.0
670.273,1.2336,2.3985,2.3985,-0.0011,0.0,-0.0,0.0,0.0
670.322,1.2337,2.3985,2.3985,0.0015,0.0,0.0,0.0,0.0
670.38,1.2336,2.3985,2.3985,-0.0009,0.0,-0.0,0.0,0.0
670.421,1.2336,2.3985,2.3985,-0.0003,0.0,-0.0,0.0,0.0
670.472,1.2336,2.3985,2.3985,0.0009,0.0,0.0,0.0,0.0
670.526,1.2337,2.3985,2.3985,0.0004,0.0,0.0,0.0,0.0
670.571,1.2336,2.3985,2.3985,-0.001,0.0,-0.0,0.0,0.0
670.622,1.2336,2.3985,2.3985,-0.0001,0.0,-0.0,0.0,0.0
670.678,1.2336,2.3985,2.3985,0.0004,0.0,0.0,0.0,0.0
670.725,1.2336,2.3984,2.3985,-0.001,0.0,-0.0,0.0,0.0
670.771,1.2336,2.3984,2.3985,-0.0004,0.0,-0.0,0.0,0.0
670.83,1.2336,2.3985,2.3985,0.0016,0.0,0.0,0.0,0.0
670.873,1.2336,2.3985,2.3985,-0.0001,0.0,0.0,0.0,0.0
670.922,1.2336,2.3985,2.3985,0.0002,0.0,0.0,0.0,0.0
670.976,1.2336,2.3984,2.3985,-0.0014,0.0,-0.0,0.0,0.0
671.022,1.2337,2.3985,2.3985,0.002,0.0,0.0,0.0,0.0
671.079,1.2336,2.3985,2.3985,-0.0014,0.0,-0.0,0.0,0.0
671.125,1.2336,2.3984,2.3985,-0.0009,0.0,-0.0,0.0,0.0
671.172,1.2336,2.3984,2.3985,0.0001,0.0,-0.0,0.0,0.0
671.227,1.2336,2.3985,2.3985,0.0006,0.0,0.0,0.0,0.0
671.271,1.2336,2.3985,2.3985,0.0005,0.0,0.0,0.0,0.0
671.331,1.2336,2.3985,2.3985,0.0,0.0,0.0,0.0,0.0
671.375,1.2336,2.3985,2.3985,-0.0001,0.0,0.0,0.0,0.0
671.423,1.2336,2.3985,2.3985,0.0004,0.0,0.0,0.0,0.0
671.479,1.2336,2.3985,2.3985,-0.0001,0.0,0.0,0.0,0.0
671.525,1.2336,2.3985,2.3985,-0.0003,0.0,-0.0,0.0,0.0
671.572,1.2336,2.3984,2.3985,-0.001,0.0,-0.0,0.0,0.0
671.628,1.2336,2.3984,2.3985,0.0002,0.0,-0.0,0.0,0.0
671.672,1.2336,2.3985,2.3985,0.0008,0.0,0.0,0.0,0.0
671.731,1.2336,2.3985,2.3985,-0.0005,0.0,-0.0,0.0,0.0
671.776,1.2337,2.3985,2.3985,0.0011,0.0,0.0,0.0,0.0
671.821,1.2336,2.3985,2.3985,-0.0004,0.0,0.0,0.0,0.0
671.872,1.2336,2.3985,2.3985,-0.0006,0.0,-0.0,0.0,0.0
671.927,1.2336,2.3985,2.3985,0.0004,0.0,0.0,0.0,0.0
671.971,1.2337,2.3985,2.3985,0.0005,0.0,0.0,0.0,0.0
672.031,1.2336,2.3985,2.3985,-0.0003,0.0,0.0,0.0,0.0
672.076,1.2337,2.3985,2.3985,0.0003,0.0,0.0,0.0,0.0
672.122,1.2336,2.3985,2.3985,-0.0006,0.0,-0.0,0.0,0.0
672.173,1.2337,2.3985,2.3985,0.0007,0.0,0.0,0.0,0.0
672.229,1.2337,2.3985,2.3985,0.0001,0.0,0.0,0.0,0.0
672.272,1.2336,2.3984,2.3985,-0.0016,0.0,-0.0,0.0,0.0
672.321,1.2336,2.3985,2.3985,0.0007,0.0,-0.0,0.0,0.0
672.378,1.2337,2.3986,2.3985,0.0017,0.0,0.0,0.0,0.0
672.423,1.2336,2.3985,2.3985,-0.0015,0.0,-0.0,0.0,0.0
672.471,1.2336,2.3985,2.3985,0.0003,0.0,0.0,0.0,0.0
672.53,1.2337,2.3985,2.3985,0.0005,0.0,0.0,0.0,0.0
672.573,1.2336,2.3985,2.3985,-0.0004,0.0,-0.0,0.0,0.0
672.633,1.2336,2.3985,2.3985,-0.0002,0.0,-0.0,0.0,0.0
672.679,1.2336,2.3985,2.3985,-0.0,0.0,-0.0,0.0,0.0
672.724,1.2336,2.3985,2.3985,-0.0006,0.0,-0.0,0.0,0.0
672.772,1.2336,2.3984,2.3985,-0.0009,0.0,-0.0,0.0,0.0
672.831,1.2336,2.3985,2.3985,0.0006,0.0,-0.0,0.0,0.0
672.874,1.2336,2.3985,2.3985,0.0004,0.0,0.0,0.0,0.0
672.923,1.2335,2.3984,2.3985,-0.0015,0.0,-0.0,0.0,0.0
672.981,1.2336,2.3985,2.3985,0.0014,0.0,0.0,0.0,0.0
673.024,1.2337,2.3986,2.3985,0.0017,0.0,0.0,0.0,0.0
673.071,1.2336,2.3985,2.3985,-0.0014,0.0,-0.0,0.0,0.0
673.131,1.2336,2.3984,2.3985,-0.0011,0.0,-0.0,0.0,0.0
673.175,1.2337,2.3985,2.3985,0.0014,0.0,0.0,0.0,0.0
673.222,1.2337,2.3985,2.3985,-0.0002,0.0,0.0,0.0,0.0
673.281,1.2336,2.3985,2.3985,-0.0,0.0,0.0,0.0,0.0
673.325,1.2336,2.3985,2.3985,-0.0003,0.0,-0.0,0.0,0.0
673.372,1.2337,2.3985,2.3985,0.0004,0.0,0.0,0.0,0.0
673.432,1.2336,2.3985,2.3985,-0.0006,0.0,-0.0,0.0,0.0
673.474,1.2336,2.3985,2.3985,0.0001,0.0,-0.0,0.0,0.0
673.523,1.2337,2.3985,2.3985,0.0009,0.0,0.0,0.0,0.0
673.581,1.2336,2.3985,2.3985,-0.0007,0.0,-0.0,0.0,0.0
673.625,1.2336,2.3985,2.3985,-0.0006,0.0,-0.0,0.0,0.0
673.673,1.2336,2.3985,2.3985,0.0004,0.0,-0.0,0.0,0.0
673.73,1.2336,2.3985,2.3985,-0.0001,0.0,-0.0,0.0,0.0
673.775,1.2336,2.3984,2.3985,-0.0008,0.0,-0.0,0.0,0.0
673.821,1.2335,2.3984,2.3985,-0.0011,0.0,-0.0,0.0,0.0
673.88,1.2336,2.3985,2.3985,0.0019,0.0,0.0,0.0,0.0
673.927,1.2336,2.3985,2.3985,-0.0004,0.0,0.0,0.0,0.0
673.971,1.2336,2.3985,2.3985,-0.0003,0.0,-0.0,0.0,0.0
674.031,1.2336,2.3984,2.3985,-0.0003,0.0,-0.0,0.0,0.0
674.075,1.2336,2.3985,2.3985,0.0009,0.0,0.0,0.0,0.0
674.122,1.2336,2.3985,2.3985,0.0003,0.0,0.0,0.0,0.0
674.178,1.2336,2.3984,2.3985,-0.0013,0.0,-0.0,0.0,0.0
674.224,1.2336,2.3985,2.3985,0.0008,0.0,0.0,0.0,0.0
674.273,1.2336,2.3984,2.3985,-0.0009,0.0,-0.0,0.0,0.0
674.33,1.2336,2.3984,2.3985,-0.0005,0.0,-0.0,0.0,0.0
674.374,1.2336,2.3984,2.3985,0.0004,0.0,-0.0,0.0,0.0
674.422,1.2336,2.3985,2.3985,0.0005,0.0,0.0,0.0,0.0
674.48,1.2337,2.3985,2.3985,0.0012,0.0,0.0,0.0,0.0
674.524,1.2336,2.3985,2.3985,-0.0004,0.0,0.0,0.0,0.0
674.572,1.2336,2.3985,2.3985,-0.0004,0.0,-0.0,0.0,0.0
674.628,1.2337,2.3985,2.3985,0.0008,0.0,0.0,0.0,0.0
674.673,1.2336,2.3985,2.3985,-0.0009,0.0,-0.0,0.0,0.0
674.722,1.2336,2.3984,2.3985,-0.0007,0.0,-0.0,0.0,0.0
674.779,1.2336,2.3985,2.3985,0.0003,0.0,-0.0,0.0,0.0
674.824,1.2336,2.3985,2.3985,0.0004,0.0,0.0,0.0,0.0
674.871,1.2337,2.3985,2.3985,0.0014,0.0,0.0,0.0,0.0
674.929,1.2336,2.3985,2.3985,-0.0011,0.0,-0.0,0.0,0.0
674.974,1.2337,2.3986,2.3985,0.0014,0.0,0.0,0.0,0.0
675.031,1.2337,2.3985,2.3985,-0.0003,0.0,0.0,0.0,0.0
675.077,1.2336,2.3985,2.3985,-0.0009,0.0,-0.0,0.0,0.0
675.122,1.2336,2.3985,2.3985,0.0001,0.0,-0.0,0.0,0.0
675.172,1.2336,2.3985,2.3985,-0.0006,0.0,-0.0,0.0,0.0
675.229,1.2337,2.3985,2.3985,0.0007,0.0,0.0,0.0,0.0
675.272,1.2337,2.3986,2.3985,0.0011,0.0,0.0,0.0,0.0
675.331,1.2336,2.3985,2.3985,-0.0015,0.0,-0.0,0.0,0.0
675.377,1.2336,2.3984,2.3985,-0.001,0.0,-0.0,0.0,0.0
675.423,1.2337,2.3985,2.3985,0.0015,0.0,0.0,0.0,0.0
675.472,1.2336,2.3984,2.3985,-0.0021,0.0,-0.0,0.0,0.0
675.527,1.2336,2.3985,2.3985,0.0012,0.0,0.0,0.0,0.0
675.57,1.2336,2.3985,2.3985,0.0006,0.0,0.0,0.0,0.0
675.631,1.2336,2.3984,2.3985,-0.0014,0.0,-0.0,0.0,0.0
675.676,1.2336,2.3985,2.3985,0.0008,0.0,0.0,0.0,0.0
675.721,1.2336,2.3985,2.3985,0.0004,0.0,0.0,0.0,0.0
675.772,1.2336,2.3985,2.3985,-0.0,0.0,0.0,0.0,0.0
675.827,1.2336,2.3985,2.3985,-0.0002,0.0,-0.0,0.0,0.0
675.872,1.2337,2.3985,2.3985,0.0006,0.0,0.0,0.0,0.0
675.931,1.2336,2.3985,2.3985,-0.0005,0.0,-0.0,0.0,0.0
675.978,1.2336,2.3984,2.3985,-0.0012,0.0,-0.0,0.0,0.0
676.022,1.2336,2.3985,2.3985,0.0006,0.0,-0.0,0.0,0.0
676.07,1.2336,2.3984,2.3985,-0.0004,0.0,-0.0,0.0,0.0
676.128,1.2336,2.3984,2.3985,-0.0006,0.0,-0.0,0.0,0.0
676.173,1.2336,2.3984,2.3985,0.0005,0.0,-0.0,0.0,0.0
676.221,1.2337,2.3985,2.3985,0.002,0.0,0.0,0.0,0.0
676.278,1.2336,2.3985,2.3985,-0.0006,0.0,0.0,0.0,0.0
676.325,1.2336,2.3985,2.3985,-0.0004,0.0,-0.0,0.0,0.0
676.371,1.2336,2.3985,2.3985,-0.0002,0.0,-0.0,0.0,0.0
676.429,1.2336,2.3985,2.3985,0.0002,0.0,0.0,0.0,0.0
676.474,1.2337,2.3985,2.3985,0.0008,0.0,0.0,0.0,0.0
676.523,1.2336,2.3985,2.3985,-0.0008,0.0,-0.0,0.0,0.0
676.579,1.2336,2.3985,2.3985,0.0002,0.0,0.0,0.0,0.0
676.626,1.2336,2.3985,2.3985,-0.0003,0.0,-0.0,0.0,0.0
676.673,1.2336,2.3985,2.3985,-0.0007,0.0,-0.0,0.0,0.0
676.729,1.2336,2.3985,2.3985,0.0009,0.0,0.0,0.0,0.0
676.774,1.2337,2.3985,2.3985,0.0004,0.0,0.0,0.0,0.0
676.833,1.2336,2.3985,2.3985,-0.0002,0.0,0.0,0.0,0.0
676.884,1.2337,2.3985,2.3985,0.0004,0.0,0.0,0.0,0.0
676.926,1.2336,2.3985,2.3985,-0.0006,0.0,-0.0,0.0,0.0
676.974,1.2336,2.3985,2.3985,-0.0004,0.0,-0.0,0.0,0.0
677.031,1.2336,2.3985,2.3985,-0.0001,0.0,-0.0,0.0,0.0
677.076,1.2336,2.3985,2.3985,0.0002,0.0,-0.0,0.0,0.0
677.121,1.2336,2.3985,2.3985,-0.0004,0.0,-0.0,0.0,0.0
677.178,1.2336,2.3985,2.3985,0.0004,0.0,0.0,0.0,0.0
677.222,1.2336,2.3985,2.3985,-0.0002,0.0,-0.0,0.0,0.0
677.272,1.2336,2.3985,2.3985,-0.0002,0.0,-0.0,0.0,0.0
677.326,1.2335,2.3984,2.3985,-0.0012,0.0,-0.0,0.0,0.0
677.371,1.2336,2.3984,2.3985,0.0002,0.0,-0.0,0.0,0.0
677.431,1.2336,2.3984,2.3985,0.0005,0.0,0.0,0.0,0.0
677.476,1.2337,2.3985,2.3985,0.0013,0.0,0.0,0.0,0.0
677.524,1.2336,2.3985,2.3985,-0.0011,0.0,-0.0,0.0,0.0
677.581,1.2336,2.3985,2.3985,0.0001,0.0,-0.0,0.0,0.0
677.624,1.2336,2.3985,2.3985,-0.0002,0.0,-0.0,0.0,0.0
677.672,1.2336,2.3984,2.3985,-0.001,0.0,-0.0,0.0,0.0
677.731,1.2336,2.3984,2.3985,0.0001,0.0,-0.0,0.0,0.0
677.775,1.2336,2.3985,2.3985,0.0009,0.0,0.0,0.0,0.0
677.823,1.2336,2.3985,2.3985,0.0005,0.0,0.0,0.0,0.0
677.885,1.2337,2.3985,2.3985,0.0005,0.0,0.0,0.0,0.0
677.924,1.2336,2.3985,2.3985,-0.0008,0.0,-0.0,0.0,0.0
677.97,1.2336,2.3985,2.3985,0.0009,0.0,0.0,0.0,0.0
678.029,1.2336,2.3985,2.3985,-0.0003,0.0,0.0,0.0,0.0
678.074,1.2336,2.3984,2.3985,-0.0013,0.0,-0.0,0.0,0.0
678.121,1.2336,2.3985,2.3985,0.0008,0.0,0.0,0.0,0.0
678.182,1.2336,2.3984,2.3985,-0.0005,0.0,-0.0,0.0,0.0
678.225,1.2336,2.3985,2.3985,0.0007,0.0,0.0,0.0,0.0
678.272,1.2336,2.3985,2.3985,0.0001,0.0,0.0,0.0,0.0
678.331,1.2336,2.3985,2.3985,-0.0,0.0,0.0,0.0,0.0
678.375,1.2336,2.3985,2.3985,0.0002,0.0,0.0,0.0,0.0
678.423,1.2336,2.3985,2.3985,-0.0004,0.0,-0.0,0.0,0.0
678.482,1.2336,2.3984,2.3985,-0.0005,0.0,-0.0,0.0,0.0
678.526,1.2336,2.3985,2.3985,0.0014,0.0,0.0,0.0,0.0
678.572,1.2336,2.3985,2.3985,0.0001,0.0,0.0,0.0,0.0
678.63,1.2336,2.3985,2.3985,-0.0007,0.0,-0.0,0.0,0.0
678.675,1.2336,2.3984,2.3985,-0.0006,0.0,-0.0,0.0,0.0
678.721,1.2337,2.3985,2.3985,0.0018,0.0,0.0,0.0,0.0
678.777,1.2335,2.3984,2.3985,-0.0023,0.0,-0.0,0.0,0.0
678.823,1.2336,2.3984,2.3985,0.0004,0.0,-0.0,0.0,0.0
678.873,1.2336,2.3985,2.3985,0.0011,0.0,0.0,0.0,0.0
678.931,1.2337,2.3985,2.3985,0.0009,0.0,0.0,0.0,0.0
678.973,1.2337,2.3985,2.3985,-0.0003,0.0,0.0,0.0,0.0
679.022,1.2336,2.3984,2.3985,-0.0013,0.0,-0.0,0.0,0.0
679.079,1.2336,2.3985,2.3985,0.0006,0.0,0.0,0.0,0.0
679.125,1.2336,2.3985,2.3985,-0.0004,0.0,-0.0,0.0,0.0
679.173,1.2336,2.3985,2.3985,0.0004,0.0,0.0,0.0,0.0
679.229,1.2336,2.3984,2.3985,-0.0006,0.0,-0.0,0.0,0.0
679.272,1.2337,2.3985,2.3985,0.0015,0.0,0.0,0.0,0.0
679.332,1.2336,2.3985,2.3985,-0.0014,0.0,-0.0,0.0,0.0
679.376,1.2336,2.3985,2.3985,0.0004,0.0,-0.0,0.0,0.0
679.423,1.2336,2.3985,2.3985,0.0002,0.0,0.0,0.0,0.0
679.471,1.2336,2.3985,2.3985,0.0,0.0,0.0,0.0,0.0
679.528,1.2336,2.3985,2.3985,-0.0003,0.0,-0.0,0.0,0.0
679.571,1.2336,2.3985,2.3985,0.0006,0.0,0.0,0.0,0.0
679.633,1.2336,2.3985,2.3985,-0.0007,0.0,-0.0,0.0,0.0
679.677,1.2336,2.3984,2.3985,-0.0006,0.0,-0.0,0.0,0.0
679.721,1.2336,2.3984,2.3985,-0.0003,0.0,-0.0,0.0,0.0
679.772,1.2336,2.3984,2.3985,0.0001,0.0,-0.0,0.0,0.0
679.828,1.2336,2.3985,2.3985,0.0014,0.0,0.0,0.0,0.0
679.872,1.2336,2.3985,2.3985,-0.0008,0.0,-0.0,0.0,0.0
679.931,1.2336,2.3985,2.3985,0.0008,0.0,0.0,0.0,0.0
679.978,1.2336,2.3984,2.3985,-0.0013,0.0,-0.0,0.0,0.0
680.022,1.2336,2.3984,2.3985,0.0001,0.0,-0.0,0.0,0.0
680.072,1.2336,2.3984,2.3985,-0.0004,0.0,-0.0,0.0,0.0
680.128,1.2336,2.3985,2.3985,0.0017,0.0,0.0,0.0,0.0
680.173,1.2337,2.3985,2.3985,0.0003,0.0,0.0,0.0,0.0
680.222,1.2336,2.3985,2.3985,-0.0006,0.0,0.0,0.0,0.0
680.277,1.2336,2.3985,2.3985,-0.0005,0.0,-0.0,0.0,0.0
680.324,1.2336,2.3984,2.3985,-0.0006,0.0,-0.0,0.0,0.0
680.372,1.2336,2.3985,2.3985,0.0012,0.0,0.0,0.0,0.0
680.433,1.2336,2.3984,2.3985,-0.0013,0.0,-0.0,0.0,0.0
680.473,1.2336,2.3985,2.3985,0.0015,0.0,0.0,0.0,0.0
680.522,1.2336,2.3985,2.3985,-0.0009,0.0,-0.0,0.0,0.0
680.579,1.2336,2.3984,2.3985,-0.0008,0.0,-0.0,0.0,0.0
680.624,1.2336,2.3985,2.3985,0.0013,0.0,0.0,0.0,0.0
680.673,1.2337,2.3985,2.3985,0.001,0.0,0.0,0.0,0.0
680.73,1.2336,2.3985,2.3985,-0.0012,0.0,-0.0,0.0,0.0
680.774,1.2336,2.3984,2.3985,-0.0007,0.0,-0.0,0.0,0.0
680.821,1.2336,2.3985,2.3985,0.0013,0.0,0.0,0.0,0.0
680.879,1.2336,2.3984,2.3985,-0.0012,0.0,-0.0,0.0,0.0
680.923,1.2336,2.3985,2.3985,0.0002,0.0,-0.0,0.0,0.0
680.971,1.2336,2.3985,2.3985,0.0011,0.0,0.0,0.0,0.0
681.026,1.2336,2.3985,2.3985,-0.0006,0.0,-0.0,0.0,0.0
681.071,1.2336,2.3985,2.3985,0.0001,0.0,0.0,0.0,0.0
681.132,1.2336,2.3985,2.3985,-0.0,0.0,0.0,0.0,0.0
681.176,1.2336,2.3985,2.3985,0.0002,0.0,0.0,0.0,0.0
681.221,1.2337,2.3985,2.3985,0.0014,0.0,0.0,0.0,0.0
681.281,1.2336,2.3984,2.3985,-0.0025,0.0,-0.0,0.0,0.0
681.325,1.2336,2.3984,2.3985,0.0001,0.0,-0.0,0.0,0.0
681.373,1.2336,2.3984,2.3985,0.0004,0.0,-0.0,0.0,0.0
681.434,1.2336,2.3985,2.3985,0.0008,0.0,0.0,0.0,0.0
681.478,1.2336,2.3985,2.3985,-0.0007,0.0,-0.0,0.0,0.0
681.523,1.2336,2.3985,2.3985,0.0004,0.0,0.0,0.0,0.0
681.572,1.2336,2.3984,2.3985,-0.0012,0.0,-0.0,0.0,0.0
681.626,1.2336,2.3984,2.3985,0.0007,0.0,0.0,0.0,0.0
681.67,1.2336,2.3985,2.3985,0.0002,0.0,0.0,0.0,0.0
681.73,1.2336,2.3985,2.3985,0.0,0.0,0.0,0.0,0.0
681.776,1.2336,2.3985,2.3985,0.0002,0.0,0.0,0.0,0.0
681.821,1.2336,2.3985,2.3985,0.0005,0.0,0.0,0.0,0.0
681.876,1.2336,2.3984,2.3985,-0.0011,0.0,-0.0,0.0,0.0
681.928,1.2336,2.3984,2.3985,-0.0,0.0,-0.0,0.0,0.0
681.973,1.2336,2.3985,2.3985,0.0007,0.0,0.0,0.0,0.0
682.031,1.2336,2.3985,2.3985,-0.0002,0.0,0.0,0.0,0.0
682.074,1.2336,2.3984,2.3985,-0.0004,0.0,-0.0,0.0,0.0
682.122,1.2336,2.3985,2.3985,0.0005,0.0,0.0,0.0,0.0
682.181,1.2336,2.3984,2.3985,-0.001,0.0,-0.0,0.0,0.0
682.226,1.2336,2.3984,2.3985,0.0004,0.0,-0.0,0.0,0.0
682.274,1.2336,2.3984,2.3985,-0.0004,0.0,-0.0,0.0,0.0
682.332,1.2336,2.3984,2.3984,0.0002,0.0,-0.0,0.0,0.0
682.374,1.2336,2.3985,2.3985,0.0009,0.0,0.0,0.0,0.0
682.421,1.2336,2.3985,2.3985,0.0004,0.0,0.0,0.0,0.0
682.478,1.2336,2.3984,2.3985,-0.0014,0.0,-0.0,0.0,0.0
682.522,1.2336,2.3984,2.3985,-0.0001,0.0,-0.0,0.0,0.0
682.572,1.2336,2.3984,2.3984,-0.0002,0.0,-0.0,0.0,0.0
682.627,1.2336,2.3985,2.3985,0.0019,0.0,0.0,0.0,0.0
682.67,1.2336,2.3984,2.3984,-0.0019,0.0,-0.0,0.0,0.0
682.731,1.2336,2.3984,2.3984,0.0001,0.0,-0.0,0.0,0.0
682.776,1.2336,2.3985,2.3984,0.0008,0.0,0.0,0.0,0.0
682.822,1.2336,2.3984,2.3984,-0.0001,0.0,0.0,0.0,0.0
682.879,1.2336,2.3984,2.3984,-0.0004,0.0,-0.0,0.0,0.0
682.924,1.2336,2.3984,2.3984,-0.0004,0.0,-0.0,0.0,0.0
682.973,1.2336,2.3984,2.3984,0.0008,0.0,0.0,0.0,0.0
683.03,1.2336,2.3985,2.3984,0.0003,0.0,0.0,0.0,0.0
683.074,1.2335,2.3984,2.3984,-0.0011,0.0,-0.0,0.0,0.0
683.133,1.2336,2.3985,2.3984,0.0014,0.0,0.0,0.0,0.0
683.18,1.2336,2.3984,2.3984,-0.0006,0.0,0.0,0.0,0.0
683.225,1.2336,2.3984,2.3984,0.0001,0.0,0.0,0.0,0.0
683.273,1.2336,2.3984,2.3984,-0.0008,0.0,-0.0,0.0,0.0
683.331,1.2335,2.3984,2.3984,-0.0001,0.0,-0.0,0.0,0.0
683.375,1.2336,2.3984,2.3984,0.0007,0.0,0.0,0.0,0.0
683.422,1.2336,2.3985,2.3984,0.0002,0.0,0.0,0.0,0.0
683.481,1.2336,2.3984,2.3984,-0.0001,0.0,0.0,0.0,0.0
683.526,1.2336,2.3984,2.3984,-0.0002,0.0,-0.0,0.0,0.0
683.57,1.2336,2.3984,2.3984,-0.0002,0.0,-0.0,0.0,0.0
683.633,1.2336,2.3984,2.3984,-0.0002,0.0,-0.0,0.0,0.0
683.675,1.2335,2.3984,2.3984,-0.0009,0.0,-0.0,0.0,0.0
683.722,1.2336,2.3985,2.3984,0.0024,0.0,0.0,0.0,0.0
683.781,1.2336,2.3985,2.3984,-0.0003,0.0,0.0,0.0,0.0
683.825,1.2336,2.3985,2.3984,0.0,0.0,0.0,0.0,0.0
683.87,1.2335,2.3984,2.3984,-0.0014,0.0,-0.0,0.0,0.0
683.932,1.2336,2.3985,2.3984,0.0011,0.0,0.0,0.0,0.0
683.976,1.2335,2.3984,2.3984,-0.0012,0.0,-0.0,0.0,0.0
684.021,1.2336,2.3985,2.3984,0.0021,0.0,0.0,0.0,0.0
684.081,1.2336,2.3985,2.3985,0.0001,0.0,0.0,0.0,0.0
684.125,1.2336,2.3985,2.3985,-0.0005,0.0,0.0,0.0,0.0
684.17,1.2336,2.3984,2.3985,-0.0007,0.0,-0.0,0.0,0.0
684.232,1.2336,2.3985,2.3985,0.0002,0.0,-0.0,0.0,0.0
684.277,1.2336,2.3984,2.3984,-0.0006,0.0,-0.0,0.0,0.0
684.321,1.2336,2.3984,2.3984,-0.0001,0.0,-0.0,0.0,0.0
684.38,1.2336,2.3984,2.3984,-0.0001,0.0,-0.0,0.0,0.0
684.425,1.2336,2.3985,2.3984,0.0007,0.0,0.0,0.0,0.0
684.472,1.2336,2.3984,2.3984,-0.0009,0.0,-0.0,0.0,0.0
684.531,1.2335,2.3984,2.3984,-0.0001,0.0,-0.0,0.0,0.0
684.574,1.2336,2.3985,2.3984,0.0011,0.0,0.0,0.0,0.0
684.625,1.2336,2.3985,2.3984,0.0,0.0,0.0,0.0,0.0
684.683,1.2336,2.3984,2.3984,-0.0004,0.0,-0.0,0.0,0.0
684.725,1.2336,2.3985,2.3984,0.0013,0.0,0.0,0.0,0.0
684.774,1.2336,2.3985,2.3984,-0.001,0.0,-0.0,0.0,0.0
684.83,1.2336,2.3985,2.3985,0.0001,0.0,-0.0,0.0,0.0
684.872,1.2336,2.3984,2.3984,-0.001,0.0,-0.0,0.0,0.0
684.933,1.2336,2.3984,2.3984,0.0007,0.0,0.0,0.0,0.0
684.976,1.2336,2.3984,2.3984,0.0001,0.0,0.0,0.0,0.0
685.023,1.2336,2.3985,2.3984,0.0005,0.0,0.0,0.0,0.0
685.081,1.2336,2.3984,2.3984,-0.0012,0.0,-0.0,0.0,0.0
685.125,1.2336,2.3984,2.3984,0.0001,0.0,-0.0,0.0,0.0
685.171,1.2336,2.3984,2.3984,0.0005,0.0,0.0,0.0,0.0
685.23,1.2336,2.3984,2.3984,-0.0004,0.0,-0.0,0.0,0.0
685.273,1.2336,2.3984,2.3984,-0.0002,0.0,-0.0,0.0,0.0
685.323,1.2336,2.3985,2.3984,0.0014,0.0,0.0,0.0,0.0
685.379,1.2336,2.3984,2.3984,-0.0012,0.0,-0.0,0.0,0.0
685.424,1.2336,2.3984,2.3984,0.0004,0.0,0.0,0.0,0.0
685.472,1.2337,2.3985,2.3984,0.0014,0.0,0.0,0.0,0.0
685.53,1.2336,2.3984,2.3984,-0.0012,0.0,-0.0,0.0,0.0
685.576,1.2335,2.3984,2.3984,-0.0008,0.0,-0.0,0.0,0.0
685.623,1.2335,2.3984,2.3984,-0.0001,0.0,-0.0,0.0,0.0
685.68,1.2336,2.3984,2.3984,0.0008,0.0,0.0,0.0,0.0
685.724,1.2336,2.3984,2.3984,-0.0002,0.0,0.0,0.0,0.0
685.774,1.2336,2.3984,2.3984,0.0003,0.0,0.0,0.0,0.0
685.828,1.2336,2.3984,2.3984,-0.0,0.0,0.0,0.0,0.0
685.873,1.2336,2.3985,2.3984,0.0002,0.0,0.0,0.0,0.0
685.932,1.2336,2.3984,2.3984,-0.0007,0.0,-0.0,0.0,0.0
685.978,1.2335,2.3984,2.3984,-0.0004,0.0,-0.0,0.0,0.0
686.025,1.2335,2.3984,2.3984,0.0001,0.0,-0.0,0.0,0.0
686.072,1.2336,2.3985,2.3984,0.0018,0.0,0.0,0.0,0.0
686.129,1.2336,2.3984,2.3984,-0.001,0.0,-0.0,0.0,0.0
686.173,1.2336,2.3985,2.3984,0.0006,0.0,0.0,0.0,0.0
686.232,1.2336,2.3985,2.3984,-0.0002,0.0,0.0,0.0,0.0
686.279,1.2336,2.3985,2.3984,0.0005,0.0,0.0,0.0,0.0
686.322,1.2336,2.3984,2.3984,-0.0011,0.0,-0.0,0.0,0.0
686.373,1.2335,2.3984,2.3984,-0.0005,0.0,-0.0,0.0,0.0
686.428,1.2336,2.3985,2.3985,0.002,0.0,0.0,0.0,0.0
686.471,1.2336,2.3984,2.3984,-0.0012,0.0,-0.0,0.0,0.0
686.531,1.2336,2.3984,2.3984,-0.0002,0.0,-0.0,0.0,0.0
686.579,1.2336,2.3984,2.3984,0.0003,0.0,0.0,0.0,0.0
686.622,1.2336,2.3984,2.3984,-0.0001,0.0,-0.0,0.0,0.0
686.682,1.2336,2.3984,2.3984,0.0001,0.0,0.0,0.0,0.0
686.729,1.2336,2.3984,2.3984,-0.0005,0.0,-0.0,0.0,0.0
686.773,1.2336,2.3985,2.3984,0.0005,0.0,0.0,0.0,0.0
686.831,1.2336,2.3985,2.3984,0.0002,0.0,0.0,0.0,0.0
686.876,1.2336,2.3984,2.3984,-0.0007,0.0,-0.0,0.0,0.0
686.922,1.2336,2.3985,2.3984,0.0007,0.0,0.0,0.0,0.0
686.982,1.2335,2.3984,2.3984,-0.0013,0.0,-0.0,0.0,0.0
687.026,1.2336,2.3984,2.3984,0.0004,0.0,-0.0,0.0,0.0
687.072,1.2336,2.3984,2.3984,0.0003,0.0,0.0,0.0,0.0
687.133,1.2336,2.3985,2.3984,0.0009,0.0,0.0,0.0,0.0
687.174,1.2336,2.3984,2.3984,-0.0007,0.0,-0.0,0.0,0.0
687.223,1.2336,2.3984,2.3984,-0.0006,0.0,-0.0,0.0,0.0
687.282,1.2336,2.3984,2.3984,0.0001,0.0,-0.0,0.0,0.0
687.325,1.2336,2.3985,2.3984,0.0007,0.0,0.0,0.0,0.0
687.373,1.2336,2.3985,2.3984,0.0006,0.0,0.0,0.0,0.0
687.43,1.2336,2.3985,2.3984,-0.0005,0.0,0.0,0.0,0.0
687.476,1.2336,2.3984,2.3984,-0.0004,0.0,-0.0,0.0,0.0
687.521,1.2336,2.3984,2.3984,-0.0001,0.0,-0.0,0.0,0.0
687.573,1.2336,2.3984,2.3984,0.0,0.0,-0.0,0.0,0.0
687.629,1.2336,2.3985,2.3985,0.001,0.0,0.0,0.0,0.0
687.671,1.2336,2.3984,2.3984,-0.0008,0.0,-0.0,0.0,0.0
687.73,1.2335,2.3984,2.3984,-0.001,0.0,-0.0,0.0,0.0
687.777,1.2336,2.3984,2.3984,0.0009,0.0,0.0,0.0,0.0
687.822,1.2336,2.3984,2.3984,-0.0003,0.0,-0.0,0.0,0.0
687.873,1.2336,2.3984,2.3984,0.0005,0.0,0.0,0.0,0.0
687.928,1.2337,2.3985,2.3985,0.0013,0.0,0.0,0.0,0.0
687.975,1.2336,2.3984,2.3984,-0.002,0.0,-0.0,0.0,0.0
688.031,1.2336,2.3985,2.3984,0.0011,0.0,0.0,0.0,0.0
688.078,1.2336,2.3984,2.3984,-0.0006,0.0,-0.0,0.0,0.0
688.125,1.2336,2.3984,2.3984,0.0002,0.0,0.0,0.0,0.0
688.172,1.2336,2.3985,2.3985,0.0007,0.0,0.0,0.0,0.0
688.229,1.2336,2.3984,2.3984,-0.0011,0.0,-0.0,0.0,0.0
688.273,1.2336,2.3985,2.3984,0.0009,0.0,0.0,0.0,0.0
688.323,1.2336,2.3984,2.3984,-0.0011,0.0,-0.0,0.0,0.0
688.379,1.2336,2.3985,2.3984,0.0007,0.0,0.0,0.0,0.0
688.425,1.2336,2.3984,2.3984,-0.0001,0.0,0.0,0.0,0.0
688.472,1.2336,2.3985,2.3985,0.001,0.0,0.0,0.0,0.0
688.53,1.2336,2.3984,2.3984,-0.0018,0.0,-0.0,0.0,0.0
688.574,1.2336,2.3984,2.3984,0.0004,0.0,-0.0,0.0,0.0
688.631,1.2336,2.3985,2.3984,0.0004,0.0,0.0,0.0,0.0
688.678,1.2336,2.3984,2.3984,-0.0003,0.0,-0.0,0.0,0.0
688.726,1.2336,2.3984,2.3984,0.0002,0.0,0.0,0.0,0.0
688.782,1.2336,2.3985,2.3984,0.0002,0.0,0.0,0.0,0.0
688.827,1.2336,2.3984,2.3984,-0.0002,0.0,-0.0,0.0,0.0
688.872,1.2336,2.3985,2.3985,0.0005,0.0,0.0,0.0,0.0
688.93,1.2336,2.3985,2.3985,-0.0,0.0,0.0,0.0,0.0
688.978,1.2336,2.3985,2.3985,-0.0003,0.0,-0.0,0.0,0.0
689.024,1.2336,2.3984,2.3985,-0.0002,0.0,-0.0,0.0,0.0
689.071,1.2336,2.3985,2.3985,0.0001,0.0,-0.0,0.0,0.0
689.126,1.2336,2.3984,2.3985,-0.0001,0.0,-0.0,0.0,0.0
689.173,1.2336,2.3984,2.3985,-0.0001,0.0,-0.0,0.0,0.0
689.231,1.2336,2.3985,2.3985,0.0004,0.0,0.0,0.0,0.0
689.277,1.2335,2.3984,2.3984,-0.0013,0.0,-0.0,0.0,0.0
689.322,1.2336,2.3985,2.3984,0.0012,0.0,0.0,0.0,0.0
689.373,1.2336,2.3984,2.3984,-0.001,0.0,-0.0,0.0,0.0
689.429,1.2336,2.3984,2.3984,0.0003,0.0,-0.0,0.0,0.0
689.471,1.2336,2.3985,2.3984,0.0007,0.0,0.0,0.0,0.0
689.533,1.2336,2.3985,2.3984,0.0,0.0,0.0,0.0,0.0
689.576,1.2335,2.3984,2.3984,-0.0013,0.0,-0.0,0.0,0.0
689.624,1.2336,2.3984,2.3984,0.0005,0.0,-0.0,0.0,0.0
689.672,1.2336,2.3985,2.3984,0.0012,0.0,0.0,0.0,0.0
689.726,1.2336,2.3985,2.3984,-0.0004,0.0,0.0,0.0,0.0
689.771,1.2335,2.3984,2.3984,-0.0013,0.0,-0.0,0.0,0.0
689.83,1.2336,2.3984,2.3984,0.0001,0.0,-0.0,0.0,0.0
689.88,1.2336,2.3984,2.3984,0.0008,0.0,0.0,0.0,0.0
689.924,1.2336,2.3985,2.3984,0.0001,0.0,0.0,0.0,0.0
689.98,1.2336,2.3984,2.3984,-0.0006,0.0,-0.0,0.0,0.0
690.025,1.2336,2.3984,2.3984,-0.0002,0.0,-0.0,0.0,0.0
690.072,1.2336,2.3985,2.3984,0.0011,0.0,0.0,0.0,0.0
690.13,1.2336,2.3984,2.3984,-0.0006,0.0,-0.0,0.0,0.0
690.174,1.2336,2.3984,2.3984,-0.0007,0.0,-0.0,0.0,0.0
690.225,1.2336,2.3984,2.3984,0.0001,0.0,-0.0,0.0,0.0
690.277,1.2336,2.3984,2.3984,0.0006,0.0,0.0,0.0,0.0
690.323,1.2335,2.3984,2.3984,-0.001,0.0,-0.0,0.0,0.0
690.381,1.2335,2.3984,2.3984,-0.0,0.0,-0.0,0.0,0.0
690.428,1.2336,2.3984,2.3984,0.0006,0.0,0.0,0.0,0.0
690.473,1.2336,2.3984,2.3984,-0.0001,0.0,0.0,0.0,0.0
690.529,1.2336,2.3984,2.3984,0.0003,0.0,0.0,0.0,0.0
690.579,1.2336,2.3984,2.3984,0.0001,0.0,0.0,0.0,0.0
690.622,1.2336,2.3984,2.3984,-0.0001,0.0,0.0,0.0,0.0
690.673,1.2336,2.3985,2.3984,0.0004,0.0,0.0,0.0,0.0
690.727,1.2336,2.3985,2.3984,0.0003,0.0,0.0,0.0,0.0
690.771,1.2336,2.3984,2.3984,-0.0006,0.0,-0.0,0.0,0.0
690.831,1.2336,2.3984,2.3984,-0.0,0.0,-0.0,0.0,0.0
690.877,1.2336,2.3984,2.3984,-0.0,0.0,-0.0,0.0,0.0
690.922,1.2336,2.3985,2.3984,0.0004,0.0,0.0,0.0,0.0
690.973,1.2336,2.3984,2.3984,-0.0005,0.0,-0.0,0.0,0.0
691.029,1.2336,2.3984,2.3984,-0.0005,0.0,-0.0,0.0,0.0
691.072,1.2336,2.3984,2.3984,0.0005,0.0,0.0,0.0,0.0
691.132,1.2336,2.3985,2.3984,0.0004,0.0,0.0,0.0,0.0
691.178,1.2335,2.3983,2.3984,-0.0023,0.0,-0.0,0.0,0.0
691.224,1.2336,2.3984,2.3984,0.0017,0.0,0.0,0.0,0.0
691.271,1.2336,2.3985,2.3984,0.0008,0.0,0.0,0.0,0.0
691.329,1.2336,2.3985,2.3984,0.0,0.0,0.0,0.0,0.0
691.373,1.2336,2.3984,2.3984,-0.0011,0.0,-0.0,0.0,0.0
691.422,1.2336,2.3984,2.3984,0.0004,0.0,-0.0,0.0,0.0
691.479,1.2336,2.3984,2.3984,0.0,0.0,0.0,0.0,0.0
691.524,1.2336,2.3984,2.3984,-0.0005,0.0,-0.0,0.0,0.0
691.573,1.2336,2.3985,2.3984,0.0014,0.0,0.0,0.0,0.0
691.631,1.2336,2.3985,2.3984,0.0001,0.0,0.0,0.0,0.0
691.674,1.2336,2.3985,2.3985,-0.0006,0.0,-0.0,0.0,0.0
691.734,1.2336,2.3984,2.3984,-0.0003,0.0,-0.0,0.0,0.0
691.779,1.2336,2.3984,2.3984,-0.0007,0.0,-0.0,0.0,0.0
691.826,1.2336,2.3984,2.3984,0.0007,0.0,0.0,0.0,0.0
691.872,1.2335,2.3984,2.3984,-0.0016,0.0,-0.0,0.0,0.0
691.932,1.2336,2.3984,2.3984,0.0015,0.0,0.0,0.0,0.0
691.976,1.2336,2.3985,2.3984,0.0003,0.0,0.0,0.0,0.0
692.022,1.2336,2.3984,2.3984,-0.0011,0.0,-0.0,0.0,0.0
692.081,1.2336,2.3985,2.3984,0.001,0.0,0.0,0.0,0.0
692.126,1.2336,2.3985,2.3984,-0.0001,0.0,0.0,0.0,0.0
692.172,1.2336,2.3985,2.3984,0.0001,0.0,0.0,0.0,0.0
692.23,1.2335,2.3984,2.3984,-0.0021,0.0,-0.0,0.0,0.0
692.275,1.2336,2.3984,2.3984,0.0009,0.0,-0.0,0.0,0.0
692.332,1.2335,2.3984,2.3984,-0.0006,0.0,-0.0,0.0,0.0
692.378,1.2336,2.3984,2.3984,0.0004,0.0,-0.0,0.0,0.0
692.423,1.2335,2.3984,2.3984,-0.0002,0.0,-0.0,0.0,0.0
692.483,1.2336,2.3984,2.3984,0.0009,0.0,0.0,0.0,0.0
692.527,1.2336,2.3985,2.3984,0.0004,0.0,0.0,0.0,0.0
692.571,1.2336,2.3985,2.3984,0.0006,0.0,0.0,0.0,0.0
692.63,1.2336,2.3985,2.3984,-0.0004,0.0,0.0,0.0,0.0
692.678,1.2336,2.3984,2.3984,-0.001,0.0,-0.0,0.0,0.0
692.722,1.2335,2.3984,2.3984,-0.0004,0.0,-0.0,0.0,0.0
692.771,1.2336,2.3984,2.3984,0.0003,0.0,-0.0,0.0,0.0
692.827,1.2336,2.3984,2.3984,0.0002,0.0,-0.0,0.0,0.0
692.871,1.2336,2.3985,2.3984,0.0009,0.0,0.0,0.0,0.0
692.932,1.2336,2.3984,2.3984,-0.0012,0.0,-0.0,0.0,0.0
692.978,1.2336,2.3984,2.3984,0.0004,0.0,-0.0,0.0,0.0
693.022,1.2336,2.3984,2.3984,0.0003,0.0,0.0,0.0,0.0
693.073,1.2336,2.3984,2.3984,-0.0008,0.0,-0.0,0.0,0.0
693.129,1.2336,2.3985,2.3984,0.001,0.0,0.0,0.0,0.0
693.174,1.2337,2.3985,2.3984,0.0014,0.0,0.0,0.0,0.0
693.233,1.2336,2.3984,2.3984,-0.002,0.0,-0.0,0.0,0.0
693.28,1.2336,2.3984,2.3984,0.0003,0.0,-0.0,0.0,0.0
693.322,1.2336,2.3985,2.3984,0.0005,0.0,0.0,0.0,0.0
693.372,1.2336,2.3985,2.3984,-0.0004,0.0,-0.0,0.0,0.0
693.426,1.2336,2.3984,2.3984,-0.0005,0.0,-0.0,0.0,0.0
693.471,1.2336,2.3984,2.3984,0.0002,0.0,-0.0,0.0,0.0
693.531,1.2336,2.3985,2.3985,0.0013,0.0,0.0,0.0,0.0
693.577,1.2336,2.3984,2.3984,-0.0012,0.0,-0.0,0.0,0.0
693.621,1.2335,2.3984,2.3984,-0.0008,0.0,-0.0,0.0,0.0
693.671,1.2335,2.3984,2.3984,-0.0005,0.0,-0.0,0.0,0.0
693.727,1.2335,2.3984,2.3984,0.0001,0.0,-0.0,0.0,0.0
693.772,1.2336,2.3984,2.3984,0.0006,0.0,0.0,0.0,0.0
693.83,1.2336,2.3984,2.3984,0.0001,0.0,0.0,0.0,0.0
693.88,1.2336,2.3985,2.3984,0.0007,0.0,0.0,0.0,0.0
693.922,1.2335,2.3984,2.3984,-0.0015,0.0,-0.0,0.0,0.0
693.981,1.2336,2.3984,2.3984,0.0011,0.0,0.0,0.0,0.0
694.025,1.2336,2.3984,2.3984,0.0,0.0,0.0,0.0,0.0
694.075,1.2336,2.3984,2.3984,-0.0003,0.0,-0.0,0.0,0.0
694.128,1.2336,2.3984,2.3984,0.0002,0.0,0.0,0.0,0.0
694.173,1.2335,2.3984,2.3984,-0.0015,0.0,-0.0,0.0,0.0
694.232,1.2335,2.3984,2.3984,0.0001,0.0,-0.0,0.0,0.0
694.278,1.2336,2.3984,2.3984,0.0015,0.0,0.0,0.0,0.0
694.324,1.2335,2.3984,2.3984,-0.0012,0.0,-0.0,0.0,0.0
694.371,1.2336,2.3984,2.3984,0.001,0.0,0.0,0.0,0.0
694.428,1.2336,2.3985,2.3984,0.0008,0.0,0.0,0.0,0.0
694.472,1.2336,2.3984,2.3984,-0.0007,0.0,0.0,0.0,0.0
694.522,1.2336,2.3984,2.3984,-0.0004,0.0,-0.0,0.0,0.0
694.579,1.2335,2.3984,2.3984,-0.0004,0.0,-0.0,0.0,0.0
694.623,1.2336,2.3984,2.3984,0.0006,0.0,0.0,0.0,0.0
694.672,1.2336,2.3984,2.3984,0.0004,0.0,0.0,0.0,0.0
694.729,1.2336,2.3985,2.3984,0.0008,0.0,0.0,0.0,0.0
694.774,1.2336,2.3985,2.3984,0.0005,0.0,0.0,0.0,0.0
694.824,1.2335,2.3984,2.3984,-0.0024,0.0,-0.0,0.0,0.0
694.879,1.2336,2.3984,2.3984,0.0007,0.0,-0.0,0.0,0.0
694.925,1.2336,2.3985,2.3984,0.0007,0.0,0.0,0.0,0.0
694.973,1.2336,2.3984,2.3984,-0.001,0.0,-0.0,0.0,0.0
695.032,1.2335,2.3984,2.3984,-0.0004,0.0,-0.0,0.0,0.0
695.075,1.2336,2.3984,2.3984,0.0003,0.0,-0.0,0.0,0.0
695.121,1.2335,2.3984,2.3984,-0.001,0.0,-0.0,0.0,0.0
695.18,1.2335,2.3983,2.3984,-0.0009,0.0,-0.0,0.0,0.0
695.226,1.2335,2.3984,2.3984,0.001,0.0,0.0,0.0,0.0
695.271,1.2336,2.3984,2.3984,0.0005,0.0,0.0,0.0,0.0
695.336,1.2336,2.3984,2.3984,0.0004,0.0,0.0,0.0,0.0
695.376,1.2335,2.3984,2.3984,-0.0007,0.0,-0.0,0.0,0.0
695.422,1.2336,2.3984,2.3984,0.0011,0.0,0.0,0.0,0.0
695.481,1.2336,2.3984,2.3984,-0.0005,0.0,0.0,0.0,0.0
695.526,1.2335,2.3983,2.3984,-0.0017,0.0,-0.0,0.0,0.0
695.572,1.2336,2.3984,2.3984,0.0016,0.0,0.0,0.0,0.0
695.632,1.2336,2.3984,2.3984,0.0002,0.0,0.0,0.0,0.0
695.677,1.2335,2.3984,2.3984,-0.0012,0.0,-0.0,0.0,0.0
695.723,1.2335,2.3984,2.3984,0.0007,0.0,0.0,0.0,0.0
695.772,1.2335,2.3984,2.3984,0.0001,0.0,0.0,0.0,0.0
695.828,1.2336,2.3984,2.3984,0.0007,0.0,0.0,0.0,0.0
695.873,1.2335,2.3984,2.3984,-0.0016,0.0,-0.0,0.0,0.0
695.931,1.2336,2.3985,2.3984,0.0027,0.0,0.0,0.0,0.0
695.979,1.2336,2.3984,2.3984,-0.0011,0.0,0.0,0.0,0.0
696.022,1.2335,2.3984,2.3984,-0.0014,0.0,-0.0,0.0,0.0
696.082,1.2335,2.3984,2.3984,0.0001,0.0,-0.0,0.0,0.0
696.125,1.2335,2.3983,2.3984,-0.0005,0.0,-0.0,0.0,0.0
696.172,1.2335,2.3984,2.3984,0.0004,0.0,-0.0,0.0,0.0
696.231,1.2336,2.3984,2.3984,0.0008,0.0,0.0,0.0,0.0
696.274,1.2335,2.3984,2.3984,-0.0008,0.0,-0.0,0.0,0.0
696.332,1.2336,2.3985,2.3984,0.0022,0.0,0.0,0.0,0.0
696.378,1.2336,2.3984,2.3984,-0.0007,0.0,0.0,0.0,0.0
696.424,1.2335,2.3983,2.3984,-0.0019,0.0,-0.0,0.0,0.0
696.474,1.2335,2.3984,2.3984,0.0007,0.0,-0.0,0.0,0.0
696.531,1.2336,2.3984,2.3984,0.0009,0.0,0.0,0.0,0.0
696.574,1.2335,2.3984,2.3984,-0.0005,0.0,-0.0,0.0,0.0
696.623,1.2336,2.3984,2.3984,0.0004,0.0,0.0,0.0,0.0
696.678,1.2335,2.3983,2.3984,-0.0012,0.0,-0.0,0.0,0.0
696.726,1.2335,2.3983,2.3984,-0.0004,0.0,-0.0,0.0,0.0
696.772,1.2335,2.3983,2.3984,0.0001,0.0,-0.0,0.0,0.0
696.829,1.2335,2.3984,2.3984,0.0006,0.0,0.0,0.0,0.0
696.875,1.2335,2.3984,2.3984,0.0004,0.0,0.0,0.0,0.0
696.931,1.2335,2.3984,2.3984,0.0001,0.0,0.0,0.0,0.0
696.977,1.2335,2.3984,2.3984,-0.0004,0.0,-0.0,0.0,0.0
697.022,1.2335,2.3983,2.3984,-0.0008,0.0,-0.0,0.0,0.0
697.075,1.2335,2.3984,2.3984,0.0012,0.0,0.0,0.0,0.0
697.129,1.2335,2.3984,2.3984,-0.0,0.0,0.0,0.0,0.0
697.174,1.2335,2.3984,2.3984,-0.0003,0.0,-0.0,0.0,0.0
697.232,1.2336,2.3984,2.3984,0.0006,0.0,0.0,0.0,0.0
697.276,1.2335,2.3984,2.3984,-0.0003,0.0,0.0,0.0,0.0
697.324,1.2335,2.3984,2.3984,-0.0003,0.0,-0.0,0.0,0.0
697.381,1.2335,2.3984,2.3984,-0.0004,0.0,-0.0,0.0,0.0
697.424,1.2335,2.3984,2.3984,-0.0001,0.0,-0.0,0.0,0.0
697.473,1.2335,2.3983,2.3984,-0.0005,0.0,-0.0,0.0,0.0
697.53,1.2335,2.3983,2.3984,-0.0002,0.0,-0.0,0.0,0.0
697.575,1.2335,2.3984,2.3984,0.0011,0.0,0.0,0.0,0.0
697.623,1.2335,2.3984,2.3984,-0.0002,0.0,0.0,0.0,0.0
697.68,1.2335,2.3983,2.3984,-0.0006,0.0,-0.0,0.0,0.0
697.724,1.2336,2.3984,2.3984,0.0015,0.0,0.0,0.0,0.0
697.772,1.2336,2.3984,2.3984,-0.0001,0.0,0.0,0.0,0.0
697.83,1.2336,2.3984,2.3984,0.0001,0.0,0.0,0.0,0.0
697.872,1.2335,2.3984,2.3984,-0.0006,0.0,-0.0,0.0,0.0
697.931,1.2336,2.3984,2.3984,0.0004,0.0,0.0,0.0,0.0
697.979,1.2336,2.3984,2.3984,0.0001,0.0,0.0,0.0,0.0
698.024,1.2335,2.3984,2.3984,-0.0007,0.0,-0.0,0.0,0.0
698.082,1.2335,2.3984,2.3984,0.0003,0.0,-0.0,0.0,0.0
698.128,1.2335,2.3984,2.3984,0.0,0.0,-0.0,0.0,0.0
698.172,1.2335,2.3984,2.3984,-0.0005,0.0,-0.0,0.0,0.0
698.23,1.2336,2.3984,2.3984,0.0011,0.0,0.0,0.0,0.0
698.278,1.2335,2.3984,2.3984,-0.0005,0.0,0.0,0.0,0.0
698.321,1.2335,2.3983,2.3984,-0.0015,0.0,-0.0,0.0,0.0
698.374,1.2335,2.3984,2.3984,0.0009,0.0,0.0,0.0,0.0
698.427,1.2336,2.3984,2.3984,0.0009,0.0,0.0,0.0,0.0
698.472,1.2335,2.3984,2.3984,-0.0003,0.0,0.0,0.0,0.0
698.532,1.2335,2.3984,2.3984,-0.0007,0.0,-0.0,0.0,0.0
698.577,1.2335,2.3984,2.3984,-0.0001,0.0,-0.0,0.0,0.0
698.622,1.2335,2.3984,2.3984,0.0009,0.0,0.0,0.0,0.0
698.674,1.2335,2.3983,2.3984,-0.0015,0.0,-0.0,0.0,0.0
698.728,1.2334,2.3983,2.3984,-0.0007,0.0,-0.0,0.0,0.0
698.773,1.2335,2.3984,2.3984,0.0016,0.0,0.0,0.0,0.0
698.832,1.2335,2.3983,2.3984,-0.0006,0.0,-0.0,0.0,0.0
698.879,1.2335,2.3983,2.3984,-0.0002,0.0,-0.0,0.0,0.0
698.923,1.2335,2.3984,2.3984,0.0005,0.0,0.0,0.0,0.0
698.971,1.2336,2.3984,2.3984,0.001,0.0,0.0,0.0,0.0
699.029,1.2335,2.3984,2.3984,-0.0006,0.0,0.0,0.0,0.0
699.073,1.2336,2.3984,2.3984,0.0007,0.0,0.0,0.0,0.0
699.128,1.2336,2.3984,2.3984,-0.0,0.0,0.0,0.0,0.0
699.18,1.2335,2.3983,2.3984,-0.0014,0.0,-0.0,0.0,0.0
699.225,1.2335,2.3984,2.3984,0.0009,0.0,0.0,0.0,0.0
699.273,1.2336,2.3984,2.3984,0.0009,0.0,0.0,0.0,0.0
699.333,1.2335,2.3984,2.3984,-0.0006,0.0,-0.0,0.0,0.0
699.375,1.2335,2.3983,2.3984,-0.0015,0.0,-0.0,0.0,0.0
699.434,1.2335,2.3984,2.3984,0.001,0.0,0.0,0.0,0.0
699.483,1.2336,2.3984,2.3984,0.0012,0.0,0.0,0.0,0.0
699.527,1.2335,2.3984,2.3984,-0.0007,0.0,0.0,0.0,0.0
699.574,1.2335,2.3984,2.3984,0.0002,0.0,0.0,0.0,0.0
699.63,1.2335,2.3983,2.3984,-0.0011,0.0,-0.0,0.0,0.0
699.676,1.2335,2.3984,2.3984,0.0003,0.0,-0.0,0.0,0.0
699.722,1.2335,2.3984,2.3984,0.0001,0.0,-0.0,0.0,0.0
699.781,1.2335,2.3984,2.3984,-0.0,0.0,-0.0,0.0,0.0
699.823,1.2335,2.3984,2.3984,0.0003,0.0,0.0,0.0,0.0
699.873,1.2335,2.3984,2.3984,-0.0002,0.0,-0.0,0.0,0.0
699.927,1.2335,2.3984,2.3984,0.0,0.0,-0.0,0.0,0.0
699.971,1.2335,2.3984,2.3984,-0.0002,0.0,-0.0,0.0,0.0
700.032,1.2336,2.3984,2.3984,0.0012,0.0,0.0,0.0,0.0
700.075,1.2336,2.3984,2.3984,0.0001,0.0,0.0,0.0,0.0
700.124,1.2335,2.3984,2.3984,-0.0005,0.0,-0.0,0.0,0.0
700.179,1.2335,2.3984,2.3984,-0.0008,0.0,-0.0,0.0,0.0
700.226,1.2336,2.3984,2.3984,0.0014,0.0,0.0,0.0,0.0
700.273,1.2335,2.3984,2.3984,-0.001,0.0,-0.0,0.0,0.0
700.331,1.2335,2.3984,2.3984,0.0,0.0,-0.0,0.0,0.0
700.375,1.2336,2.3984,2.3984,0.0004,0.0,0.0,0.0,0.0
700.421,1.2335,2.3984,2.3984,-0.0009,0.0,-0.0,0.0,0.0
700.479,1.2335,2.3983,2.3984,-0.0009,0.0,-0.0,0.0,0.0
700.525,1.2335,2.3984,2.3984,0.001,0.0,0.0,0.0,0.0
700.571,1.2335,2.3984,2.3984,0.0003,0.0,0.0,0.0,0.0
700.634,1.2336,2.3984,2.3984,0.0007,0.0,0.0,0.0,0.0
700.676,1.2335,2.3984,2.3984,-0.0006,0.0,0.0,0.0,0.0
700.722,1.2335,2.3984,2.3984,-0.0008,0.0,-0.0,0.0,0.0
700.781,1.2335,2.3984,2.3984,0.0007,0.0,0.0,0.0,0.0
700.826,1.2335,2.3984,2.3984,-0.0002,0.0,0.0,0.0,0.0
700.872,1.2335,2.3984,2.3984,0.0003,0.0,0.0,0.0,0.0
700.932,1.2336,2.3985,2.3984,0.0013,0.0,0.0,0.0,0.0
700.976,1.2336,2.3985,2.3984,0.0002,0.0,0.0,0.0,0.0
701.032,1.2335,2.3984,2.3984,-0.0024,0.0,-0.0,0.0,0.0
701.079,1.2335,2.3983,2.3984,-0.0006,0.0,-0.0,0.0,0.0
701.123,1.2335,2.3984,2.3984,0.0008,0.0,-0.0,0.0,0.0
701.172,1.2335,2.3984,2.3984,0.0007,0.0,0.0,0.0,0.0
701.229,1.2335,2.3984,2.3984,-0.0009,0.0,-0.0,0.0,0.0
701.274,1.2335,2.3984,2.3984,0.0009,0.0,0.0,0.0,0.0
701.324,1.2335,2.3984,2.3984,-0.0001,0.0,0.0,0.0,0.0
701.379,1.2335,2.3984,2.3984,-0.0002,0.0,-0.0,0.0,0.0
701.425,1.2335,2.3984,2.3984,-0.0008,0.0,-0.0,0.0,0.0