timestamp_sec,yaw_error_rad,mae_rad,p_term,i_term,d_term,output_omega_rad_s,target_yaw_rad,current_yaw_rad
71.595,0.0,0.0,0.0,0.0,0.0,0.0,-2.69,-2.69
71.642,3e-06,1e-06,4e-06,0.0,1e-05,1.4e-05,-2.69,-2.69
71.692,3e-06,2e-06,5e-06,0.0,3e-06,8e-06,-2.69,-2.69
71.746,2e-06,2e-06,2e-06,0.0,-7e-06,-4e-06,-2.69,-2.69
71.792,0.0,2e-06,0.0,0.0,-6e-06,-6e-06,-2.69,-2.69
71.844,0.000885,0.000149,0.001328,0.0,0.003512,0.004841,-2.69,-2.6909
71.894,0.002907,0.000543,0.004361,2e-06,0.008116,0.012479,-2.69,-2.6929
71.943,0.006012,0.001227,0.009018,5e-06,0.012443,0.021466,-2.69,-2.696
71.993,0.009496,0.002145,0.014244,1e-05,0.013975,0.028229,-2.69,-2.6995
72.045,0.012295,0.00316,0.018443,1.6e-05,0.01114,0.029598,-2.69,-2.7023
72.092,0.014304,0.004173,0.021456,2.3e-05,0.00806,0.029538,-2.69,-2.7043
72.143,0.015696,0.005134,0.023544,3.1e-05,0.005603,0.029178,-2.69,-2.7057
72.193,0.015756,0.005951,0.023635,3.9e-05,0.00024,0.023913,-2.69,-2.7058
72.242,0.015515,0.006634,0.023272,4.6e-05,-0.000965,0.022354,-2.69,-2.7055
72.292,0.01471,0.007172,0.022065,5.4e-05,-0.003229,0.018891,-2.69,-2.7047
72.343,0.01303,0.007538,0.019545,6e-05,-0.00672,0.012886,-2.69,-2.703
72.392,0.011987,0.0078,0.01798,6.6e-05,-0.004175,0.013872,-2.69,-2.702
72.446,0.010051,0.007925,0.015076,7.1e-05,-0.007674,0.007474,-2.69,-2.7
72.498,0.008845,0.007974,0.013268,7.6e-05,-0.004729,0.008614,-2.69,-2.6988
72.542,0.00827,0.007988,0.012405,8e-05,-0.002374,0.010111,-2.69,-2.6983
72.594,0.007233,0.007952,0.01085,8.4e-05,-0.004126,0.006807,-2.69,-2.6972
72.65,0.006596,0.007891,0.009894,8.7e-05,-0.00255,0.00743,-2.69,-2.6966
72.694,0.005973,0.007807,0.008959,9e-05,-0.002496,0.006553,-2.69,-2.696
72.745,0.005705,0.00772,0.008558,9.3e-05,-0.001067,0.007584,-2.69,-2.6957
72.793,0.004441,0.007589,0.006662,9.5e-05,-0.005069,0.001687,-2.69,-2.6944
72.85,0.003235,0.007421,0.004853,9.6e-05,-0.004778,0.000171,-2.69,-2.6932
72.894,0.002603,0.007243,0.003905,9.8e-05,-0.002546,0.001457,-2.69,-2.6926
72.942,0.001646,0.007043,0.002469,9.9e-05,-0.003856,-0.001288,-2.69,-2.6916
72.995,0.000907,0.006831,0.00136,9.9e-05,-0.002925,-0.001466,-2.69,-2.6909
73.042,0.000519,0.006621,0.000778,9.9e-05,-0.001567,-0.00069,-2.69,-2.6905
73.093,0.000367,0.006419,0.00055,9.9e-05,-0.000604,4.6e-05,-2.69,-2.6904
73.146,-0.000109,0.006222,-0.000164,9.9e-05,-0.001909,-0.001974,-2.69,-2.6899
73.192,-0.000801,0.006058,-0.001202,9.9e-05,-0.002775,-0.003877,-2.69,-2.6892
73.243,-0.001495,0.005923,-0.002242,9.8e-05,-0.002772,-0.004916,-2.69,-2.6885
73.293,-0.001186,0.005788,-0.00178,9.8e-05,0.001234,-0.000448,-2.69,-2.6888
73.344,-0.001286,0.005663,-0.00193,9.7e-05,-0.0004,-0.002233,-2.69,-2.6887
73.394,-0.000934,0.005535,-0.001401,9.7e-05,0.001404,9.9e-05,-2.69,-2.6891
73.445,-0.000703,0.005408,-0.001054,9.6e-05,0.000927,-3e-05,-2.69,-2.6893
73.493,-0.001105,0.005298,-0.001657,9.6e-05,-0.001609,-0.00317,-2.69,-2.6889
73.543,-0.001474,0.005202,-0.002211,9.5e-05,-0.001481,-0.003598,-2.69,-2.6885
73.593,-0.00082,0.005095,-0.00123,9.5e-05,0.002583,0.001448,-2.69,-2.6892
73.642,-0.001129,0.005001,-0.001694,9.4e-05,-0.001255,-0.002854,-2.69,-2.6889
73.694,-0.001929,0.004929,-0.002893,9.3e-05,-0.003199,-0.005999,-2.69,-2.6881
73.743,-0.002184,0.004867,-0.003277,9.2e-05,-0.00102,-0.004205,-2.69,-2.6878
73.792,-0.001663,0.004796,-0.002494,9.1e-05,0.00209,-0.000313,-2.69,-2.6883
73.847,-0.001631,0.004727,-0.002447,9e-05,0.000126,-0.002231,-2.69,-2.6884
73.895,-0.001748,0.004664,-0.002622,8.9e-05,-0.000465,-0.002998,-2.69,-2.6882
73.943,-0.002126,0.004611,-0.00319,8.8e-05,-0.001524,-0.004626,-2.69,-2.6879
73.994,-0.001324,0.004544,-0.001986,8.8e-05,0.00314,0.001242,-2.69,-2.6887
74.049,-0.000263,0.004458,-0.000394,8.8e-05,0.004321,0.004015,-2.69,-2.6897
74.092,0.001197,0.004394,0.001796,8.8e-05,0.005865,0.007749,-2.69,-2.6912
74.146,0.004381,0.004394,0.006572,9e-05,0.012373,0.019035,-2.69,-2.6944
74.195,0.006071,0.004426,0.009107,9.3e-05,0.00696,0.01616,-2.69,-2.6961
74.243,0.009584,0.004521,0.014376,9.8e-05,0.014073,0.028548,-2.69,-2.6996
74.294,0.011084,0.00464,0.016626,0.000104,0.005973,0.022702,-2.69,-2.7011
74.342,0.011607,0.004765,0.01741,0.000109,0.002103,0.019622,-2.69,-2.7016
74.392,0.015525,0.004954,0.023287,0.000117,0.015724,0.039128,-2.69,-2.7055
74.447,0.014482,0.005118,0.021722,0.000124,-0.004136,0.017711,-2.69,-2.7045
74.493,0.017572,0.005329,0.026359,0.000133,0.012381,0.038873,-2.69,-2.7076
74.543,0.019425,0.005564,0.029138,0.000143,0.007426,0.036707,-2.69,-2.7094
74.594,0.018717,0.005779,0.028075,0.000152,-0.002839,0.025389,-2.69,-2.7087
74.642,0.018793,0.005989,0.02819,0.000162,0.000307,0.028658,-2.69,-2.7088
74.697,0.015912,0.006147,0.023869,0.00017,-0.01145,0.012588,-2.69,-2.7059
74.745,0.012638,0.006248,0.018957,0.000176,-0.013109,0.006023,-2.69,-2.7026
74.794,0.009722,0.006302,0.014583,0.000181,-0.011539,0.003225,-2.69,-2.6997
74.844,0.008617,0.006337,0.012925,0.000185,-0.004482,0.008628,-2.69,-2.6986
74.895,0.007386,0.006352,0.011079,0.000189,-0.004933,0.006335,-2.69,-2.6974
74.942,0.007593,0.006371,0.01139,0.000193,0.000828,0.012411,-2.69,-2.6976
74.997,0.007236,0.006383,0.010854,0.000196,-0.001423,0.009627,-2.69,-2.6972
75.044,0.006114,0.006379,0.009171,0.000199,-0.004521,0.004849,-2.69,-2.6961
75.094,0.004375,0.006351,0.006563,0.000202,-0.006934,-0.000169,-2.69,-2.6944
75.144,0.001346,0.006282,0.002019,0.000202,-0.012019,-0.009797,-2.69,-2.6913
75.192,0.002155,0.006225,0.003233,0.000203,0.003272,0.006709,-2.69,-2.6921
75.246,0.003327,0.006186,0.004991,0.000205,0.004629,0.009825,-2.69,-2.6933
75.294,0.002803,0.006141,0.004204,0.000206,-0.002116,0.002294,-2.69,-2.6928
75.342,0.004223,0.006116,0.006334,0.000208,0.005693,0.012236,-2.69,-2.6942
75.394,0.005513,0.006108,0.00827,0.000211,0.005126,0.013607,-2.69,-2.6955
75.442,0.007133,0.006121,0.0107,0.000215,0.006526,0.017441,-2.69,-2.6971
75.494,0.008315,0.006149,0.012472,0.000219,0.004696,0.017387,-2.69,-2.6983
75.544,0.010056,0.006198,0.015084,0.000224,0.006982,0.02229,-2.69,-2.7001
75.592,0.011714,0.006266,0.017571,0.00023,0.006667,0.024468,-2.69,-2.7017
75.647,0.010623,0.006319,0.015934,0.000235,-0.004347,0.011822,-2.69,-2.7006
75.694,0.00923,0.006354,0.013845,0.00024,-0.005581,0.008504,-2.69,-2.6992
75.742,0.006446,0.006355,0.009668,0.000243,-0.011148,-0.001236,-2.69,-2.6964
75.792,0.002493,0.00631,0.00374,0.000244,-0.015853,-0.011869,-2.69,-2.6925
75.845,-0.000435,0.006241,-0.000653,0.000244,-0.011677,-0.012086,-2.69,-2.6896
75.897,-0.004414,0.00622,-0.006621,0.000242,-0.015898,-0.022278,-2.69,-2.6856
75.943,-0.008279,0.006244,-0.012419,0.000238,-0.015552,-0.027733,-2.69,-2.6817
75.993,-0.009655,0.006282,-0.014482,0.000233,-0.005474,-0.019723,-2.69,-2.6803
76.045,-0.00954,0.006318,-0.01431,0.000228,0.000448,-0.013635,-2.69,-2.6805
76.093,-0.010141,0.00636,-0.015211,0.000223,-0.002466,-0.017453,-2.69,-2.6799
76.142,-0.013196,0.006434,-0.019794,0.000216,-0.012198,-0.031776,-2.69,-2.6768
76.194,-0.01527,0.00653,-0.022905,0.000209,-0.008285,-0.030982,-2.69,-2.6747
76.243,-0.014093,0.00661,-0.021139,0.000202,0.004698,-0.01624,-2.69,-2.6759
76.296,-0.011166,0.006658,-0.016749,0.000196,0.011727,-0.004826,-2.69,-2.6788
76.344,-0.009956,0.006692,-0.014934,0.000191,0.004717,-0.010026,-2.69,-2.68
76.393,-0.007684,0.006703,-0.011527,0.000187,0.00935,-0.001989,-2.69,-2.6823
76.444,-0.004642,0.006681,-0.006962,0.000185,0.012178,0.0054,-2.69,-2.6854
76.492,-0.001717,0.006631,-0.002575,0.000184,0.011697,0.009307,-2.69,-2.6883
76.542,0.002086,0.006586,0.003129,0.000185,0.015258,0.018572,-2.69,-2.6921
76.596,0.006012,0.006646,0.009018,0.000188,0.015654,0.02486,-2.69,-2.696
76.643,0.008242,0.006728,0.012363,0.000192,0.008864,0.021419,-2.69,-2.6982
76.695,0.007818,0.006807,0.011727,0.000196,-0.001677,0.010246,-2.69,-2.6978
76.742,0.006144,0.006868,0.009217,0.000199,-0.00682,0.002595,-2.69,-2.6961
76.795,0.003922,0.006907,0.005884,0.000201,-0.008851,-0.002766,-2.69,-2.6939
76.842,0.001452,0.006913,0.002178,0.000202,-0.009926,-0.007546,-2.69,-2.6914
76.892,0.000111,0.006885,0.000167,0.000202,-0.005346,-0.004977,-2.69,-2.6901
76.942,-0.000544,0.00683,-0.000816,0.000202,-0.002636,-0.00325,-2.69,-2.6895
76.995,-0.0016,0.006751,-0.002399,0.000201,-0.004137,-0.006336,-2.69,-2.6884
77.044,-0.002009,0.006648,-0.003013,0.0002,-0.001661,-0.004474,-2.69,-2.688
77.094,-0.00315,0.006537,-0.004725,0.000198,-0.004559,-0.009085,-2.69,-2.6868
77.146,-0.002961,0.006409,-0.004442,0.000197,0.000754,-0.003491,-2.69,-2.687
77.195,-0.004777,0.0063,-0.007165,0.000194,-0.007277,-0.014248,-2.69,-2.6852
77.245,-0.004981,0.006194,-0.007471,0.000192,-0.000812,-0.008091,-2.69,-2.685
77.294,-0.004942,0.006097,-0.007413,0.00019,0.000156,-0.007067,-2.69,-2.6851
77.342,-0.004121,0.006008,-0.006182,0.000187,0.003315,-0.002679,-2.69,-2.6859
77.395,-0.003005,0.005918,-0.004508,0.000186,0.004434,0.000112,-2.69,-2.687
77.445,-0.001479,0.005832,-0.002218,0.000185,0.006123,0.00409,-2.69,-2.6885
77.492,0.001001,0.005754,0.001502,0.000186,0.009959,0.011647,-2.69,-2.691
77.542,0.005354,0.005724,0.008031,0.000188,0.017401,0.025621,-2.69,-2.6953
77.593,0.006304,0.005715,0.009457,0.000192,0.0038,0.013448,-2.69,-2.6963
77.642,0.009858,0.005748,0.014787,0.000196,0.014231,0.029214,-2.69,-2.6999
77.696,0.009996,0.005788,0.014994,0.000201,0.000551,0.015746,-2.69,-2.7
77.743,0.00937,0.005825,0.014055,0.000206,-0.002477,0.011784,-2.69,-2.6994
77.793,0.008197,0.005862,0.012295,0.00021,-0.004747,0.007759,-2.69,-2.6982
77.843,0.005963,0.00589,0.008944,0.000213,-0.008932,0.000225,-2.69,-2.696
77.894,0.003258,0.005896,0.004887,0.000215,-0.010894,-0.005792,-2.69,-2.6933
77.942,0.001371,0.005893,0.002057,0.000216,-0.007523,-0.00525,-2.69,-2.6914
77.993,-0.000406,0.005888,-0.000609,0.000215,-0.007098,-0.007492,-2.69,-2.6896
78.047,-0.002863,0.005912,-0.004294,0.000214,-0.009528,-0.013608,-2.69,-2.6871
78.093,-0.004852,0.005957,-0.007277,0.000212,-0.008204,-0.015269,-2.69,-2.6851
78.146,-0.008372,0.006039,-0.012557,0.000207,-0.01407,-0.026421,-2.69,-2.6816
78.192,-0.007377,0.006105,-0.011065,0.000204,0.003996,-0.006865,-2.69,-2.6826
78.242,-0.007372,0.006164,-0.011059,0.0002,1.7e-05,-0.010841,-2.69,-2.6826
78.292,-0.008891,0.006241,-0.013336,0.000196,-0.006079,-0.01922,-2.69,-2.6811
78.343,-0.01047,0.006333,-0.015705,0.00019,-0.006274,-0.021789,-2.69,-2.6795
78.397,-0.01123,0.006436,-0.016845,0.000185,-0.002969,-0.01963,-2.69,-2.6788
78.448,-0.010071,0.006529,-0.015107,0.000179,0.004617,-0.010311,-2.69,-2.6799
78.493,-0.008431,0.006603,-0.012647,0.000175,0.006771,-0.005701,-2.69,-2.6816
78.544,-0.004944,0.006637,-0.007416,0.000173,0.014001,0.006758,-2.69,-2.6851
78.596,-0.001337,0.006642,-0.002005,0.000172,0.014345,0.012512,-2.69,-2.6887
78.643,0.00058,0.006637,0.000869,0.000173,0.007681,0.008723,-2.69,-2.6906
78.696,-0.000187,0.006619,-0.00028,0.000172,-0.00301,-0.003117,-2.69,-2.6898
78.746,0.001581,0.006613,0.002372,0.000173,0.007141,0.009686,-2.69,-2.6916
78.792,0.001624,0.006613,0.002436,0.000174,0.000172,0.002781,-2.69,-2.6916
78.845,0.001721,0.006614,0.002582,0.000175,0.000389,0.003146,-2.69,-2.6917
78.892,0.001032,0.006607,0.001549,0.000175,-0.002751,-0.001027,-2.69,-2.691
78.944,-0.000955,0.006595,-0.001432,0.000175,-0.007936,-0.009193,-2.69,-2.689
78.993,-0.002551,0.006607,-0.003826,0.000174,-0.006375,-0.010028,-2.69,-2.6874
79.042,-0.003093,0.006636,-0.00464,0.000172,-0.002187,-0.006655,-2.69,-2.6869
79.095,-0.002569,0.006649,-0.003853,0.000171,0.002097,-0.001585,-2.69,-2.6874
79.142,-0.00215,0.006627,-0.003225,0.00017,0.001675,-0.00138,-2.69,-2.6878
79.197,-0.001889,0.006585,-0.002833,0.000169,0.001044,-0.001621,-2.69,-2.6881
79.243,-0.001388,0.006503,-0.002082,0.000168,0.002003,8.9e-05,-2.69,-2.6886
79.292,-0.001645,0.006409,-0.002467,0.000167,-0.001026,-0.003326,-2.69,-2.6883
79.344,-0.001976,0.006313,-0.002965,0.000166,-0.00132,-0.004118,-2.69,-2.688
79.395,-0.001506,0.006172,-0.002259,0.000166,0.001885,-0.000208,-2.69,-2.6885
79.442,0.000924,0.006037,0.001386,0.000166,0.009701,0.011253,-2.69,-2.6909
79.495,0.003771,0.005899,0.005657,0.000168,0.011427,0.017253,-2.69,-2.6938
79.543,0.006157,0.005766,0.009235,0.000171,0.009544,0.01895,-2.69,-2.6962
79.593,0.01033,0.005682,0.015494,0.000176,0.016696,0.032366,-2.69,-2.7003
79.645,0.013308,0.005627,0.019962,0.000183,0.011872,0.032017,-2.69,-2.7033
79.695,0.015669,0.005625,0.023504,0.000191,0.009438,0.033133,-2.69,-2.7057
79.743,0.016202,0.005661,0.024302,0.000199,0.00214,0.026641,-2.69,-2.7062
79.794,0.01713,0.005735,0.025695,0.000207,0.00369,0.029592,-2.69,-2.7071
79.845,0.017356,0.005822,0.026034,0.000216,0.000902,0.027153,-2.69,-2.7074
79.892,0.017858,0.005927,0.026787,0.000225,0.002027,0.029039,-2.69,-2.7079
79.945,0.011087,0.005962,0.016631,0.00023,-0.026881,-0.01002,-2.69,-2.7011
79.995,0.005868,0.005948,0.008802,0.000233,-0.020958,-0.011922,-2.69,-2.6959
80.043,-0.0001,0.005888,-0.000151,0.000233,-0.023942,-0.023859,-2.69,-2.6899
80.094,-0.003601,0.00588,-0.005401,0.000232,-0.01387,-0.01904,-2.69,-2.6864
80.143,-0.002781,0.005895,-0.004172,0.00023,0.003306,-0.000636,-2.69,-2.6872
80.195,-0.002435,0.005897,-0.003652,0.000229,0.001387,-0.002037,-2.69,-2.6876
80.246,-0.004431,0.005908,-0.006647,0.000227,-0.007922,-0.014342,-2.69,-2.6856
80.293,-0.00674,0.005948,-0.010111,0.000223,-0.009293,-0.019181,-2.69,-2.6833
80.344,-0.009796,0.006003,-0.014694,0.000218,-0.012193,-0.026668,-2.69,-2.6802
80.393,-0.009906,0.006047,-0.014859,0.000213,-0.000443,-0.015088,-2.69,-2.6801
80.443,-0.010598,0.006082,-0.015898,0.000208,-0.002765,-0.018455,-2.69,-2.6794
80.494,-0.012011,0.006119,-0.018017,0.000202,-0.005651,-0.023466,-2.69,-2.678
80.546,-0.010875,0.006127,-0.016312,0.000197,0.004546,-0.011569,-2.69,-2.6791
80.593,-0.008587,0.006096,-0.01288,0.000192,0.009151,-0.003536,-2.69,-2.6814
80.642,-0.005245,0.006042,-0.007868,0.00019,0.013393,0.005714,-2.69,-2.6847
80.699,-0.003365,0.005984,-0.005048,0.000188,0.007502,0.002643,-2.69,-2.6866
80.742,0.000206,0.005921,0.000309,0.000188,0.014297,0.014794,-2.69,-2.6902
80.793,0.002036,0.005917,0.003054,0.000189,0.00732,0.010563,-2.69,-2.692
80.846,0.001318,0.005925,0.001977,0.00019,-0.002857,-0.00069,-2.69,-2.6913
80.893,0.00147,0.005896,0.002206,0.000191,0.000613,0.003009,-2.69,-2.6915
80.943,-0.001026,0.005823,-0.001539,0.00019,-0.009983,-0.011332,-2.69,-2.689
80.995,-0.003544,0.005762,-0.005316,0.000188,-0.010054,-0.015182,-2.69,-2.6865
81.043,-0.006745,0.005734,-0.010118,0.000185,-0.012825,-0.022758,-2.69,-2.6832
81.092,-0.00778,0.005711,-0.01167,0.000181,-0.004141,-0.01563,-2.69,-2.6822
81.146,-0.009771,0.005676,-0.014656,0.000176,-0.007959,-0.022439,-2.69,-2.6802
81.192,-0.009879,0.005623,-0.014818,0.000171,-0.000435,-0.015082,-2.69,-2.6801
81.241,-0.009723,0.005579,-0.014585,0.000166,0.000623,-0.013795,-2.69,-2.6803
81.295,-0.009649,0.005564,-0.014474,0.000161,0.000286,-0.014026,-2.69,-2.6803
81.345,-0.010591,0.00557,-0.015886,0.000156,-0.003874,-0.019604,-2.69,-2.6794
81.393,-0.009926,0.005592,-0.01489,0.000151,0.002674,-0.012064,-2.69,-2.6801
81.447,-0.007921,0.005625,-0.011881,0.000147,0.007988,-0.003746,-2.69,-2.6821
81.495,-0.00517,0.00566,-0.007755,0.000145,0.011033,0.003423,-2.69,-2.6848
81.543,-0.003551,0.005674,-0.005327,0.000143,0.006482,0.001298,-2.69,-2.6864
81.596,-0.001811,0.005632,-0.002717,0.000142,0.006944,0.00437,-2.69,-2.6882
81.645,0.001566,0.005566,0.002349,0.000143,0.013549,0.016041,-2.69,-2.6916
81.693,0.006085,0.005548,0.009127,0.000146,0.018059,0.027332,-2.69,-2.6961
81.746,0.009778,0.005585,0.014666,0.000151,0.014677,0.029494,-2.69,-2.6998
81.795,0.01365,0.005682,0.020474,0.000158,0.015614,0.036246,-2.69,-2.7036
81.842,0.015973,0.005827,0.023959,0.000166,0.009309,0.033433,-2.69,-2.706
81.896,0.014314,0.005969,0.021471,0.000173,-0.006588,0.015055,-2.69,-2.7043
81.949,0.012368,0.006087,0.018553,0.00018,-0.007029,0.011704,-2.69,-2.7024
81.993,0.009479,0.006166,0.014218,0.000184,-0.012979,0.001423,-2.69,-2.6995
82.046,0.006343,0.00621,0.009514,0.000187,-0.012462,-0.00276,-2.69,-2.6963
82.095,0.005348,0.006232,0.008022,0.00019,-0.00399,0.004222,-2.69,-2.6953
82.142,0.003659,0.006239,0.005489,0.000192,-0.006821,-0.001141,-2.69,-2.6937
82.195,0.00128,0.006204,0.00192,0.000192,-0.009469,-0.007357,-2.69,-2.6913
82.245,-0.000738,0.006161,-0.001107,0.000192,-0.007961,-0.008877,-2.69,-2.6893
82.293,-0.002116,0.006133,-0.003175,0.000191,-0.005595,-0.008579,-2.69,-2.6879
82.347,-0.001846,0.00611,-0.002769,0.00019,0.001078,-0.0015,-2.69,-2.6881
82.393,-0.002959,0.00611,-0.004438,0.000188,-0.004467,-0.008716,-2.69,-2.687
82.443,-0.00462,0.006141,-0.00693,0.000186,-0.006675,-0.013419,-2.69,-2.6854
82.493,-0.004624,0.006177,-0.006936,0.000184,-1.6e-05,-0.006768,-2.69,-2.6854
82.547,-0.003783,0.006162,-0.005674,0.000182,0.003263,-0.002229,-2.69,-2.6862
82.592,-0.002719,0.006126,-0.004078,0.00018,0.004393,0.000495,-2.69,-2.6873
82.644,-0.002501,0.006052,-0.003751,0.000179,0.00087,-0.002702,-2.69,-2.6875
82.695,0.000272,0.005955,0.000408,0.000179,0.011115,0.011702,-2.69,-2.6903
82.742,0.002851,0.00589,0.004276,0.000181,0.010346,0.014802,-2.69,-2.6928
82.795,0.003769,0.005845,0.005654,0.000183,0.00366,0.009496,-2.69,-2.6938
82.843,0.005306,0.005839,0.007958,0.000185,0.006137,0.014281,-2.69,-2.6953
82.893,0.004331,0.00585,0.006497,0.000188,-0.003903,0.002781,-2.69,-2.6943
82.944,0.003138,0.005867,0.004708,0.000189,-0.004788,0.000108,-2.69,-2.6931
82.992,0.001094,0.005874,0.00164,0.00019,-0.008174,-0.006344,-2.69,-2.6911
83.042,-0.002156,0.005867,-0.003235,0.000189,-0.013025,-0.016071,-2.69,-2.6878
83.096,-0.005487,0.005873,-0.008231,0.000186,-0.013281,-0.021326,-2.69,-2.6845
83.143,-0.00816,0.005871,-0.01224,0.000182,-0.010534,-0.022592,-2.69,-2.6818
83.193,-0.009986,0.005897,-0.014979,0.000177,-0.007407,-0.022209,-2.69,-2.68
83.243,-0.012737,0.005951,-0.019106,0.00017,-0.011036,-0.029972,-2.69,-2.6773
83.294,-0.013955,0.006002,-0.020933,0.000163,-0.004799,-0.025569,-2.69,-2.676
83.342,-0.014836,0.006045,-0.022254,0.000156,-0.003576,-0.025674,-2.69,-2.6752
83.394,-0.014472,0.006078,-0.021708,0.000149,0.001457,-0.020102,-2.69,-2.6755
83.446,-0.014708,0.006124,-0.022061,0.000141,-0.000941,-0.022861,-2.69,-2.6753
83.492,-0.015192,0.006192,-0.022788,0.000134,-0.00194,-0.024594,-2.69,-2.6748
83.546,-0.015745,0.0063,-0.023618,0.000126,-0.002207,-0.025699,-2.69,-2.6742
83.594,-0.013987,0.006426,-0.02098,0.000119,0.007036,-0.013826,-2.69,-2.676
83.645,-0.009815,0.006519,-0.014722,0.000114,0.016706,0.002098,-2.69,-2.6802
83.695,-0.006109,0.006578,-0.009163,0.000111,0.014768,0.005716,-2.69,-2.6839
83.743,-0.00053,0.006567,-0.000795,0.000111,0.022395,0.021711,-2.69,-2.6895
83.794,0.00318,0.006583,0.00477,0.000112,0.014825,0.019707,-2.69,-2.6932
83.842,0.003768,0.006603,0.005651,0.000114,0.002355,0.00812,-2.69,-2.6938
83.893,0.00568,0.00665,0.00852,0.000117,0.007648,0.016285,-2.69,-2.6957
83.947,0.007438,0.006715,0.011157,0.000121,0.00698,0.018258,-2.69,-2.6974
83.996,0.008808,0.006777,0.013212,0.000125,0.005521,0.018858,-2.69,-2.6988
84.043,0.007759,0.006824,0.011639,0.000129,-0.00418,0.007588,-2.69,-2.6978
84.093,0.004612,0.006844,0.006918,0.000131,-0.012641,-0.005592,-2.69,-2.6946
84.143,0.002223,0.006845,0.003335,0.000132,-0.009521,-0.006054,-2.69,-2.6922
84.193,1.3e-05,0.006826,2e-05,0.000132,-0.00886,-0.008708,-2.69,-2.69
84.242,0.000122,0.006814,0.000183,0.000132,0.000434,0.00075,-2.69,-2.6901
84.295,0.000862,0.006806,0.001292,0.000133,0.002959,0.004385,-2.69,-2.6909
84.342,0.003102,0.006817,0.004653,0.000134,0.008957,0.013745,-2.69,-2.6931
84.393,0.004306,0.006845,0.006458,0.000137,0.004817,0.011412,-2.69,-2.6943
84.444,0.005123,0.006887,0.007684,0.000139,0.003196,0.011019,-2.69,-2.6951
84.493,0.00366,0.006886,0.00549,0.000141,-0.005978,-0.000347,-2.69,-2.6937
84.544,0.00268,0.006851,0.004021,0.000142,-0.003914,0.000249,-2.69,-2.6927
84.594,0.002545,0.006773,0.003817,0.000144,-0.000544,0.003417,-2.69,-2.6925
84.642,0.004708,0.006687,0.007062,0.000146,0.008689,0.015897,-2.69,-2.6947
84.693,0.006648,0.006597,0.009971,0.000149,0.007702,0.017823,-2.69,-2.6966
84.744,0.00831,0.006518,0.012464,0.000153,0.006679,0.019297,-2.69,-2.6983
84.792,0.011615,0.006463,0.017422,0.000159,0.013226,0.030807,-2.69,-2.7016
84.842,0.014351,0.006433,0.021527,0.000166,0.010938,0.032631,-2.69,-2.7043
84.892,0.017258,0.006427,0.025887,0.000175,0.011634,0.037697,-2.69,-2.7073
84.945,0.018874,0.006505,0.02831,0.000184,0.006473,0.034968,-2.69,-2.7089
84.994,0.019472,0.006641,0.029208,0.000194,0.002384,0.031786,-2.69,-2.7095
85.043,0.019397,0.006834,0.029096,0.000204,-0.000298,0.029002,-2.69,-2.7094
85.095,0.015992,0.006958,0.023988,0.000212,-0.013709,0.010491,-2.69,-2.706
85.144,0.011038,0.00704,0.016557,0.000218,-0.019661,-0.002887,-2.69,-2.701
85.193,0.004388,0.00706,0.006582,0.00022,-0.026775,-0.019973,-2.69,-2.6944
85.244,-0.002043,0.007036,-0.003065,0.000219,-0.025691,-0.028537,-2.69,-2.688
85.292,-0.004092,0.007009,-0.006138,0.000217,-0.008219,-0.014141,-2.69,-2.6859
85.345,-0.005852,0.00697,-0.008778,0.000214,-0.007045,-0.015609,-2.69,-2.6841
85.393,-0.007577,0.006947,-0.011365,0.00021,-0.006884,-0.01804,-2.69,-2.6824
85.443,-0.01154,0.006956,-0.01731,0.000204,-0.015904,-0.03301,-2.69,-2.6785
85.494,-0.01528,0.006989,-0.022921,0.000197,-0.014998,-0.037722,-2.69,-2.6747
85.543,-0.015975,0.00704,-0.023962,0.000189,-0.002766,-0.02654,-2.69,-2.674
85.594,-0.013623,0.00709,-0.020435,0.000182,0.009435,-0.010818,-2.69,-2.6764
85.645,-0.012781,0.007166,-0.019172,0.000175,0.003338,-0.015658,-2.69,-2.6772
85.693,-0.012135,0.007253,-0.018202,0.000169,0.00261,-0.015423,-2.69,-2.6779
85.744,-0.011046,0.007362,-0.016569,0.000164,0.004321,-0.012084,-2.69,-2.6789
85.792,-0.008977,0.007431,-0.013465,0.000159,0.008324,-0.004982,-2.69,-2.681
85.845,-0.005842,0.007476,-0.008763,0.000156,0.012523,0.003916,-2.69,-2.6842
85.895,-0.002936,0.007491,-0.004403,0.000155,0.011567,0.007319,-2.69,-2.6871
85.943,0.001634,0.007497,0.002451,0.000156,0.018361,0.020967,-2.69,-2.6916
85.995,0.002249,0.007484,0.003374,0.000157,0.002455,0.005985,-2.69,-2.6922
86.043,0.00111,0.007428,0.001664,0.000157,-0.00457,-0.002748,-2.69,-2.6911
86.096,-0.000534,0.007355,-0.000801,0.000157,-0.006536,-0.00718,-2.69,-2.6895
86.143,-0.002983,0.007287,-0.004474,0.000156,-0.009603,-0.013922,-2.69,-2.687
86.193,-0.005297,0.007242,-0.007946,0.000153,-0.009494,-0.017287,-2.69,-2.6847
86.243,-0.006983,0.007214,-0.010475,0.000149,-0.00673,-0.017056,-2.69,-2.683
86.293,-0.008927,0.007207,-0.013391,0.000145,-0.007797,-0.021043,-2.69,-2.6811
86.344,-0.010709,0.007208,-0.016063,0.00014,-0.00716,-0.023084,-2.69,-2.6793
86.393,-0.011141,0.00722,-0.016712,0.000134,-0.001723,-0.0183,-2.69,-2.6789
86.442,-0.012615,0.007267,-0.018923,0.000128,-0.005904,-0.024699,-2.69,-2.6774
86.495,-0.011921,0.007335,-0.017882,0.000122,0.002758,-0.015002,-2.69,-2.6781
86.545,-0.012981,0.007429,-0.019472,0.000115,-0.004169,-0.023525,-2.69,-2.677
86.593,-0.01095,0.00752,-0.016425,0.00011,0.008301,-0.008014,-2.69,-2.679
86.644,-0.009764,0.007602,-0.014646,0.000105,0.004765,-0.009776,-2.69,-2.6802
86.693,-0.008146,0.007623,-0.012219,0.000101,0.006449,-0.005669,-2.69,-2.6818
86.742,-0.007332,0.007599,-0.010998,9.7e-05,0.003263,-0.007638,-2.69,-2.6827
86.794,-0.004898,0.007511,-0.007347,9.5e-05,0.009691,0.002438,-2.69,-2.6851
86.842,-0.001267,0.007364,-0.001901,9.4e-05,0.014547,0.012741,-2.69,-2.6887
86.893,0.003535,0.007256,0.005303,9.6e-05,0.019223,0.024622,-2.69,-2.6935
86.944,0.007943,0.007212,0.011914,0.0001,0.017635,0.029649,-2.69,-2.6979
86.992,0.011596,0.007233,0.017394,0.000106,0.014606,0.032106,-2.69,-2.7016
87.045,0.014191,0.007312,0.021287,0.000113,0.010347,0.031747,-2.69,-2.7042
87.092,0.011587,0.007374,0.01738,0.000119,-0.010467,0.007032,-2.69,-2.7016
87.142,0.011048,0.007448,0.016572,0.000124,-0.002147,0.014549,-2.69,-2.701
87.196,0.009751,0.007533,0.014626,0.000129,-0.005144,0.009611,-2.69,-2.6997
87.241,0.007834,0.007604,0.011751,0.000133,-0.007781,0.004102,-2.69,-2.6978
87.295,0.005438,0.007637,0.008158,0.000136,-0.009551,-0.001258,-2.69,-2.6954
87.345,0.002216,0.007641,0.003324,0.000137,-0.012888,-0.009428,-2.69,-2.6922
87.392,-0.001716,0.007628,-0.002574,0.000136,-0.015712,-0.01815,-2.69,-2.6883
87.442,-0.002651,0.007608,-0.003976,0.000135,-0.003731,-0.007573,-2.69,-2.6873
87.496,-0.002967,0.007592,-0.00445,0.000133,-0.001263,-0.00558,-2.69,-2.687
87.544,-0.001536,0.007569,-0.002304,0.000132,0.005745,0.003573,-2.69,-2.6885
87.592,-0.002524,0.007567,-0.003785,0.000131,-0.003931,-0.007585,-2.69,-2.6875
87.645,-0.002849,0.007571,-0.004273,0.00013,-0.001299,-0.005442,-2.69,-2.6871
87.694,-0.004014,0.007608,-0.006021,0.000128,-0.004646,-0.010539,-2.69,-2.686
87.744,-0.003503,0.007615,-0.005255,0.000126,0.002038,-0.003091,-2.69,-2.6865
87.795,-0.003577,0.007613,-0.005365,0.000124,-0.000294,-0.005535,-2.69,-2.6864
87.842,-0.002823,0.007588,-0.004234,0.000123,0.003041,-0.001071,-2.69,-2.6872
87.895,0.000502,0.00755,0.000753,0.000123,0.013241,0.014117,-2.69,-2.6905
87.947,0.003635,0.007555,0.005453,0.000125,0.012268,0.017845,-2.69,-2.6936
87.991,0.004425,0.007588,0.006638,0.000127,0.003253,0.010018,-2.69,-2.6944
88.045,0.006097,0.007627,0.009146,0.00013,0.006632,0.015908,-2.69,-2.6961
88.093,0.007125,0.007644,0.010687,0.000134,0.004127,0.014947,-2.69,-2.6971
88.143,0.006451,0.007627,0.009677,0.000137,-0.002694,0.00712,-2.69,-2.6964
88.192,0.005126,0.007578,0.00769,0.000139,-0.005309,0.00252,-2.69,-2.6951
88.244,0.003198,0.007483,0.004797,0.000141,-0.007669,-0.002731,-2.69,-2.6932
88.293,0.000351,0.007347,0.000526,0.000141,-0.011429,-0.010762,-2.69,-2.6903
88.345,-0.002802,0.007226,-0.004203,0.00014,-0.012451,-0.016514,-2.69,-2.6872
88.394,-0.003771,0.007119,-0.005657,0.000138,-0.003822,-0.009342,-2.69,-2.6862
88.443,-0.006324,0.007036,-0.009486,0.000135,-0.010435,-0.019786,-2.69,-2.6837
88.496,-0.006587,0.006949,-0.009881,0.000131,-0.001058,-0.010808,-2.69,-2.6834
88.545,-0.007807,0.00687,-0.01171,0.000127,-0.004867,-0.016449,-2.69,-2.6822
88.592,-0.008018,0.00681,-0.012027,0.000124,-0.000852,-0.012755,-2.69,-2.682
88.643,-0.009194,0.006804,-0.013791,0.000119,-0.004694,-0.018366,-2.69,-2.6808
88.693,-0.011924,0.006862,-0.017887,0.000113,-0.010867,-0.028641,-2.69,-2.6781
88.743,-0.013218,0.006989,-0.019827,0.000106,-0.005199,-0.024919,-2.69,-2.6768
88.794,-0.011236,0.00707,-0.016854,0.000101,0.007902,-0.008851,-2.69,-2.6788
88.845,-0.010655,0.007139,-0.015983,9.5e-05,0.002234,-0.013654,-2.69,-2.6793
88.891,-0.009169,0.007174,-0.013754,9.1e-05,0.006232,-0.007432,-2.69,-2.6808
88.947,-0.006158,0.007161,-0.009237,8.8e-05,0.011901,0.002752,-2.69,-2.6838
88.993,-0.00357,0.007108,-0.005355,8.6e-05,0.010426,0.005157,-2.69,-2.6864
89.043,-0.00184,0.007049,-0.002761,8.5e-05,0.00693,0.004254,-2.69,-2.6882
89.096,0.001258,0.007016,0.001888,8.6e-05,0.012356,0.014329,-2.69,-2.6913
89.142,0.004829,0.007042,0.007243,8.8e-05,0.014331,0.021662,-2.69,-2.6948
89.195,0.005996,0.007102,0.008995,9.1e-05,0.004662,0.013747,-2.69,-2.696
89.243,0.006116,0.007162,0.009174,9.4e-05,0.000479,0.009747,-2.69,-2.6961
89.293,0.005195,0.007205,0.007793,9.7e-05,-0.003687,0.004203,-2.69,-2.6952
89.342,0.003519,0.007209,0.005278,9.8e-05,-0.006729,-0.001353,-2.69,-2.6935
89.395,0.001527,0.007181,0.00229,9.9e-05,-0.007924,-0.005535,-2.69,-2.6915
89.442,0.000866,0.007139,0.0013,0.0001,-0.002655,-0.001256,-2.69,-2.6909
89.492,0.002292,0.007125,0.003437,0.000101,0.005704,0.009242,-2.69,-2.6923
89.546,0.002786,0.007126,0.00418,0.000102,0.001968,0.006249,-2.69,-2.6928
89.592,0.00381,0.007139,0.005714,0.000104,0.004106,0.009925,-2.69,-2.6938
89.645,0.00321,0.007124,0.004815,0.000106,-0.002399,0.002522,-2.69,-2.6932
89.696,0.00227,0.00708,0.003405,0.000107,-0.003756,-0.000244,-2.69,-2.6923
89.743,0.000781,0.007005,0.001172,0.000107,-0.005927,-0.004648,-2.69,-2.6908
89.795,0.000482,0.006893,0.000723,0.000107,-0.001204,-0.000374,-2.69,-2.6905
89.843,0.002985,0.00678,0.004478,0.000109,0.009984,0.014571,-2.69,-2.693
89.894,0.005018,0.006657,0.007528,0.000111,0.008153,0.015792,-2.69,-2.695
89.946,0.006327,0.006532,0.00949,0.000115,0.005062,0.014667,-2.69,-2.6963
89.993,0.007973,0.006417,0.01196,0.000119,0.006815,0.018893,-2.69,-2.698
90.044,0.010514,0.006328,0.015771,0.000124,0.010177,0.026072,-2.69,-2.7005
90.092,0.013157,0.0063,0.019736,0.00013,0.010566,0.030432,-2.69,-2.7032
90.143,0.014935,0.006339,0.022403,0.000138,0.007106,0.029646,-2.69,-2.7049
90.196,0.016197,0.006457,0.024295,0.000146,0.005045,0.029486,-2.69,-2.7062
90.242,0.014883,0.006585,0.022324,0.000153,-0.005272,0.017205,-2.69,-2.7049
90.295,0.011798,0.006662,0.017697,0.000159,-0.012259,0.005597,-2.69,-2.7018
90.348,0.008197,0.006686,0.012296,0.000163,-0.014413,-0.001954,-2.69,-2.6982
90.393,0.004966,0.006659,0.007449,0.000166,-0.012952,-0.005337,-2.69,-2.695
90.442,0.001037,0.006554,0.001555,0.000166,-0.015791,-0.014069,-2.69,-2.691
90.496,-0.000908,0.006411,-0.001362,0.000166,-0.007561,-0.008757,-2.69,-2.6891
90.542,-0.001971,0.006271,-0.002957,0.000165,-0.00435,-0.007142,-2.69,-2.688
90.596,-0.003915,0.006174,-0.005872,0.000163,-0.007764,-0.013474,-2.69,-2.6861
90.642,-0.008015,0.006126,-0.012023,0.000159,-0.016491,-0.028355,-2.69,-2.682
90.692,-0.012554,0.00613,-0.018831,0.000153,-0.018189,-0.036867,-2.69,-2.6774
90.745,-0.013696,0.006157,-0.020544,0.000146,-0.004521,-0.024919,-2.69,-2.6763
90.793,-0.013744,0.006204,-0.020615,0.000139,-0.000189,-0.020665,-2.69,-2.6763
90.842,-0.014138,0.006287,-0.021206,0.000132,-0.0016,-0.022675,-2.69,-2.6759
90.894,-0.015697,0.006415,-0.023546,0.000124,-0.006258,-0.029679,-2.69,-2.6743
90.943,-0.013817,0.006537,-0.020726,0.000117,0.007478,-0.013131,-2.69,-2.6762
90.992,-0.010289,0.006617,-0.015433,0.000112,0.014165,-0.001156,-2.69,-2.6797
91.045,-0.007379,0.00668,-0.011068,0.000108,0.011491,0.000531,-2.69,-2.6826
91.093,-0.003236,0.006707,-0.004853,0.000107,0.016759,0.012013,-2.69,-2.6868
91.145,0.001607,0.006693,0.00241,0.000108,0.019388,0.021906,-2.69,-2.6916
91.195,0.001436,0.006654,0.002154,0.000108,-0.000682,0.00158,-2.69,-2.6914
91.245,-0.000545,0.00659,-0.000818,0.000108,-0.007896,-0.008606,-2.69,-2.6894
91.298,-0.001699,0.006518,-0.002548,0.000107,-0.004575,-0.007015,-2.69,-2.6883
91.343,-0.003057,0.006441,-0.004585,0.000106,-0.005504,-0.009983,-2.69,-2.6869
91.396,-0.004968,0.00638,-0.007452,0.000103,-0.007644,-0.014993,-2.69,-2.685
91.444,-0.006336,0.006317,-0.009505,0.0001,-0.005448,-0.014853,-2.69,-2.6837
91.492,-0.008021,0.006278,-0.012032,9.6e-05,-0.00679,-0.018726,-2.69,-2.682
91.543,-0.009651,0.006244,-0.014477,9.1e-05,-0.006511,-0.020897,-2.69,-2.6803
91.595,-0.010243,0.006237,-0.015364,8.6e-05,-0.002332,-0.01761,-2.69,-2.6798
91.643,-0.010621,0.006246,-0.015931,8.1e-05,-0.001533,-0.017384,-2.69,-2.6794
91.695,-0.010255,0.006267,-0.015383,7.6e-05,0.001459,-0.013849,-2.69,-2.6797
91.742,-0.009703,0.006291,-0.014554,7.1e-05,0.002214,-0.012269,-2.69,-2.6803
91.794,-0.007914,0.006321,-0.011871,6.7e-05,0.00714,-0.004664,-2.69,-2.6821
91.844,-0.007023,0.006378,-0.010534,6.3e-05,0.003545,-0.006926,-2.69,-2.683
91.893,-0.006076,0.006404,-0.009114,6e-05,0.003811,-0.005243,-2.69,-2.6839
91.945,-0.004568,0.00637,-0.006852,5.8e-05,0.006026,-0.000769,-2.69,-2.6854
91.992,-0.00127,0.006267,-0.001905,5.7e-05,0.013201,0.011354,-2.69,-2.6887
92.043,0.00426,0.006168,0.00639,5.9e-05,0.0221,0.028549,-2.69,-2.6943
92.095,0.006255,0.006114,0.009383,6.3e-05,0.007967,0.017412,-2.69,-2.6962
92.143,0.011973,0.006123,0.01796,6.9e-05,0.022955,0.040983,-2.69,-2.702
92.193,0.014366,0.00617,0.021549,7.6e-05,0.009589,0.031213,-2.69,-2.7044
92.245,0.015178,0.006243,0.022768,8.3e-05,0.003251,0.026102,-2.69,-2.7052
92.293,0.012703,0.006316,0.019054,9e-05,-0.009887,0.009257,-2.69,-2.7027
92.343,0.010931,0.006403,0.016397,9.5e-05,-0.007081,0.009411,-2.69,-2.7009
92.395,0.010369,0.006489,0.015554,0.0001,-0.002248,0.013406,-2.69,-2.7004
92.443,0.00827,0.006546,0.012406,0.000104,-0.00837,0.00414,-2.69,-2.6983
92.495,0.006857,0.006585,0.010285,0.000108,-0.005692,0.004701,-2.69,-2.6969
92.544,0.003895,0.006608,0.005842,0.00011,-0.011745,-0.005793,-2.69,-2.6939
92.592,0.000741,0.00659,0.001112,0.00011,-0.012691,-0.011468,-2.69,-2.6907
92.645,-0.001245,0.006574,-0.001868,0.00011,-0.00792,-0.009678,-2.69,-2.6887
92.693,-0.000873,0.006543,-0.00131,0.000109,0.001492,0.000291,-2.69,-2.6891
92.742,-0.000126,0.006509,-0.000189,0.000109,0.002999,0.00292,-2.69,-2.6899
92.793,-0.001347,0.006487,-0.00202,0.000108,-0.004873,-0.006785,-2.69,-2.6886
92.843,-0.00239,0.006482,-0.003585,0.000107,-0.004181,-0.007658,-2.69,-2.6876
92.897,-0.003905,0.006516,-0.005857,0.000105,-0.006032,-0.011784,-2.69,-2.6861
92.942,-0.003187,0.006512,-0.00478,0.000104,0.002877,-0.001799,-2.69,-2.6868
92.994,-0.001338,0.006481,-0.002008,0.000103,0.007274,0.00537,-2.69,-2.6887
93.042,-6.8e-05,0.006421,-0.000102,0.000103,0.005173,0.005174,-2.69,-2.6899
93.092,0.002657,0.006376,0.003985,0.000104,0.010875,0.014964,-2.69,-2.6927
93.143,0.004106,0.006353,0.006159,0.000106,0.005793,0.012059,-2.69,-2.6941
93.193,0.005422,0.006356,0.008134,0.000109,0.005272,0.013514,-2.69,-2.6954
93.244,0.006164,0.006385,0.009246,0.000112,0.002987,0.012346,-2.69,-2.6962
93.292,0.007397,0.006456,0.011096,0.000116,0.004899,0.016111,-2.69,-2.6974
93.343,0.008494,0.006513,0.01274,0.00012,0.004369,0.01723,-2.69,-2.6985
93.395,0.007206,0.006547,0.010809,0.000124,-0.005133,0.005799,-2.69,-2.6972
93.442,0.004289,0.006527,0.006434,0.000126,-0.011801,-0.005241,-2.69,-2.6943
93.498,9.8e-05,0.006462,0.000147,0.000126,-0.016649,-0.016377,-2.69,-2.6901
93.542,-0.004708,0.006431,-0.007063,0.000124,-0.019366,-0.026305,-2.69,-2.6853
93.593,-0.005083,0.006401,-0.007624,0.000121,-0.001495,-0.008999,-2.69,-2.6849
93.643,-0.00665,0.006376,-0.009976,0.000118,-0.006277,-0.016135,-2.69,-2.6833
93.692,-0.007439,0.006331,-0.011158,0.000114,-0.003141,-0.014185,-2.69,-2.6826
93.743,-0.008223,0.006281,-0.012334,0.00011,-0.003129,-0.015353,-2.69,-2.6818
93.793,-0.008548,0.006254,-0.012822,0.000106,-0.001305,-0.014022,-2.69,-2.6814
93.847,-0.009249,0.00624,-0.013873,0.000101,-0.002808,-0.01658,-2.69,-2.6807
93.892,-0.01192,0.006268,-0.01788,9.5e-05,-0.010676,-0.028461,-2.69,-2.6781
93.945,-0.014991,0.006356,-0.022486,8.7e-05,-0.012254,-0.034653,-2.69,-2.675
93.993,-0.013505,0.006455,-0.020258,8.1e-05,0.005974,-0.014203,-2.69,-2.6765
94.046,-0.012335,0.00656,-0.018502,7.5e-05,0.004671,-0.013756,-2.69,-2.6777
94.094,-0.011204,0.00666,-0.016806,6.9e-05,0.004485,-0.012252,-2.69,-2.6788
94.142,-0.010072,0.006712,-0.015107,6.4e-05,0.004578,-0.010465,-2.69,-2.6799
94.195,-0.007094,0.006723,-0.010641,6e-05,0.011826,0.001245,-2.69,-2.6829
94.243,-0.005268,0.006715,-0.007902,5.8e-05,0.007326,-0.000518,-2.69,-2.6847
94.292,-0.001214,0.006675,-0.001821,5.7e-05,0.016268,0.014504,-2.69,-2.6888
94.35,0.002885,0.006669,0.004327,5.9e-05,0.016316,0.020702,-2.69,-2.6929
94.395,0.003127,0.006685,0.004691,6e-05,0.000962,0.005713,-2.69,-2.6931
94.442,0.002556,0.006702,0.003833,6.1e-05,-0.002311,0.001584,-2.69,-2.6925
94.498,-0.000628,0.006685,-0.000942,6.1e-05,-0.012184,-0.013065,-2.69,-2.6894
94.545,-0.002198,0.006679,-0.003297,6e-05,-0.00649,-0.009727,-2.69,-2.6878
94.595,-0.003795,0.006679,-0.005692,5.8e-05,-0.006486,-0.01212,-2.69,-2.6862
94.647,-0.002145,0.006668,-0.003217,5.7e-05,0.006584,0.003424,-2.69,-2.6878
94.696,-0.001197,0.006657,-0.001796,5.6e-05,0.003777,0.002037,-2.69,-2.6888
94.747,-0.001307,0.006663,-0.00196,5.6e-05,-0.000426,-0.00233,-2.69,-2.6887
94.796,-0.000717,0.006665,-0.001076,5.5e-05,0.002424,0.001403,-2.69,-2.6893
94.842,-0.001017,0.006645,-0.001526,5.5e-05,-0.001209,-0.00268,-2.69,-2.689
94.893,-0.000192,0.006597,-0.000289,5.5e-05,0.003294,0.00306,-2.69,-2.6898
94.946,0.000486,0.006539,0.000729,5.5e-05,0.002702,0.003487,-2.69,-2.6905
94.993,0.002182,0.006481,0.003272,5.6e-05,0.006801,0.01013,-2.69,-2.6922
95.044,0.004049,0.006416,0.006074,5.8e-05,0.007466,0.013598,-2.69,-2.694
95.093,0.00573,0.006342,0.008596,6.1e-05,0.006725,0.015382,-2.69,-2.6957
95.145,0.007799,0.006271,0.011698,6.5e-05,0.008298,0.020061,-2.69,-2.6978
95.192,0.010319,0.006212,0.015479,7e-05,0.010061,0.02561,-2.69,-2.7003
95.243,0.013664,0.0062,0.020496,7.7e-05,0.01338,0.033952,-2.69,-2.7037
95.296,0.017151,0.006253,0.025727,8.6e-05,0.013907,0.039719,-2.69,-2.7071
95.344,0.018132,0.006352,0.027198,9.5e-05,0.003949,0.031242,-2.69,-2.7081
95.392,0.018917,0.006492,0.028376,0.000104,0.003127,0.031607,-2.69,-2.7089
95.445,0.01835,0.006665,0.027525,0.000113,-0.002269,0.025369,-2.69,-2.7083
95.492,0.015096,0.006807,0.022645,0.000121,-0.013055,0.00971,-2.69,-2.7051
95.545,0.011062,0.006898,0.016592,0.000126,-0.016015,0.000703,-2.69,-2.7011
95.595,0.006606,0.006925,0.009909,0.00013,-0.017897,-0.007858,-2.69,-2.6966
95.642,0.001696,0.006862,0.002544,0.00013,-0.019711,-0.017037,-2.69,-2.6917
95.694,2.8e-05,0.006736,4.2e-05,0.00013,-0.006478,-0.006305,-2.69,-2.69
95.746,-0.000671,0.006606,-0.001007,0.00013,-0.002866,-0.003743,-2.69,-2.6893
95.793,-0.003355,0.006502,-0.005032,0.000128,-0.010744,-0.015648,-2.69,-2.6866
95.846,-0.00681,0.006429,-0.010215,0.000125,-0.013868,-0.023958,-2.69,-2.6832
95.893,-0.00849,0.006357,-0.012735,0.000121,-0.006722,-0.019336,-2.69,-2.6815
95.943,-0.010327,0.006322,-0.015491,0.000116,-0.007337,-0.022712,-2.69,-2.6797
95.995,-0.010218,0.006321,-0.015327,0.000111,0.000435,-0.014781,-2.69,-2.6798
96.042,-0.011761,0.006365,-0.017641,0.000105,-0.006202,-0.023739,-2.69,-2.6782
96.092,-0.015076,0.006483,-0.022615,9.7e-05,-0.0133,-0.035818,-2.69,-2.6749
96.145,-0.01493,0.006617,-0.022395,9e-05,0.000579,-0.021727,-2.69,-2.6751
96.192,-0.012685,0.006729,-0.019027,8.3e-05,0.009067,-0.009877,-2.69,-2.6773
96.245,-0.009418,0.006818,-0.014127,7.9e-05,0.013066,-0.000983,-2.69,-2.6806
96.293,-0.00543,0.006855,-0.008145,7.6e-05,0.015942,0.007873,-2.69,-2.6846
96.342,-0.001065,0.006835,-0.001598,7.5e-05,0.01747,0.015947,-2.69,-2.6889
96.394,-0.000133,0.006787,-0.000199,7.5e-05,0.003675,0.003551,-2.69,-2.6899
96.442,-0.001266,0.006736,-0.001898,7.5e-05,-0.004592,-0.006416,-2.69,-2.6887
96.499,-0.002226,0.006678,-0.003339,7.4e-05,-0.003821,-0.007086,-2.69,-2.6878
96.545,-0.0036,0.006618,-0.005401,7.2e-05,-0.00552,-0.010849,-2.69,-2.6864
96.593,-0.00466,0.006562,-0.00699,6.9e-05,-0.004254,-0.011175,-2.69,-2.6853
96.645,-0.006376,0.00652,-0.009564,6.6e-05,-0.006842,-0.01634,-2.69,-2.6836
96.696,-0.008938,0.006506,-0.013407,6.2e-05,-0.010289,-0.023634,-2.69,-2.6811
96.743,-0.010447,0.006514,-0.01567,5.7e-05,-0.006017,-0.021631,-2.69,-2.6795
96.795,-0.010663,0.006541,-0.015995,5.1e-05,-0.00087,-0.016814,-2.69,-2.6793
96.842,-0.010443,0.006575,-0.015665,4.6e-05,0.000881,-0.014738,-2.69,-2.6796
96.896,-0.009616,0.006611,-0.014424,4.1e-05,0.003303,-0.01108,-2.69,-2.6804
96.943,-0.008843,0.006654,-0.013264,3.7e-05,0.003085,-0.010143,-2.69,-2.6812
96.993,-0.007425,0.006715,-0.011138,3.3e-05,0.005684,-0.005421,-2.69,-2.6826
97.046,-0.007116,0.006744,-0.010675,3e-05,0.00124,-0.009406,-2.69,-2.6829
97.093,-0.006584,0.006747,-0.009875,2.6e-05,0.002126,-0.007723,-2.69,-2.6834
97.146,-0.005228,0.00668,-0.007841,2.4e-05,0.005409,-0.002408,-2.69,-2.6848
97.192,-0.002609,0.006562,-0.003913,2.2e-05,0.010503,0.006612,-2.69,-2.6874
97.243,0.003246,0.006443,0.004869,2.4e-05,0.023414,0.028306,-2.69,-2.6932
97.296,0.005128,0.006367,0.007692,2.6e-05,0.007502,0.01522,-2.69,-2.6951
97.343,0.009539,0.006353,0.014309,3.1e-05,0.017676,0.032016,-2.69,-2.6995
97.393,0.013209,0.006381,0.019813,3.8e-05,0.014707,0.034557,-2.69,-2.7032
97.441,0.015115,0.00645,0.022672,4.5e-05,0.007647,0.030364,-2.69,-2.7051
97.495,0.013416,0.006515,0.020124,5.2e-05,-0.006742,0.013434,-2.69,-2.7034
97.541,0.012456,0.006601,0.018684,5.8e-05,-0.003877,0.014865,-2.69,-2.7025
97.593,0.01141,0.006708,0.017115,6.4e-05,-0.004171,0.013008,-2.69,-2.7014
97.649,0.008987,0.006785,0.013481,6.9e-05,-0.009685,0.003865,-2.69,-2.699
97.694,0.005073,0.006827,0.00761,7.1e-05,-0.015672,-0.007991,-2.69,-2.6951
97.743,0.000941,0.006835,0.001411,7.2e-05,-0.016508,-0.015025,-2.69,-2.6909
97.793,-0.003093,0.006853,-0.00464,7e-05,-0.016094,-0.020664,-2.69,-2.6869
97.847,-0.004184,0.006871,-0.006275,6.8e-05,-0.00437,-0.010577,-2.69,-2.6858
97.892,-0.005943,0.006891,-0.008915,6.5e-05,-0.00704,-0.01589,-2.69,-2.6841
97.947,-0.003053,0.00689,-0.00458,6.3e-05,0.011533,0.007017,-2.69,-2.6869
97.994,-0.004196,0.006918,-0.006293,6.1e-05,-0.004539,-0.010771,-2.69,-2.6858
98.043,-0.005731,0.006975,-0.008596,5.8e-05,-0.006183,-0.014721,-2.69,-2.6843
98.094,-0.006428,0.007013,-0.009642,5.5e-05,-0.002796,-0.012383,-2.69,-2.6836
98.145,-0.004963,0.007021,-0.007444,5.3e-05,0.005868,-0.001524,-2.69,-2.685
98.192,-0.004237,0.007009,-0.006355,5.1e-05,0.002895,-0.00341,-2.69,-2.6858
98.245,-0.003045,0.006978,-0.004567,4.9e-05,0.004728,0.000211,-2.69,-2.6869
98.294,-0.000319,0.006907,-0.000479,4.9e-05,0.010988,0.010557,-2.69,-2.6897
98.342,0.003069,0.006853,0.004604,5e-05,0.013613,0.018268,-2.69,-2.6931
98.393,0.003754,0.006819,0.00563,5.2e-05,0.002727,0.00841,-2.69,-2.6937
98.443,0.007478,0.006851,0.011217,5.6e-05,0.014867,0.02614,-2.69,-2.6975
98.496,0.008788,0.006937,0.013182,6e-05,0.005245,0.018487,-2.69,-2.6988
98.545,0.009621,0.006987,0.014431,6.5e-05,0.003329,0.017825,-2.69,-2.6996
98.593,0.008548,0.007021,0.012822,7e-05,-0.0043,0.008592,-2.69,-2.6985
98.642,0.006031,0.007015,0.009046,7.3e-05,-0.010115,-0.000996,-2.69,-2.696
98.693,0.00263,0.006967,0.003944,7.4e-05,-0.013485,-0.009467,-2.69,-2.6926
98.743,-0.000537,0.00689,-0.000805,7.4e-05,-0.012728,-0.01346,-2.69,-2.6895
98.797,-0.000984,0.006814,-0.001477,7.3e-05,-0.001762,-0.003166,-2.69,-2.689
98.843,-0.003457,0.006757,-0.005186,7.1e-05,-0.010048,-0.015162,-2.69,-2.6865
98.896,-0.005492,0.006692,-0.008238,6.9e-05,-0.008147,-0.016316,-2.69,-2.6845
98.944,-0.005739,0.0066,-0.008609,6.6e-05,-0.000982,-0.009525,-2.69,-2.6843
98.992,-0.006724,0.006532,-0.010085,6.2e-05,-0.003962,-0.013985,-2.69,-2.6833
99.041,-0.007358,0.006482,-0.011037,5.9e-05,-0.002554,-0.013532,-2.69,-2.6826
99.096,-0.009749,0.006468,-0.014624,5.4e-05,-0.009496,-0.024066,-2.69,-2.6802
99.142,-0.009666,0.006464,-0.014499,4.9e-05,0.000335,-0.014115,-2.69,-2.6803
99.194,-0.008614,0.006479,-0.012921,4.5e-05,0.004164,-0.008712,-2.69,-2.6814
99.245,-0.007208,0.006498,-0.010812,4.1e-05,0.005618,-0.005152,-2.69,-2.6828
99.293,-0.006124,0.006547,-0.009186,3.8e-05,0.004372,-0.004776,-2.69,-2.6839
99.349,-0.004771,0.006566,-0.007157,3.6e-05,0.005403,-0.001718,-2.69,-2.6852
99.393,-0.002154,0.006556,-0.003231,3.5e-05,0.010484,0.007288,-2.69,-2.6878
99.442,0.001275,0.006544,0.001912,3.5e-05,0.013716,0.015664,-2.69,-2.6913
99.494,0.0034,0.006571,0.005099,3.7e-05,0.008492,0.013628,-2.69,-2.6934
99.545,0.005969,0.006609,0.008953,4e-05,0.010275,0.019267,-2.69,-2.696
99.592,0.005495,0.006626,0.008243,4.3e-05,-0.001903,0.006382,-2.69,-2.6955
99.647,0.003329,0.006638,0.004993,4.4e-05,-0.008611,-0.003574,-2.69,-2.6933
99.693,0.000725,0.006633,0.001088,4.5e-05,-0.010443,-0.009311,-2.69,-2.6907
99.747,-0.0029,0.006649,-0.00435,4.3e-05,-0.014453,-0.01876,-2.69,-2.6871
99.792,-0.004079,0.006683,-0.006119,4.1e-05,-0.004741,-0.010818,-2.69,-2.6859
99.842,-0.004389,0.006716,-0.006583,3.9e-05,-0.00124,-0.007784,-2.69,-2.6856
99.896,-0.004808,0.006763,-0.007212,3.7e-05,-0.001673,-0.008849,-2.69,-2.6852
99.942,-0.005023,0.006808,-0.007535,3.4e-05,-0.000862,-0.008363,-2.69,-2.685
99.992,-0.005803,0.006844,-0.008704,3.1e-05,-0.003116,-0.011789,-2.69,-2.6842
100.049,-0.005834,0.006862,-0.00875,2.8e-05,-0.000122,-0.008844,-2.69,-2.6842
100.092,-0.006039,0.006865,-0.009058,2.5e-05,-0.000826,-0.009859,-2.69,-2.684
100.146,-0.006064,0.006848,-0.009096,2.2e-05,-0.000102,-0.009176,-2.69,-2.6839
100.192,-0.00538,0.006798,-0.008071,2e-05,0.002744,-0.005307,-2.69,-2.6846
100.242,-0.004161,0.006703,-0.006242,1.7e-05,0.004857,-0.001367,-2.69,-2.6858
100.293,-0.003329,0.006565,-0.004994,1.6e-05,0.003323,-0.001655,-2.69,-2.6867
100.343,-0.00192,0.006403,-0.00288,1.5e-05,0.005645,0.00278,-2.69,-2.6881
100.396,0.001061,0.006224,0.001591,1.5e-05,0.011908,0.013514,-2.69,-2.6911
100.443,0.00427,0.006084,0.006405,1.7e-05,0.012874,0.019297,-2.69,-2.6943
100.492,0.007234,0.006005,0.010852,2.1e-05,0.011854,0.022727,-2.69,-2.6972
100.545,0.007023,0.005965,0.010535,2.5e-05,-0.00084,0.00972,-2.69,-2.697
100.592,0.007125,0.00597,0.010688,2.8e-05,0.00041,0.011125,-2.69,-2.6971
100.645,0.006797,0.006021,0.010195,3.2e-05,-0.001308,0.008918,-2.69,-2.6968
100.692,0.004732,0.006068,0.007099,3.4e-05,-0.008252,-0.001119,-2.69,-2.6947
100.745,0.002576,0.006087,0.003864,3.5e-05,-0.008537,-0.004637,-2.69,-2.6926
100.795,0.000592,0.006059,0.000888,3.6e-05,-0.008024,-0.0071,-2.69,-2.6906
100.843,-0.001295,0.006004,-0.001942,3.5e-05,-0.007524,-0.009431,-2.69,-2.6887
100.892,-0.002639,0.005946,-0.003959,3.4e-05,-0.005404,-0.009329,-2.69,-2.6874
100.943,-0.005025,0.005893,-0.007537,3.1e-05,-0.009516,-0.017023,-2.69,-2.685
100.993,-0.005788,0.005848,-0.008683,2.8e-05,-0.003053,-0.011707,-2.69,-2.6842
101.045,-0.007551,0.005806,-0.011327,2.4e-05,-0.007054,-0.018357,-2.69,-2.6824
101.092,-0.008846,0.005744,-0.013269,2e-05,-0.005192,-0.018441,-2.69,-2.6811
101.145,-0.008111,0.005676,-0.012167,1.6e-05,0.002852,-0.009299,-2.69,-2.6819
101.192,-0.008106,0.00563,-0.012159,1.2e-05,2.2e-05,-0.012125,-2.69,-2.6819
101.247,-0.007565,0.005611,-0.011347,8e-06,0.002159,-0.00918,-2.69,-2.6824
101.292,-0.008657,0.005644,-0.012985,4e-06,-0.004381,-0.017363,-2.69,-2.6813
101.343,-0.007684,0.00571,-0.011526,-0.0,0.003876,-0.00765,-2.69,-2.6823
101.396,-0.005203,0.00576,-0.007805,-3e-06,0.009825,0.002017,-2.69,-2.6848
101.443,-0.001534,0.005763,-0.002302,-3e-06,0.014803,0.012498,-2.69,-2.6885
101.495,0.003273,0.005774,0.004909,-2e-06,0.019278,0.024185,-2.69,-2.6933
101.543,0.005143,0.005789,0.007715,1e-06,0.007451,0.015166,-2.69,-2.6951
101.592,0.005022,0.005793,0.007533,3e-06,-0.000485,0.007051,-2.69,-2.695
101.643,0.00349,0.005764,0.005236,5e-06,-0.006148,-0.000908,-2.69,-2.6935
101.697,0.003599,0.00571,0.005398,7e-06,0.000431,0.005836,-2.69,-2.6936
101.742,0.002132,0.005627,0.003198,8e-06,-0.005866,-0.002659,-2.69,-2.6921
101.794,0.000868,0.005529,0.001302,8e-06,-0.005011,-0.003701,-2.69,-2.6909
101.845,-0.001132,0.005436,-0.001699,8e-06,-0.008006,-0.009697,-2.69,-2.6889
101.892,-0.003638,0.005376,-0.005457,6e-06,-0.010116,-0.015568,-2.69,-2.6864
101.944,-0.00666,0.005355,-0.00999,3e-06,-0.011985,-0.021973,-2.69,-2.6833
101.993,-0.006827,0.005349,-0.010241,-1e-06,-0.000673,-0.010915,-2.69,-2.6832
102.043,-0.005456,0.005332,-0.008184,-4e-06,0.005469,-0.002719,-2.69,-2.6845
102.094,-0.005241,0.005319,-0.007861,-6e-06,0.000865,-0.007002,-2.69,-2.6848
102.142,-0.005221,0.005319,-0.007832,-9e-06,7.9e-05,-0.007762,-2.69,-2.6848
102.193,-0.004933,0.005342,-0.0074,-1.1e-05,0.001151,-0.00626,-2.69,-2.6851
102.243,-0.005747,0.005367,-0.008621,-1.4e-05,-0.003253,-0.011888,-2.69,-2.6842
102.293,-0.004373,0.005359,-0.00656,-1.6e-05,0.005516,-0.00106,-2.69,-2.6856
102.343,-0.004846,0.005312,-0.007269,-1.9e-05,-0.001887,-0.009175,-2.69,-2.6851
102.392,-0.00264,0.005207,-0.00396,-2e-05,0.008834,0.004854,-2.69,-2.6874
102.447,0.001156,0.005067,0.001733,-2e-05,0.015113,0.016827,-2.69,-2.6911
102.492,0.004955,0.004982,0.007432,-1.7e-05,0.015261,0.022676,-2.69,-2.6949
102.543,0.007551,0.004933,0.011327,-1.3e-05,0.01038,0.021694,-2.69,-2.6975
102.594,0.009461,0.004914,0.014191,-9e-06,0.007639,0.021822,-2.69,-2.6995
102.643,0.010889,0.004933,0.016334,-3e-06,0.0057,0.022031,-2.69,-2.7009
102.691,0.011252,0.004995,0.016877,3e-06,0.00146,0.01834,-2.69,-2.7012
102.743,0.009858,0.005084,0.014787,7e-06,-0.005546,0.009249,-2.69,-2.6999
102.792,0.007828,0.005131,0.011742,1.1e-05,-0.00812,0.003633,-2.69,-2.6978
102.843,0.003652,0.005126,0.005478,1.3e-05,-0.016628,-0.011137,-2.69,-2.6936
102.896,0.000547,0.005072,0.00082,1.3e-05,-0.012375,-0.011542,-2.69,-2.6905
102.943,-0.003658,0.005078,-0.005487,1.2e-05,-0.016958,-0.022434,-2.69,-2.6863
102.996,-0.00693,0.005105,-0.010395,8e-06,-0.013095,-0.023482,-2.69,-2.6831
103.043,-0.007307,0.005121,-0.010961,5e-06,-0.00151,-0.012466,-2.69,-2.6827
103.093,-0.006762,0.005124,-0.010143,1e-06,0.002182,-0.00796,-2.69,-2.6832
103.142,-0.006838,0.005143,-0.010257,-2e-06,-0.000306,-0.010565,-2.69,-2.6832
103.195,-0.008205,0.005183,-0.012307,-6e-06,-0.005384,-0.017697,-2.69,-2.6818
103.242,-0.009785,0.00525,-0.014678,-1.1e-05,-0.006426,-0.021115,-2.69,-2.6802
103.293,-0.009822,0.005345,-0.014733,-1.6e-05,-0.000148,-0.014897,-2.69,-2.6802
103.344,-0.008075,0.005395,-0.012112,-2e-05,0.007003,-0.005129,-2.69,-2.6819
103.393,-0.007173,0.00543,-0.01076,-2.4e-05,0.003598,-0.007185,-2.69,-2.6828
103.444,-0.005637,0.005411,-0.008456,-2.7e-05,0.006172,-0.002311,-2.69,-2.6844
103.492,-0.003065,0.005354,-0.004597,-2.8e-05,0.010257,0.005632,-2.69,-2.6869
103.545,-0.0002,0.00526,-0.0003,-2.8e-05,0.01146,0.011132,-2.69,-2.6898
103.596,0.001415,0.005188,0.002123,-2.7e-05,0.00641,0.008505,-2.69,-2.6914
103.642,0.005234,0.00518,0.007851,-2.5e-05,0.015402,0.023228,-2.69,-2.6952
103.695,0.009561,0.00525,0.014342,-2e-05,0.017246,0.031567,-2.69,-2.6996
103.741,0.009402,0.005338,0.014103,-1.5e-05,-0.000642,0.013446,-2.69,-2.6994
103.795,0.007786,0.005406,0.011678,-1.2e-05,-0.006409,0.005258,-2.69,-2.6978
103.847,0.006019,0.005432,0.009029,-8e-06,-0.0069,0.002121,-2.69,-2.696
103.892,0.003697,0.005414,0.005546,-7e-06,-0.009553,-0.004014,-2.69,-2.6937
103.946,0.001175,0.005368,0.001763,-6e-06,-0.010089,-0.008332,-2.69,-2.6912
103.992,-0.000109,0.005302,-0.000164,-6e-06,-0.00513,-0.0053,-2.69,-2.6899
104.044,-0.000291,0.005232,-0.000436,-6e-06,-0.000727,-0.001169,-2.69,-2.6897
104.097,-0.000223,0.005136,-0.000334,-6e-06,0.000271,-6.9e-05,-2.69,-2.6898
104.141,0.000531,0.005045,0.000796,-6e-06,0.003024,0.003814,-2.69,-2.6905
104.192,-0.000798,0.004967,-0.001197,-6e-06,-0.005312,-0.006516,-2.69,-2.6892
104.243,-0.002566,0.00492,-0.003849,-8e-06,-0.007044,-0.010901,-2.69,-2.6874
104.293,-0.003731,0.004896,-0.005597,-1e-05,-0.004669,-0.010275,-2.69,-2.6863
104.343,-0.002383,0.004873,-0.003574,-1.1e-05,0.00537,0.001785,-2.69,-2.6876
104.393,-0.001518,0.004866,-0.002277,-1.2e-05,0.003478,0.00119,-2.69,-2.6885
104.443,-0.000403,0.004858,-0.000604,-1.2e-05,0.004431,0.003815,-2.69,-2.6896
104.492,1.6e-05,0.004824,2.4e-05,-1.2e-05,0.001687,0.0017,-2.69,-2.69
104.543,0.001615,0.00478,0.002422,-1.1e-05,0.006361,0.008772,-2.69,-2.6916
104.592,0.004542,0.004771,0.006813,-9e-06,0.01177,0.018574,-2.69,-2.6945
104.645,0.0076,0.004813,0.0114,-5e-06,0.012185,0.023581,-2.69,-2.6976
104.694,0.011294,0.004919,0.016941,1e-06,0.014723,0.031664,-2.69,-2.7013
104.743,0.01368,0.005027,0.02052,8e-06,0.009551,0.030078,-2.69,-2.7037
104.793,0.01303,0.005116,0.019545,1.4e-05,-0.002607,0.016952,-2.69,-2.703
104.842,0.010113,0.005174,0.01517,1.9e-05,-0.011632,0.003557,-2.69,-2.7001
104.894,0.006881,0.005194,0.010322,2.3e-05,-0.01287,-0.002526,-2.69,-2.6969
104.942,0.002356,0.005168,0.003534,2.4e-05,-0.018193,-0.014635,-2.69,-2.6924
104.993,-3e-05,0.00511,-4.5e-05,2.4e-05,-0.009556,-0.009578,-2.69,-2.69
105.043,-0.001269,0.005064,-0.001903,2.3e-05,-0.004944,-0.006825,-2.69,-2.6887
105.092,-0.003859,0.005042,-0.005788,2.1e-05,-0.010394,-0.01616,-2.69,-2.6861
105.143,-0.005832,0.00504,-0.008747,1.8e-05,-0.0079,-0.016629,-2.69,-2.6842
105.193,-0.008218,0.005068,-0.012328,1.4e-05,-0.009499,-0.021813,-2.69,-2.6818
105.243,-0.008753,0.005114,-0.01313,1e-05,-0.002148,-0.015267,-2.69,-2.6812
105.296,-0.007275,0.005154,-0.010912,6e-06,0.005885,-0.005021,-2.69,-2.6827
105.343,-0.008401,0.005219,-0.012601,2e-06,-0.004522,-0.017121,-2.69,-2.6816
105.392,-0.009063,0.005299,-0.013594,-3e-06,-0.002654,-0.01625,-2.69,-2.6809
105.445,-0.009455,0.005351,-0.014183,-7e-06,-0.00156,-0.01575,-2.69,-2.6805
105.495,-0.007881,0.005357,-0.011822,-1.1e-05,0.006305,-0.005528,-2.69,-2.6821
105.543,-0.006123,0.005348,-0.009185,-1.4e-05,0.007063,-0.002135,-2.69,-2.6839
105.593,-0.003629,0.005313,-0.005443,-1.6e-05,0.00998,0.004521,-2.69,-2.6864
105.643,0.000199,0.005247,0.000298,-1.6e-05,0.015265,0.015547,-2.69,-2.6902
105.693,0.002627,0.005226,0.00394,-1.5e-05,0.00972,0.013645,-2.69,-2.6926
105.745,0.003603,0.005236,0.005405,-1.3e-05,0.003897,0.009289,-2.69,-2.6936
105.792,0.004247,0.005273,0.006371,-1.1e-05,0.002586,0.008946,-2.69,-2.6942
105.845,0.004339,0.005303,0.006509,-9e-06,0.000365,0.006865,-2.69,-2.6943
105.893,0.002263,0.0053,0.003394,-7e-06,-0.008334,-0.004947,-2.69,-2.6923
105.943,0.000145,0.005251,0.000218,-7e-06,-0.008443,-0.008232,-2.69,-2.6901
105.993,-0.002177,0.005215,-0.003265,-8e-06,-0.009256,-0.012529,-2.69,-2.6878
106.043,-0.003801,0.005177,-0.005701,-1e-05,-0.006423,-0.012135,-2.69,-2.6862
106.092,-0.004723,0.005136,-0.007085,-1.3e-05,-0.003771,-0.010869,-2.69,-2.6853
106.145,-0.005822,0.005113,-0.008733,-1.6e-05,-0.004365,-0.013114,-2.69,-2.6842
106.192,-0.006098,0.005093,-0.009147,-1.9e-05,-0.001107,-0.010272,-2.69,-2.6839
106.243,-0.007004,0.005087,-0.010506,-2.2e-05,-0.00362,-0.014148,-2.69,-2.683
106.294,-0.00641,0.005065,-0.009615,-2.5e-05,0.002345,-0.007296,-2.69,-2.6836
106.342,-0.006522,0.005053,-0.009783,-2.9e-05,-0.000453,-0.010265,-2.69,-2.6835
106.393,-0.007028,0.005071,-0.010541,-3.2e-05,-0.002024,-0.012597,-2.69,-2.683
106.443,-0.007805,0.005134,-0.011707,-3.6e-05,-0.003103,-0.014846,-2.69,-2.6822
106.495,-0.008139,0.005183,-0.012208,-4e-05,-0.001334,-0.013582,-2.69,-2.6819
106.545,-0.00601,0.005191,-0.009015,-4.3e-05,0.00854,-0.000518,-2.69,-2.684
106.593,-0.002633,0.005168,-0.00395,-4.4e-05,0.013511,0.009517,-2.69,-2.6874
106.643,0.001825,0.005151,0.002737,-4.4e-05,0.01781,0.020504,-2.69,-2.6918
106.693,0.007299,0.005188,0.010949,-4e-05,0.021904,0.032813,-2.69,-2.6973
106.742,0.009957,0.005266,0.014936,-3.5e-05,0.010654,0.025555,-2.69,-2.7
106.795,0.009685,0.005354,0.014528,-3e-05,-0.001086,0.013412,-2.69,-2.6997
106.844,0.011273,0.005456,0.01691,-2.4e-05,0.006364,0.02325,-2.69,-2.7013
106.893,0.011185,0.005531,0.016777,-1.9e-05,-0.000354,0.016405,-2.69,-2.7012
106.944,0.010425,0.005569,0.015638,-1.4e-05,-0.003029,0.012596,-2.69,-2.7004
106.992,0.007816,0.005579,0.011724,-1e-05,-0.010479,0.001236,-2.69,-2.6978
107.046,0.004117,0.005565,0.006175,-8e-06,-0.014592,-0.008425,-2.69,-2.6941
107.092,-0.000189,0.005515,-0.000283,-8e-06,-0.017435,-0.017725,-2.69,-2.6898
107.143,-0.004194,0.005505,-0.006291,-1e-05,-0.016019,-0.02232,-2.69,-2.6858
107.195,-0.004296,0.005498,-0.006444,-1.2e-05,-0.000408,-0.006864,-2.69,-2.6857
107.242,-0.004807,0.005489,-0.007211,-1.4e-05,-0.002042,-0.009267,-2.69,-2.6852
107.294,-0.006059,0.005506,-0.009088,-1.7e-05,-0.004941,-0.014046,-2.69,-2.6839
107.345,-0.006721,0.005524,-0.010081,-2.1e-05,-0.002672,-0.012774,-2.69,-2.6833
107.393,-0.007326,0.005571,-0.010989,-2.4e-05,-0.002435,-0.013449,-2.69,-2.6827
107.446,-0.006949,0.005629,-0.010423,-2.8e-05,0.001505,-0.008946,-2.69,-2.683
107.493,-0.005982,0.005639,-0.008972,-3.1e-05,0.00388,-0.005124,-2.69,-2.684
107.543,-0.00489,0.005613,-0.007336,-3.3e-05,0.004373,-0.002995,-2.69,-2.6851
107.595,-0.002606,0.005544,-0.003908,-3.5e-05,0.009083,0.00514,-2.69,-2.6874
107.642,0.000381,0.005439,0.000571,-3.4e-05,0.012018,0.012555,-2.69,-2.6904
107.698,0.002246,0.005349,0.00337,-3.3e-05,0.007463,0.010799,-2.69,-2.6922
107.745,0.004004,0.005291,0.006005,-3.1e-05,0.006902,0.012876,-2.69,-2.694
107.794,0.006067,0.005273,0.009101,-2.8e-05,0.008419,0.017492,-2.69,-2.6961
107.846,0.008355,0.00532,0.012533,-2.4e-05,0.009039,0.021548,-2.69,-2.6983
107.892,0.009831,0.005413,0.014746,-1.9e-05,0.005967,0.020694,-2.69,-2.6998
107.942,0.009017,0.005467,0.013525,-1.5e-05,-0.003268,0.010243,-2.69,-2.699
107.993,0.00774,0.005475,0.01161,-1.1e-05,-0.00509,0.006509,-2.69,-2.6977
108.044,0.003482,0.005436,0.005223,-9e-06,-0.016771,-0.011557,-2.69,-2.6935
108.095,0.000552,0.005374,0.000829,-9e-06,-0.011877,-0.011057,-2.69,-2.6905
108.142,-0.004022,0.005346,-0.006033,-1.1e-05,-0.018283,-0.024327,-2.69,-2.686
108.195,-0.006824,0.005332,-0.010236,-1.4e-05,-0.011244,-0.021495,-2.69,-2.6832
108.243,-0.007166,0.005306,-0.010749,-1.8e-05,-0.001367,-0.012133,-2.69,-2.6828
108.293,-0.008308,0.005291,-0.012461,-2.2e-05,-0.004565,-0.017048,-2.69,-2.6817
108.342,-0.009412,0.005304,-0.014118,-2.7e-05,-0.004434,-0.018578,-2.69,-2.6806
108.396,-0.011367,0.005346,-0.01705,-3.2e-05,-0.007778,-0.02486,-2.69,-2.6786
108.444,-0.012321,0.005413,-0.018481,-3.9e-05,-0.003834,-0.022354,-2.69,-2.6777
108.493,-0.011643,0.005499,-0.017464,-4.4e-05,0.002704,-0.014804,-2.69,-2.6784
108.544,-0.008518,0.005582,-0.012777,-4.9e-05,0.01254,-0.000286,-2.69,-2.6815
108.592,-0.00721,0.00564,-0.010815,-5.2e-05,0.005226,-0.005642,-2.69,-2.6828
108.643,-0.004443,0.005632,-0.006665,-5.4e-05,0.011073,0.004354,-2.69,-2.6856
108.693,-0.00257,0.005562,-0.003856,-5.6e-05,0.007484,0.003573,-2.69,-2.6874
108.743,0.000396,0.005472,0.000594,-5.6e-05,0.011848,0.012387,-2.69,-2.6904
108.795,0.002081,0.005415,0.003121,-5.4e-05,0.006726,0.009792,-2.69,-2.6921
108.842,0.006379,0.005419,0.009569,-5.1e-05,0.01722,0.026738,-2.69,-2.6964
108.893,0.010992,0.005492,0.016488,-4.6e-05,0.018436,0.034878,-2.69,-2.701
108.943,0.010235,0.005582,0.015352,-4.1e-05,-0.003018,0.012294,-2.69,-2.7002
108.992,0.007568,0.005657,0.011351,-3.7e-05,-0.010729,0.000586,-2.69,-2.6976
109.047,0.005662,0.005711,0.008493,-3.4e-05,-0.007596,0.000863,-2.69,-2.6957
109.092,0.003376,0.005742,0.005064,-3.2e-05,-0.009178,-0.004147,-2.69,-2.6934
109.143,0.001049,0.005747,0.001573,-3.2e-05,-0.0093,-0.007758,-2.69,-2.691
109.195,0.000159,0.005741,0.000238,-3.2e-05,-0.003557,-0.003351,-2.69,-2.6902
109.247,-0.00101,0.005725,-0.001515,-3.2e-05,-0.00456,-0.006107,-2.69,-2.689
109.292,-0.001606,0.005704,-0.002409,-3.3e-05,-0.002458,-0.0049,-2.69,-2.6884
109.345,-0.002275,0.005703,-0.003413,-3.4e-05,-0.002662,-0.006109,-2.69,-2.6877
109.392,-0.002804,0.005716,-0.004206,-3.6e-05,-0.002124,-0.006365,-2.69,-2.6872
109.447,-0.003389,0.005746,-0.005084,-3.7e-05,-0.002329,-0.00745,-2.69,-2.6866
109.492,-0.004286,0.005788,-0.006429,-3.9e-05,-0.003602,-0.01007,-2.69,-2.6857
109.543,-0.003556,0.005808,-0.005334,-4.1e-05,0.002912,-0.002463,-2.69,-2.6864
109.595,-0.002334,0.005786,-0.003501,-4.2e-05,0.004901,0.001357,-2.69,-2.6877
109.642,-0.00194,0.005729,-0.002909,-4.3e-05,0.001579,-0.001374,-2.69,-2.6881
109.691,-0.000503,0.005621,-0.000754,-4.4e-05,0.005767,0.00497,-2.69,-2.6895
109.745,0.001187,0.005496,0.00178,-4.3e-05,0.006728,0.008465,-2.69,-2.6912
109.792,0.004131,0.005407,0.006197,-4.1e-05,0.011824,0.017981,-2.69,-2.6941
109.845,0.006532,0.005371,0.009798,-3.8e-05,0.009562,0.019322,-2.69,-2.6965
109.894,0.009011,0.005393,0.013516,-3.3e-05,0.009948,0.023431,-2.69,-2.699
109.943,0.009624,0.005465,0.014436,-2.8e-05,0.002445,0.016853,-2.69,-2.6996
109.992,0.008006,0.005545,0.012009,-2.4e-05,-0.006454,0.005531,-2.69,-2.698
110.044,0.005211,0.005585,0.007816,-2.2e-05,-0.011167,-0.003372,-2.69,-2.6952
110.092,0.001551,0.005562,0.002326,-2.1e-05,-0.014699,-0.012394,-2.69,-2.6915
110.147,-0.001353,0.005517,-0.00203,-2.2e-05,-0.011605,-0.013656,-2.69,-2.6886
110.193,-0.002855,0.005463,-0.004283,-2.3e-05,-0.005997,-0.010303,-2.69,-2.6871
110.242,-0.004283,0.005418,-0.006424,-2.5e-05,-0.005719,-0.012168,-2.69,-2.6857
110.294,-0.005802,0.005404,-0.008704,-2.8e-05,-0.006081,-0.014812,-2.69,-2.6842
110.342,-0.007102,0.005391,-0.010653,-3.2e-05,-0.00522,-0.015905,-2.69,-2.6829
110.393,-0.008429,0.005384,-0.012644,-3.6e-05,-0.005282,-0.017962,-2.69,-2.6816
110.443,-0.007755,0.005367,-0.011632,-4e-05,0.0027,-0.008972,-2.69,-2.6822
110.492,-0.00756,0.005364,-0.01134,-4.4e-05,0.00078,-0.010604,-2.69,-2.6824
110.543,-0.006922,0.005372,-0.010384,-4.7e-05,0.002544,-0.007886,-2.69,-2.6831
110.597,-0.00699,0.005406,-0.010485,-5e-05,-0.00027,-0.010806,-2.69,-2.683
110.643,-0.006641,0.00547,-0.009962,-5.4e-05,0.00139,-0.008626,-2.69,-2.6834
110.692,-0.004381,0.005488,-0.006571,-5.6e-05,0.009066,0.002439,-2.69,-2.6856
110.743,-0.002634,0.005478,-0.003952,-5.7e-05,0.006998,0.002989,-2.69,-2.6874
110.792,0.000912,0.005445,0.001368,-5.7e-05,0.014164,0.015475,-2.69,-2.6909
110.846,0.004593,0.005447,0.00689,-5.5e-05,0.014744,0.021579,-2.69,-2.6946
110.893,0.007317,0.005498,0.010976,-5.1e-05,0.010864,0.021789,-2.69,-2.6973
110.943,0.002552,0.005522,0.003827,-5e-05,-0.019156,-0.015378,-2.69,-2.6925
110.993,0.002438,0.005524,0.003657,-4.8e-05,-0.000453,0.003155,-2.69,-2.6924
111.041,0.002393,0.00551,0.003589,-4.7e-05,-0.000182,0.00336,-2.69,-2.6924
111.094,0.000969,0.005473,0.001453,-4.7e-05,-0.005657,-0.004251,-2.69,-2.691
111.144,-0.000343,0.005418,-0.000515,-4.7e-05,-0.005266,-0.005828,-2.69,-2.6897
111.191,-0.002072,0.005378,-0.003108,-4.8e-05,-0.006937,-0.010094,-2.69,-2.6879
111.247,-0.003689,0.005345,-0.005534,-5e-05,-0.006409,-0.011993,-2.69,-2.6863
111.291,-0.004119,0.005322,-0.006178,-5.2e-05,-0.00173,-0.00796,-2.69,-2.6859
111.345,-0.003293,0.005289,-0.00494,-5.3e-05,0.003265,-0.001728,-2.69,-2.6867
111.396,-0.002773,0.005247,-0.00416,-5.5e-05,0.002095,-0.002119,-2.69,-2.6872
111.442,-0.002098,0.00519,-0.003146,-5.6e-05,0.002706,-0.000497,-2.69,-2.6879
111.496,-0.001586,0.005124,-0.002379,-5.7e-05,0.002043,-0.000393,-2.69,-2.6884
111.543,-0.001998,0.005084,-0.002998,-5.8e-05,-0.001648,-0.004704,-2.69,-2.688
111.596,-0.003026,0.005088,-0.004539,-5.9e-05,-0.004094,-0.008692,-2.69,-2.687
111.645,-0.003881,0.005109,-0.005821,-6.1e-05,-0.003446,-0.009328,-2.69,-2.6861
111.693,-0.002759,0.005063,-0.004138,-6.3e-05,0.004476,0.000275,-2.69,-2.6872
111.743,2.4e-05,0.004964,3.6e-05,-6.3e-05,0.011141,0.011114,-2.69,-2.69
111.793,0.003096,0.004898,0.004644,-6.1e-05,0.012274,0.016857,-2.69,-2.6931
111.844,0.006033,0.004846,0.009049,-5.8e-05,0.011694,0.020685,-2.69,-2.696
111.897,0.008549,0.004819,0.012824,-5.4e-05,0.010102,0.022872,-2.69,-2.6985
111.942,0.009013,0.004805,0.01352,-4.9e-05,0.001865,0.015336,-2.69,-2.699
111.993,0.008182,0.004809,0.012272,-4.5e-05,-0.003317,0.00891,-2.69,-2.6982
112.044,0.00851,0.004853,0.012766,-4.1e-05,0.001316,0.014041,-2.69,-2.6985
112.092,0.008441,0.004935,0.012661,-3.7e-05,-0.000278,0.012346,-2.69,-2.6984
112.144,0.006354,0.004957,0.009531,-3.3e-05,-0.008363,0.001134,-2.69,-2.6963
112.193,0.003303,0.004947,0.004955,-3.2e-05,-0.01218,-0.007257,-2.69,-2.6933
112.242,-0.001592,0.004915,-0.002387,-3.3e-05,-0.019585,-0.022005,-2.69,-2.6884
112.292,-0.006663,0.004921,-0.009995,-3.6e-05,-0.020255,-0.030286,-2.69,-2.6833
112.344,-0.010095,0.004955,-0.015142,-4.1e-05,-0.013752,-0.028935,-2.69,-2.6799
112.395,-0.010903,0.00499,-0.016355,-4.6e-05,-0.003221,-0.019623,-2.69,-2.6791
112.442,-0.011806,0.005039,-0.01771,-5.2e-05,-0.003638,-0.021399,-2.69,-2.6782
112.495,-0.011986,0.005099,-0.017979,-5.8e-05,-0.000716,-0.018753,-2.69,-2.678
112.545,-0.012654,0.005177,-0.018982,-6.5e-05,-0.002681,-0.021727,-2.69,-2.6773
112.593,-0.012818,0.005279,-0.019227,-7.1e-05,-0.000652,-0.019949,-2.69,-2.6772
112.645,-0.012046,0.005395,-0.018068,-7.7e-05,0.003076,-0.01507,-2.69,-2.6779
112.697,-0.010527,0.005478,-0.015791,-8.2e-05,0.006092,-0.009781,-2.69,-2.6795
112.743,-0.007714,0.005515,-0.011572,-8.6e-05,0.011224,-0.000434,-2.69,-2.6823
112.795,-0.00496,0.005504,-0.00744,-8.9e-05,0.011054,0.003525,-2.69,-2.685
112.841,-0.00277,0.005448,-0.004155,-9e-05,0.008816,0.00457,-2.69,-2.6872
112.893,-2.5e-05,0.00535,-3.7e-05,-9e-05,0.010902,0.010775,-2.69,-2.69
112.946,0.003232,0.005292,0.004848,-8.8e-05,0.012996,0.017755,-2.69,-2.6932
112.992,0.006799,0.005283,0.010198,-8.5e-05,0.014301,0.024414,-2.69,-2.6968
113.045,0.010874,0.005357,0.016312,-8e-05,0.016383,0.032615,-2.69,-2.7009
113.093,0.010946,0.005461,0.01642,-7.4e-05,0.000287,0.016633,-2.69,-2.7009
113.141,0.013466,0.005555,0.020198,-6.7e-05,0.010131,0.030262,-2.69,-2.7035
113.195,0.012357,0.005611,0.018536,-6.1e-05,-0.004391,0.014084,-2.69,-2.7024
175.142,0.0,0.005539,0.0,0.0,0.0,0.0,0.6755,0.6755
175.193,0.0,0.005456,0.0,0.0,0.0,0.0,0.6755,0.6755
175.242,3e-06,0.005362,5e-06,0.0,1.3e-05,1.8e-05,0.6755,0.6755
175.294,1e-06,0.005248,2e-06,0.0,-8e-06,-6e-06,0.6755,0.6755
175.343,5e-06,0.005125,7e-06,0.0,1.4e-05,2.2e-05,0.6755,0.6755
175.393,7e-06,0.005009,1e-05,0.0,7e-06,1.8e-05,0.6755,0.6755
175.442,2e-06,0.004923,3e-06,0.0,-1.9e-05,-1.6e-05,0.6755,0.6755
175.494,-0.000228,0.004854,-0.000342,-0.0,-0.000916,-0.001257,0.6755,0.6758
175.542,-0.000611,0.004815,-0.000916,-0.0,-0.001539,-0.002455,0.6755,0.6761
175.593,-0.000569,0.004795,-0.000854,-1e-06,0.000165,-0.000689,0.6755,0.6761
175.643,-0.000125,0.004793,-0.000187,-1e-06,0.001778,0.00159,0.6755,0.6757
175.693,0.000147,0.004773,0.00022,-1e-06,0.001084,0.001304,0.6755,0.6754
175.743,0.000154,0.004711,0.000231,-1e-06,2.9e-05,0.000259,0.6755,0.6754
175.793,-0.000143,0.004603,-0.000215,-1e-06,-0.001191,-0.001407,0.6755,0.6757
175.846,-0.000221,0.004502,-0.000332,-1e-06,-0.000312,-0.000645,0.6755,0.6758
175.893,-0.000259,0.004429,-0.000388,-1e-06,-0.000149,-0.000539,0.6755,0.6758
175.943,-0.000235,0.004375,-0.000352,-1e-06,9.5e-05,-0.000258,0.6755,0.6758
175.993,-0.000386,0.004345,-0.000578,-1e-06,-0.000602,-0.001181,0.6755,0.6759
176.042,-0.000877,0.004343,-0.001316,-2e-06,-0.001972,-0.00329,0.6755,0.6764
176.091,-0.0012,0.004354,-0.001799,-2e-06,-0.001296,-0.003098,0.6755,0.6767
176.143,-0.001383,0.004358,-0.002075,-3e-06,-0.000729,-0.002807,0.6755,0.6769
176.193,-0.001283,0.004354,-0.001924,-4e-06,0.000401,-0.001527,0.6755,0.6768
176.247,-0.001262,0.004344,-0.001893,-4e-06,8.5e-05,-0.001812,0.6755,0.6768
176.292,-0.001545,0.004332,-0.002317,-5e-06,-0.001131,-0.003454,0.6755,0.6771
176.344,-0.001999,0.004318,-0.002999,-6e-06,-0.001809,-0.004814,0.6755,0.6775
176.391,-0.002247,0.004297,-0.00337,-7e-06,-0.001002,-0.004379,0.6755,0.6778
176.443,-0.002174,0.004284,-0.003261,-8e-06,0.00029,-0.002978,0.6755,0.6777
176.492,-0.001825,0.004278,-0.002738,-9e-06,0.001392,-0.001355,0.6755,0.6774
176.545,-0.001631,0.004275,-0.002447,-1e-05,0.000775,-0.001682,0.6755,0.6772
176.593,-0.001689,0.004287,-0.002534,-1.1e-05,-0.000232,-0.002777,0.6755,0.6772
176.643,-0.002049,0.004296,-0.003074,-1.2e-05,-0.001435,-0.00452,0.6755,0.6776
176.691,-0.002392,0.004278,-0.003588,-1.3e-05,-0.001382,-0.004983,0.6755,0.6779
176.741,-0.002317,0.004236,-0.003476,-1.4e-05,0.0003,-0.00319,0.6755,0.6779
176.792,-0.002393,0.00417,-0.00359,-1.5e-05,-0.000303,-0.003909,0.6755,0.6779
176.842,-0.003095,0.004105,-0.004642,-1.7e-05,-0.002812,-0.007471,0.6755,0.6786
176.894,-0.003201,0.004057,-0.004802,-1.9e-05,-0.000425,-0.005245,0.6755,0.6787
176.942,-0.003218,0.004037,-0.004827,-2e-05,-6.6e-05,-0.004913,0.6755,0.6788
176.993,-0.003174,0.004053,-0.004761,-2.2e-05,0.000175,-0.004607,0.6755,0.6787
177.043,-0.003877,0.004078,-0.005815,-2.4e-05,-0.002817,-0.008655,0.6755,0.6794
177.094,-0.003732,0.004087,-0.005598,-2.6e-05,0.000578,-0.005046,0.6755,0.6793
177.144,-0.003728,0.004082,-0.005591,-2.7e-05,1.7e-05,-0.005602,0.6755,0.6793
177.193,-0.003957,0.004063,-0.005936,-2.9e-05,-0.00092,-0.006885,0.6755,0.6795
177.245,-0.004358,0.004036,-0.006537,-3.2e-05,-0.001593,-0.008162,0.6755,0.6799
177.293,-0.004086,0.003992,-0.006128,-3.4e-05,0.001101,-0.005061,0.6755,0.6796
177.343,-0.003855,0.003953,-0.005783,-3.5e-05,0.000919,-0.004899,0.6755,0.6794
177.393,-0.003492,0.003913,-0.005238,-3.7e-05,0.00145,-0.003824,0.6755,0.679
177.444,-0.003137,0.003875,-0.004706,-3.9e-05,0.001411,-0.003334,0.6755,0.6787
177.494,-0.003085,0.003836,-0.004628,-4e-05,0.00021,-0.004458,0.6755,0.6786
177.544,-0.00306,0.0038,-0.004591,-4.2e-05,9.9e-05,-0.004534,0.6755,0.6786
177.593,-0.002534,0.003781,-0.003801,-4.3e-05,0.002116,-0.001728,0.6755,0.6781
177.642,-0.002247,0.003777,-0.003371,-4.4e-05,0.001153,-0.002262,0.6755,0.6778
177.693,-0.001251,0.003781,-0.001876,-4.5e-05,0.003976,0.002055,0.6755,0.6768
177.746,-0.001016,0.003745,-0.001524,-4.5e-05,0.000926,-0.000644,0.6755,0.6766
177.792,-0.000354,0.003675,-0.000531,-4.6e-05,0.002683,0.002106,0.6755,0.6759
177.845,-0.000615,0.003656,-0.000922,-4.6e-05,-0.001043,-0.002011,0.6755,0.6762
177.897,-2.9e-05,0.003632,-4.4e-05,-4.6e-05,0.002325,0.002235,0.6755,0.6756
177.943,0.000975,0.003618,0.001462,-4.5e-05,0.004045,0.005462,0.6755,0.6746
177.992,0.001207,0.00362,0.001811,-4.5e-05,0.000933,0.002699,0.6755,0.6743
178.043,0.001733,0.003634,0.0026,-4.4e-05,0.002093,0.004649,0.6755,0.6738
178.095,0.002524,0.003639,0.003787,-4.3e-05,0.00317,0.006914,0.6755,0.673
178.142,0.003493,0.003637,0.00524,-4.1e-05,0.003877,0.009076,0.6755,0.672
178.193,0.005026,0.003646,0.007539,-3.8e-05,0.006123,0.013623,0.6755,0.6705
178.243,0.006554,0.003678,0.009831,-3.5e-05,0.006101,0.015897,0.6755,0.669
178.293,0.007745,0.003728,0.011617,-3.1e-05,0.004785,0.016371,0.6755,0.6678
178.342,0.007563,0.003783,0.011345,-2.8e-05,-0.000726,0.010591,0.6755,0.668
178.392,0.008798,0.003855,0.013197,-2.3e-05,0.004942,0.018116,0.6755,0.6667
178.442,0.008518,0.00392,0.012778,-1.9e-05,-0.001123,0.011636,0.6755,0.667
178.492,0.007459,0.003964,0.011188,-1.5e-05,-0.00422,0.006953,0.6755,0.6681
178.542,0.005366,0.003979,0.008049,-1.2e-05,-0.008373,-0.000337,0.6755,0.6702
178.593,0.003169,0.003983,0.004753,-1.1e-05,-0.00877,-0.004028,0.6755,0.6724
178.643,0.00059,0.003989,0.000885,-1.1e-05,-0.010328,-0.009453,0.6755,0.6749
178.693,-0.001372,0.003972,-0.002057,-1.1e-05,-0.007848,-0.009917,0.6755,0.6769
178.743,-0.003619,0.003948,-0.005428,-1.3e-05,-0.008972,-0.014413,0.6755,0.6792
178.792,-0.005803,0.00392,-0.008705,-1.6e-05,-0.008789,-0.01751,0.6755,0.6813
178.843,-0.007841,0.003908,-0.011762,-2e-05,-0.008068,-0.01985,0.6755,0.6834
178.894,-0.007898,0.003906,-0.011847,-2.4e-05,-0.00023,-0.012101,0.6755,0.6834
178.943,-0.010014,0.003921,-0.015022,-2.9e-05,-0.008424,-0.023475,0.6755,0.6856
178.994,-0.009479,0.003931,-0.014218,-3.4e-05,0.002152,-0.012099,0.6755,0.685
179.042,-0.011053,0.003978,-0.016579,-3.9e-05,-0.006289,-0.022908,0.6755,0.6866
179.092,-0.011722,0.004062,-0.017583,-4.5e-05,-0.002678,-0.020306,0.6755,0.6873
179.143,-0.013151,0.004178,-0.019727,-5.2e-05,-0.005691,-0.02547,0.6755,0.6887
179.193,-0.014253,0.004254,-0.02138,-5.9e-05,-0.004414,-0.025853,0.6755,0.6898
179.244,-0.013654,0.004289,-0.020481,-6.6e-05,0.002391,-0.018155,0.6755,0.6892
179.293,-0.013682,0.004317,-0.020523,-7.2e-05,-0.000113,-0.020708,0.6755,0.6892
179.342,-0.011059,0.00431,-0.016589,-7.8e-05,0.010506,-0.00616,0.6755,0.6866
179.397,-0.010627,0.004296,-0.015941,-8.3e-05,0.001726,-0.014298,0.6755,0.6862
179.443,-0.009916,0.004269,-0.014874,-8.8e-05,0.002836,-0.012126,0.6755,0.6855
179.492,-0.008022,0.004221,-0.012033,-9.2e-05,0.007602,-0.004523,0.6755,0.6836
179.545,-0.006995,0.00417,-0.010493,-9.6e-05,0.004049,-0.006539,0.6755,0.6825
179.594,-0.007455,0.004139,-0.011183,-9.9e-05,-0.001875,-0.013158,0.6755,0.683
179.643,-0.004724,0.00411,-0.007087,-0.000102,0.010858,0.003669,0.6755,0.6803
179.693,-0.002813,0.004088,-0.004219,-0.000103,0.007636,0.003313,0.6755,0.6783
179.743,0.002117,0.004082,0.003176,-0.000102,0.019801,0.022875,0.6755,0.6734
179.793,0.005392,0.004135,0.008087,-9.9e-05,0.01309,0.021078,0.6755,0.6701
179.846,0.003095,0.004134,0.004642,-9.8e-05,-0.009156,-0.004612,0.6755,0.6724
179.893,0.004145,0.004107,0.006217,-9.6e-05,0.004207,0.010329,0.6755,0.6714
179.942,0.004835,0.004047,0.007253,-9.3e-05,0.002776,0.009936,0.6755,0.6707
179.994,0.002966,0.003967,0.004448,-9.2e-05,-0.007395,-0.003039,0.6755,0.6726
180.043,0.000398,0.003836,0.000598,-9.2e-05,-0.010328,-0.009822,0.6755,0.6751
180.092,-0.001429,0.003727,-0.002143,-9.2e-05,-0.007324,-0.009559,0.6755,0.677
180.143,-0.002614,0.003753,-0.003921,-9.4e-05,-0.00474,-0.008755,0.6755,0.6782
180.193,-0.004107,0.003794,-0.006161,-9.6e-05,-0.005969,-0.012226,0.6755,0.6796
180.247,-0.006031,0.003855,-0.009047,-9.9e-05,-0.007704,-0.016849,0.6755,0.6816
180.292,-0.006259,0.003917,-0.009388,-0.000102,-0.000915,-0.010405,0.6755,0.6818
180.343,-0.006795,0.003985,-0.010192,-0.000105,-0.002119,-0.012416,0.6755,0.6823
180.394,-0.004904,0.004034,-0.007356,-0.000108,0.00762,0.000156,0.6755,0.6804
180.443,-0.004794,0.004082,-0.007191,-0.00011,0.00044,-0.00686,0.6755,0.6803
180.492,-0.004145,0.004121,-0.006217,-0.000112,0.002601,-0.003728,0.6755,0.6797
180.544,-0.004528,0.00416,-0.006792,-0.000114,-0.001528,-0.008434,0.6755,0.6801
180.592,-0.003196,0.004187,-0.004795,-0.000116,0.005364,0.000453,0.6755,0.6787
180.642,-0.001022,0.004196,-0.001534,-0.000117,0.00865,0.007,0.6755,0.6766
180.693,0.001258,0.004207,0.001886,-0.000116,0.009121,0.010891,0.6755,0.6743
180.743,0.005816,0.004263,0.008724,-0.000113,0.01819,0.026802,0.6755,0.6697
180.793,0.008958,0.004351,0.013437,-0.000109,0.012595,0.025923,0.6755,0.6666
180.843,0.009404,0.004443,0.014105,-0.000104,0.001777,0.015779,0.6755,0.6661
180.9,0.00889,0.00453,0.013335,-9.9e-05,-0.002058,0.011177,0.6755,0.6666
180.943,0.009987,0.004627,0.01498,-9.4e-05,0.004399,0.019285,0.6755,0.6655
180.992,0.010735,0.004731,0.016103,-8.9e-05,0.003004,0.019018,0.6755,0.6648
181.043,0.00978,0.00482,0.01467,-8.4e-05,-0.0038,0.010786,0.6755,0.6658
181.093,0.007959,0.004887,0.011939,-8e-05,-0.007302,0.004557,0.6755,0.6676
181.143,0.004326,0.004917,0.006489,-7.8e-05,-0.014497,-0.008086,0.6755,0.6712
181.192,0.000941,0.004913,0.001412,-7.8e-05,-0.013623,-0.012288,0.6755,0.6746
181.246,-0.000358,0.004904,-0.000538,-7.8e-05,-0.005144,-0.005759,0.6755,0.6759
181.294,-0.001261,0.004901,-0.001891,-7.8e-05,-0.003629,-0.005598,0.6755,0.6768
181.344,-0.002553,0.004907,-0.003829,-8e-05,-0.005161,-0.009069,0.6755,0.6781
181.393,-0.001961,0.004904,-0.002941,-8.1e-05,0.002373,-0.000649,0.6755,0.6775
181.442,-0.002267,0.004905,-0.0034,-8.2e-05,-0.001228,-0.00471,0.6755,0.6778
181.493,-0.003582,0.004923,-0.005373,-8.4e-05,-0.005253,-0.01071,0.6755,0.6791
181.542,-0.006526,0.004971,-0.00979,-8.7e-05,-0.011695,-0.021571,0.6755,0.6821
181.593,-0.007891,0.005033,-0.011837,-9.1e-05,-0.005482,-0.01741,0.6755,0.6834
181.645,-0.006889,0.005082,-0.010333,-9.4e-05,0.004003,-0.006424,0.6755,0.6824
181.693,-0.006752,0.005125,-0.010127,-9.8e-05,0.000549,-0.009676,0.6755,0.6823
181.746,-0.001795,0.00512,-0.002692,-9.8e-05,0.019664,0.016873,0.6755,0.6773
181.793,0.000105,0.005097,0.000158,-9.8e-05,0.007665,0.007725,0.6755,0.6754
181.842,0.004084,0.005107,0.006126,-9.6e-05,0.01594,0.02197,0.6755,0.6715
181.894,0.005005,0.005125,0.007508,-9.4e-05,0.00366,0.011074,0.6755,0.6705
181.943,0.007154,0.005165,0.010731,-9e-05,0.008613,0.019254,0.6755,0.6684
181.993,0.008371,0.005217,0.012556,-8.6e-05,0.00489,0.01736,0.6755,0.6672
182.042,0.008678,0.005265,0.013017,-8.2e-05,0.001228,0.014163,0.6755,0.6669
182.091,0.007396,0.005301,0.011094,-7.8e-05,-0.005148,0.005868,0.6755,0.6681
182.143,0.003332,0.005297,0.004998,-7.6e-05,-0.016202,-0.01128,0.6755,0.6722
182.192,-0.000994,0.005268,-0.001491,-7.7e-05,-0.017318,-0.018886,0.6755,0.6765
182.243,-0.003703,0.005261,-0.005555,-7.9e-05,-0.010821,-0.016454,0.6755,0.6792
182.296,-0.005462,0.005275,-0.008192,-8.2e-05,-0.007035,-0.015309,0.6755,0.681
182.344,-0.004472,0.005281,-0.006708,-8.4e-05,0.003958,-0.002834,0.6755,0.68
182.391,-0.005812,0.005304,-0.008719,-8.7e-05,-0.005376,-0.014181,0.6755,0.6813
182.443,-0.007581,0.005349,-0.011372,-9e-05,-0.007033,-0.018496,0.6755,0.6831
182.493,-0.009597,0.005414,-0.014396,-9.5e-05,-0.008092,-0.022582,0.6755,0.6851
182.542,-0.010363,0.005487,-0.015545,-0.0001,-0.003075,-0.01872,0.6755,0.6859
182.593,-0.011593,0.005577,-0.017389,-0.000106,-0.004891,-0.022386,0.6755,0.6871
182.644,-0.012078,0.005676,-0.018117,-0.000112,-0.001945,-0.020175,0.6755,0.6876
182.693,-0.012357,0.005787,-0.018536,-0.000118,-0.001114,-0.019768,0.6755,0.6879
182.744,-0.007615,0.005853,-0.011423,-0.000122,0.019051,0.007506,0.6755,0.6832
182.794,-0.005372,0.005903,-0.008058,-0.000125,0.008956,0.000773,0.6755,0.6809
182.842,-0.001769,0.005915,-0.002653,-0.000126,0.014408,0.011629,0.6755,0.6773
182.894,0.001011,0.005924,0.001517,-0.000125,0.011115,0.012506,0.6755,0.6745
182.942,0.004603,0.005961,0.006905,-0.000123,0.014426,0.021207,0.6755,0.6709
182.994,0.006666,0.006015,0.009999,-0.00012,0.008219,0.018098,0.6755,0.6689
183.045,0.007006,0.006068,0.01051,-0.000116,0.001363,0.011756,0.6755,0.6685
183.092,0.007921,0.006122,0.011881,-0.000112,0.00366,0.015429,0.6755,0.6676
183.144,0.0067,0.006154,0.01005,-0.000109,-0.004886,0.005054,0.6755,0.6688
183.192,0.004043,0.006144,0.006065,-0.000107,-0.010645,-0.004687,0.6755,0.6715
183.243,0.000519,0.006084,0.000778,-0.000107,-0.014084,-0.013412,0.6755,0.675
183.293,-0.001834,0.006025,-0.002751,-0.000108,-0.009401,-0.01226,0.6755,0.6774
183.343,-0.003231,0.005981,-0.004847,-0.000109,-0.005591,-0.010547,0.6755,0.6788
183.393,-0.003339,0.005927,-0.005009,-0.000111,-0.000433,-0.005553,0.6755,0.6789
183.443,-0.003759,0.005879,-0.005638,-0.000113,-0.001676,-0.007426,0.6755,0.6793
183.492,-0.004652,0.005851,-0.006978,-0.000115,-0.003584,-0.010677,0.6755,0.6802
183.543,-0.005425,0.005852,-0.008137,-0.000118,-0.003075,-0.01133,0.6755,0.681
183.594,-0.005355,0.005874,-0.008032,-0.00012,0.000277,-0.007876,0.6755,0.6809
183.644,-0.003685,0.005905,-0.005527,-0.000122,0.006755,0.001105,0.6755,0.6792
183.692,-0.002126,0.005912,-0.003189,-0.000123,0.006273,0.002961,0.6755,0.6777
183.742,-0.001457,0.00589,-0.002185,-0.000124,0.002675,0.000366,0.6755,0.677
183.793,-0.000361,0.005836,-0.000541,-0.000124,0.004386,0.003721,0.6755,0.6759
183.842,0.001737,0.005775,0.002606,-0.000123,0.008409,0.010892,0.6755,0.6738
183.893,0.005222,0.005748,0.007833,-0.000121,0.013861,0.021573,0.6755,0.6703
183.942,0.009403,0.005742,0.014105,-0.000116,0.016807,0.030796,0.6755,0.6661
183.993,0.013148,0.005779,0.019721,-0.000109,0.01492,0.034531,0.6755,0.6624
184.042,0.014006,0.005808,0.021009,-0.000102,0.003436,0.024343,0.6755,0.6615
184.093,0.011543,0.005807,0.017315,-9.7e-05,-0.009829,0.007389,0.6755,0.664
184.142,0.009207,0.005767,0.01381,-9.2e-05,-0.009324,0.004394,0.6755,0.6663
184.193,0.006453,0.005689,0.009679,-8.9e-05,-0.011047,-0.001457,0.6755,0.6691
184.242,0.00382,0.005591,0.00573,-8.7e-05,-0.010573,-0.004929,0.6755,0.6717
184.293,0.001842,0.005472,0.002762,-8.6e-05,-0.007891,-0.005215,0.6755,0.6737
184.343,-0.001066,0.005372,-0.001599,-8.7e-05,-0.011636,-0.013321,0.6755,0.6766
184.392,-0.00331,0.005299,-0.004965,-8.8e-05,-0.008995,-0.014049,0.6755,0.6788
184.443,-0.006675,0.005267,-0.010013,-9.2e-05,-0.013433,-0.023537,0.6755,0.6822
184.495,-0.006986,0.005257,-0.010479,-9.5e-05,-0.001244,-0.011818,0.6755,0.6825
184.542,-0.009009,0.005277,-0.013514,-0.0001,-0.008114,-0.021728,0.6755,0.6845
184.595,-0.010103,0.005303,-0.015155,-0.000105,-0.004366,-0.019625,0.6755,0.6856
184.644,-0.009679,0.005353,-0.014519,-0.000109,0.001688,-0.01294,0.6755,0.6852
184.693,-0.008713,0.005412,-0.013069,-0.000114,0.003875,-0.009308,0.6755,0.6842
184.743,-0.006874,0.005459,-0.01031,-0.000117,0.007348,-0.003079,0.6755,0.6824
184.793,-0.006191,0.005467,-0.009287,-0.00012,0.002732,-0.006675,0.6755,0.6817
184.845,-0.003813,0.005474,-0.00572,-0.000122,0.009538,0.003695,0.6755,0.6793
184.892,-0.000428,0.005437,-0.000642,-0.000122,0.013507,0.012743,0.6755,0.676
184.943,0.001801,0.005407,0.002701,-0.000122,0.008927,0.011507,0.6755,0.6737
184.992,0.002432,0.005402,0.003648,-0.00012,0.002526,0.006054,0.6755,0.6731
185.044,0.004411,0.005442,0.006617,-0.000118,0.007922,0.014421,0.6755,0.6711
185.091,0.004887,0.005476,0.007331,-0.000116,0.001909,0.009124,0.6755,0.6706
185.143,0.005165,0.005502,0.007747,-0.000113,0.001107,0.008741,0.6755,0.6704
185.192,0.003827,0.005499,0.00574,-0.000111,-0.005367,0.000262,0.6755,0.6717
185.243,0.002013,0.005459,0.00302,-0.00011,-0.007225,-0.004315,0.6755,0.6735
185.293,0.001207,0.005408,0.00181,-0.00011,-0.003222,-0.001521,0.6755,0.6743
185.342,8.6e-05,0.005341,0.000129,-0.00011,-0.004505,-0.004486,0.6755,0.6755
185.393,-0.00109,0.005303,-0.001635,-0.00011,-0.004679,-0.006424,0.6755,0.6766
185.446,-0.001948,0.005275,-0.002923,-0.000111,-0.003428,-0.006462,0.6755,0.6775
185.493,-0.001896,0.005252,-0.002844,-0.000112,0.000209,-0.002748,0.6755,0.6774
185.546,-0.001637,0.005223,-0.002456,-0.000113,0.001033,-0.001536,0.6755,0.6772
185.592,-0.001395,0.005205,-0.002093,-0.000114,0.000971,-0.001235,0.6755,0.6769
185.642,-0.002335,0.005218,-0.003503,-0.000115,-0.003759,-0.007377,0.6755,0.6779
185.693,-0.003854,0.005244,-0.00578,-0.000117,-0.006061,-0.011958,0.6755,0.6794
185.742,-0.005465,0.005241,-0.008198,-0.000119,-0.006427,-0.014745,0.6755,0.681
185.795,-0.004634,0.005198,-0.006951,-0.000122,0.003317,-0.003755,0.6755,0.6802
185.847,-0.001619,0.00512,-0.002429,-0.000122,0.012082,0.00953,0.6755,0.6772
185.893,0.000986,0.005041,0.001479,-0.000122,0.010458,0.011816,0.6755,0.6746
185.943,0.004022,0.004981,0.006034,-0.00012,0.012131,0.018045,0.6755,0.6715
185.993,0.006226,0.004936,0.009339,-0.000117,0.008832,0.018054,0.6755,0.6693
186.043,0.006795,0.004906,0.010193,-0.000113,0.002271,0.012351,0.6755,0.6687
186.093,0.009052,0.004917,0.013578,-0.000109,0.009048,0.022517,0.6755,0.6665
186.143,0.010427,0.004978,0.01564,-0.000104,0.00548,0.021016,0.6755,0.6651
186.2,0.010893,0.005078,0.016339,-9.8e-05,0.001874,0.018115,0.6755,0.6646
186.243,0.010515,0.005179,0.015772,-9.3e-05,-0.00151,0.014169,0.6755,0.665
186.296,0.008038,0.005247,0.012057,-8.9e-05,-0.009913,0.002055,0.6755,0.6675
186.343,0.007395,0.005295,0.011093,-8.5e-05,-0.002569,0.008439,0.6755,0.6681
186.392,0.003673,0.005312,0.005509,-8.4e-05,-0.014946,-0.00952,0.6755,0.6719
186.443,0.003237,0.005322,0.004856,-8.2e-05,-0.001732,0.003042,0.6755,0.6723
186.493,0.00202,0.005307,0.003029,-8.1e-05,-0.004877,-0.001929,0.6755,0.6735
186.543,0.000704,0.005248,0.001056,-8.1e-05,-0.005267,-0.004291,0.6755,0.6748
186.592,-0.000238,0.005172,-0.000357,-8.1e-05,-0.003787,-0.004224,0.6755,0.6758
186.643,-0.001678,0.00512,-0.002517,-8.1e-05,-0.005723,-0.008322,0.6755,0.6772
186.695,-0.002633,0.005078,-0.003949,-8.3e-05,-0.00383,-0.007862,0.6755,0.6782
186.743,-0.005628,0.005117,-0.008442,-8.6e-05,-0.011936,-0.020464,0.6755,0.6812
186.791,-0.00772,0.005193,-0.01158,-8.9e-05,-0.00843,-0.0201,0.6755,0.6833
186.843,-0.00742,0.005226,-0.01113,-9.3e-05,0.001197,-0.010026,0.6755,0.683
186.893,-0.005162,0.005228,-0.007742,-9.6e-05,0.009037,0.001198,0.6755,0.6807
186.943,-0.003276,0.005189,-0.004914,-9.7e-05,0.007515,0.002504,0.6755,0.6788
186.994,-0.001188,0.005117,-0.001782,-9.8e-05,0.008389,0.006509,0.6755,0.6767
187.042,0.001537,0.005046,0.002306,-9.7e-05,0.010896,0.013104,0.6755,0.674
187.093,0.003222,0.005004,0.004832,-9.6e-05,0.006728,0.011464,0.6755,0.6723
187.143,0.00442,0.005015,0.00663,-9.3e-05,0.004799,0.011336,0.6755,0.6711
187.191,0.005337,0.005058,0.008005,-9.1e-05,0.003683,0.011597,0.6755,0.6702
187.243,0.005297,0.005074,0.007946,-8.8e-05,-0.000157,0.007701,0.6755,0.6702
187.293,0.003544,0.005055,0.005316,-8.6e-05,-0.007015,-0.001785,0.6755,0.672
187.341,0.001041,0.005021,0.001562,-8.6e-05,-0.010065,-0.008589,0.6755,0.6745
187.392,-0.002453,0.004987,-0.00368,-8.7e-05,-0.013917,-0.017684,0.6755,0.678
187.442,-0.006218,0.004974,-0.009328,-9e-05,-0.015077,-0.024495,0.6755,0.6818
187.492,-0.005907,0.004937,-0.00886,-9.3e-05,0.001249,-0.007705,0.6755,0.6814
187.542,-0.005771,0.004891,-0.008657,-9.6e-05,0.000541,-0.008211,0.6755,0.6813
187.594,-0.007205,0.004847,-0.010808,-0.0001,-0.005726,-0.016634,0.6755,0.6827
187.643,-0.009366,0.00482,-0.014049,-0.000104,-0.008692,-0.022845,0.6755,0.6849
187.693,-0.010798,0.004804,-0.016197,-0.00011,-0.005697,-0.022004,0.6755,0.6863
187.747,-0.011769,0.004846,-0.017653,-0.000116,-0.003875,-0.021644,0.6755,0.6873
187.792,-0.011447,0.004907,-0.01717,-0.000121,0.001297,-0.015994,0.6755,0.687
187.842,-0.012421,0.005013,-0.018632,-0.000127,-0.003881,-0.02264,0.6755,0.688
187.892,-0.011604,0.005119,-0.017406,-0.000133,0.003265,-0.014275,0.6755,0.6871
187.943,-0.009273,0.005166,-0.013909,-0.000138,0.009309,-0.004738,0.6755,0.6848
187.993,-0.006698,0.005166,-0.010047,-0.000141,0.010317,0.000129,0.6755,0.6822
188.044,-0.003213,0.005128,-0.004819,-0.000143,0.013915,0.008953,0.6755,0.6787
188.094,0.000944,0.005058,0.001416,-0.000142,0.016521,0.017795,0.6755,0.6746
188.143,0.005952,0.005051,0.008929,-0.000139,0.020154,0.028943,0.6755,0.6696
188.192,0.006114,0.005072,0.009172,-0.000136,0.000649,0.009684,0.6755,0.6694
188.244,0.005911,0.005125,0.008866,-0.000133,-0.000812,0.007921,0.6755,0.6696
188.294,0.006814,0.005175,0.010222,-0.00013,0.003601,0.013693,0.6755,0.6687
188.343,0.005839,0.005201,0.008759,-0.000127,-0.003926,0.004706,0.6755,0.6697
188.393,0.004106,0.005209,0.006159,-0.000125,-0.006927,-0.000893,0.6755,0.6714
188.444,0.00231,0.005195,0.003465,-0.000124,-0.007176,-0.003835,0.6755,0.6732
188.494,0.002157,0.00517,0.003236,-0.000123,-0.00061,0.002503,0.6755,0.6734
188.543,0.001727,0.005133,0.002591,-0.000122,-0.001723,0.000745,0.6755,0.6738
188.593,0.001276,0.005092,0.001914,-0.000121,-0.00181,-1.8e-05,0.6755,0.6743
188.642,-2e-06,0.005055,-3e-06,-0.000121,-0.005115,-0.005239,0.6755,0.6755
188.693,-0.000924,0.005043,-0.001385,-0.000122,-0.003679,-0.005186,0.6755,0.6765
188.742,-0.002029,0.005049,-0.003044,-0.000123,-0.004441,-0.007608,0.6755,0.6776
188.792,-0.000637,0.005051,-0.000956,-0.000123,0.005565,0.004486,0.6755,0.6762
188.843,0.000497,0.005039,0.000746,-0.000123,0.004508,0.005131,0.6755,0.675
188.895,0.001124,0.004998,0.001686,-0.000122,0.002516,0.00408,0.6755,0.6744
188.942,0.000386,0.004908,0.000579,-0.000122,-0.002966,-0.002509,0.6755,0.6752
188.993,0.001513,0.004792,0.002269,-0.000121,0.004493,0.006641,0.6755,0.674
189.042,0.003931,0.004691,0.005896,-0.000119,0.00967,0.015446,0.6755,0.6716
189.093,0.007239,0.004648,0.010858,-0.000116,0.01322,0.023962,0.6755,0.6683
189.142,0.010684,0.004662,0.016026,-0.00011,0.013796,0.029711,0.6755,0.6649
189.192,0.013756,0.004736,0.020634,-0.000104,0.012311,0.032841,0.6755,0.6618
189.243,0.014215,0.004839,0.021323,-9.6e-05,0.001831,0.023058,0.6755,0.6613
189.295,0.011531,0.004936,0.017297,-9.1e-05,-0.010759,0.006447,0.6755,0.664
189.343,0.01019,0.005028,0.015285,-8.6e-05,-0.005369,0.00983,0.6755,0.6653
189.394,0.007463,0.005069,0.011194,-8.2e-05,-0.010858,0.000255,0.6755,0.6681
189.443,0.005565,0.005058,0.008348,-7.9e-05,-0.00758,0.000689,0.6755,0.67
189.492,0.003673,0.005025,0.00551,-7.7e-05,-0.007633,-0.0022,0.6755,0.6719
189.543,0.000693,0.004942,0.00104,-7.7e-05,-0.011864,-0.0109,0.6755,0.6748
189.593,-0.001767,0.004858,-0.002651,-7.8e-05,-0.009833,-0.012562,0.6755,0.6773
189.643,-0.004464,0.004806,-0.006695,-8e-05,-0.010806,-0.017582,0.6755,0.68
189.695,-0.00471,0.004766,-0.007065,-8.2e-05,-0.000987,-0.008134,0.6755,0.6802
189.743,-0.006319,0.004761,-0.009479,-8.6e-05,-0.006427,-0.015991,0.6755,0.6819
189.792,-0.007826,0.004777,-0.011739,-8.9e-05,-0.006033,-0.017861,0.6755,0.6834
189.842,-0.008044,0.004819,-0.012066,-9.3e-05,-0.000875,-0.013035,0.6755,0.6836
189.893,-0.00815,0.004897,-0.012224,-9.8e-05,-0.00042,-0.012742,0.6755,0.6837
189.944,-0.006778,0.004946,-0.010167,-0.000101,0.005516,-0.004753,0.6755,0.6823
189.993,-0.007799,0.005,-0.011698,-0.000105,-0.004067,-0.01587,0.6755,0.6833
190.044,-0.006519,0.005021,-0.009779,-0.000108,0.005098,-0.004788,0.6755,0.6821
190.093,-0.003069,0.005003,-0.004603,-0.00011,0.01387,0.009157,0.6755,0.6786
190.144,0.000455,0.004956,0.000682,-0.000109,0.013994,0.014566,0.6755,0.6751
190.194,0.0017,0.004935,0.002549,-0.000109,0.005,0.007441,0.6755,0.6738
190.244,0.00359,0.00495,0.005384,-0.000107,0.00758,0.012858,0.6755,0.6719
190.293,0.005212,0.00499,0.007817,-0.000104,0.006469,0.014182,0.6755,0.6703
190.344,0.004547,0.005035,0.006821,-0.000102,-0.002643,0.004076,0.6755,0.671
190.392,0.003067,0.005055,0.004601,-0.0001,-0.005975,-0.001475,0.6755,0.6725
190.443,0.000391,0.005039,0.000586,-0.0001,-0.010667,-0.010181,0.6755,0.6751
190.496,-0.001973,0.00504,-0.00296,-0.000101,-0.00946,-0.012521,0.6755,0.6775
190.543,-0.004262,0.005066,-0.006394,-0.000103,-0.009131,-0.015628,0.6755,0.6798
190.593,-0.005541,0.005108,-0.008311,-0.000106,-0.00512,-0.013538,0.6755,0.6811
190.643,-0.00672,0.005151,-0.010079,-0.000109,-0.004722,-0.014911,0.6755,0.6823
190.693,-0.006811,0.005181,-0.010216,-0.000113,-0.000365,-0.010694,0.6755,0.6823
190.744,-0.006272,0.005189,-0.009408,-0.000116,0.002155,-0.007369,0.6755,0.6818
190.792,-0.006095,0.005204,-0.009143,-0.000119,0.000708,-0.008554,0.6755,0.6816
190.843,-0.005833,0.005246,-0.00875,-0.000122,0.001044,-0.007828,0.6755,0.6814
190.893,-0.006573,0.005302,-0.009859,-0.000125,-0.002949,-0.012933,0.6755,0.6821
190.943,-0.006258,0.005324,-0.009387,-0.000128,0.001261,-0.008254,0.6755,0.6818
190.993,-0.00445,0.005306,-0.006674,-0.000131,0.007237,0.000432,0.6755,0.68
191.042,-0.000583,0.005244,-0.000875,-0.000131,0.015484,0.014478,0.6755,0.6761
191.093,0.002096,0.005175,0.003144,-0.00013,0.010722,0.013736,0.6755,0.6734
191.142,0.005743,0.005128,0.008614,-0.000127,0.014595,0.023082,0.6755,0.6698
191.192,0.008228,0.005101,0.012342,-0.000123,0.009926,0.022145,0.6755,0.6673
191.243,0.009312,0.005089,0.013968,-0.000118,0.004352,0.018203,0.6755,0.6662
191.292,0.013352,0.005142,0.020028,-0.000111,0.016129,0.036045,0.6755,0.6622
191.343,0.01467,0.005215,0.022006,-0.000104,0.005287,0.027188,0.6755,0.6609
191.393,0.014656,0.005325,0.021984,-9.7e-05,-5.8e-05,0.021829,0.6755,0.6609
191.442,0.012153,0.005414,0.01823,-9.1e-05,-0.010058,0.008081,0.6755,0.6634
191.493,0.008969,0.005483,0.013453,-8.6e-05,-0.012692,0.000676,0.6755,0.6666
191.545,0.004947,0.005526,0.00742,-8.4e-05,-0.016161,-0.008825,0.6755,0.6706
191.593,0.001494,0.005538,0.00224,-8.3e-05,-0.013722,-0.011565,0.6755,0.674
191.643,-0.000309,0.005525,-0.000464,-8.3e-05,-0.00723,-0.007777,0.6755,0.6758
191.696,-0.000659,0.005505,-0.000989,-8.3e-05,-0.001396,-0.002468,0.6755,0.6762
191.743,-0.002364,0.005472,-0.003546,-8.5e-05,-0.006832,-0.010463,0.6755,0.6779
191.795,-0.004385,0.005439,-0.006578,-8.7e-05,-0.008086,-0.014751,0.6755,0.6799
191.844,-0.005999,0.005425,-0.008998,-9e-05,-0.006431,-0.015519,0.6755,0.6815
191.893,-0.008269,0.005456,-0.012403,-9.4e-05,-0.009091,-0.021588,0.6755,0.6838
191.942,-0.01085,0.005532,-0.016275,-9.9e-05,-0.010371,-0.026746,0.6755,0.6864
191.992,-0.009016,0.00561,-0.013524,-0.000104,0.007323,-0.006305,0.6755,0.6846
192.043,-0.007776,0.005672,-0.011663,-0.000108,0.004949,-0.006822,0.6755,0.6833
192.091,-0.00822,0.005722,-0.012331,-0.000112,-0.001791,-0.014233,0.6755,0.6838
192.144,-0.006888,0.005747,-0.010333,-0.000115,0.005289,-0.005159,0.6755,0.6824
192.191,-0.007157,0.005765,-0.010735,-0.000119,-0.001082,-0.011936,0.6755,0.6827
192.243,-0.005025,0.005762,-0.007537,-0.000121,0.008482,0.000824,0.6755,0.6806
192.293,-0.002671,0.005754,-0.004006,-0.000123,0.009425,0.005296,0.6755,0.6782
192.341,-0.000439,0.005748,-0.000658,-0.000123,0.00896,0.008179,0.6755,0.676
192.392,-6.7e-05,0.005724,-0.000101,-0.000123,0.001482,0.001258,0.6755,0.6756
192.442,-8.7e-05,0.005663,-0.00013,-0.000123,-7.8e-05,-0.000331,0.6755,0.6756
192.493,-0.002685,0.00563,-0.004028,-0.000124,-0.010402,-0.014555,0.6755,0.6782
192.545,-0.005588,0.005628,-0.008381,-0.000127,-0.011623,-0.020132,0.6755,0.6811
192.596,-0.008845,0.005645,-0.013267,-0.000132,-0.013006,-0.026405,0.6755,0.6844
192.643,-0.011201,0.005663,-0.016801,-0.000137,-0.00944,-0.026378,0.6755,0.6867
192.693,-0.010982,0.005665,-0.016472,-0.000143,0.000877,-0.015738,0.6755,0.6865
192.742,-0.012178,0.005669,-0.018267,-0.000149,-0.00478,-0.023196,0.6755,0.6877
192.793,-0.014641,0.005701,-0.021962,-0.000156,-0.009834,-0.031952,0.6755,0.6902
192.842,-0.01611,0.005738,-0.024164,-0.000164,-0.005888,-0.030217,0.6755,0.6916
192.893,-0.017042,0.005792,-0.025562,-0.000173,-0.003722,-0.029457,0.6755,0.6926
192.942,-0.017902,0.005879,-0.026853,-0.000182,-0.00345,-0.030484,0.6755,0.6934
192.993,-0.018418,0.005996,-0.027628,-0.000191,-0.002063,-0.029881,0.6755,0.694
193.043,-0.018046,0.006144,-0.027069,-0.0002,0.001492,-0.025777,0.6755,0.6936
193.091,-0.019388,0.006329,-0.029083,-0.00021,-0.005392,-0.034684,0.6755,0.6949
193.146,-0.019913,0.006468,-0.029869,-0.00022,-0.002082,-0.03217,0.6755,0.6954
193.193,-0.020358,0.006611,-0.030537,-0.00023,-0.001782,-0.032548,0.6755,0.6959
193.242,-0.018946,0.006741,-0.028419,-0.000239,0.00563,-0.023028,0.6755,0.6945
193.292,-0.017726,0.00685,-0.026589,-0.000248,0.004914,-0.021922,0.6755,0.6933
193.343,-0.016197,0.006954,-0.024296,-0.000256,0.006098,-0.018453,0.6755,0.6917
193.392,-0.015862,0.007071,-0.023794,-0.000264,0.001343,-0.022714,0.6755,0.6914
193.443,-0.017579,0.007224,-0.026369,-0.000273,-0.006844,-0.033486,0.6755,0.6931
193.491,-0.022494,0.007427,-0.033741,-0.000284,-0.019714,-0.053738,0.6755,0.698
193.545,-0.026597,0.007676,-0.039895,-0.000297,-0.016366,-0.056559,0.6755,0.7021
193.592,-0.028988,0.007953,-0.043482,-0.000312,-0.009586,-0.053379,0.6755,0.7045
193.643,-0.028128,0.008234,-0.042191,-0.000326,0.003422,-0.039095,0.6755,0.7037
193.694,-0.024631,0.008471,-0.036946,-0.000338,0.013905,-0.02338,0.6755,0.7002
193.742,-0.020336,0.008655,-0.030504,-0.000348,0.01733,-0.013523,0.6755,0.6959
193.792,-0.019821,0.008846,-0.029732,-0.000358,0.002059,-0.028031,0.6755,0.6954
193.843,-0.019531,0.009037,-0.029296,-0.000368,0.001163,-0.028501,0.6755,0.6951
193.893,-0.015395,0.009179,-0.023092,-0.000376,0.01657,-0.006898,0.6755,0.6909
193.941,-0.009485,0.00927,-0.014228,-0.000381,0.023729,0.00912,0.6755,0.685
193.997,-0.006674,0.009322,-0.010011,-0.000384,0.011161,0.000766,0.6755,0.6822
194.046,-0.006979,0.009352,-0.010469,-0.000387,-0.001227,-0.012083,0.6755,0.6825
194.093,-0.008559,0.009366,-0.012838,-0.000392,-0.006295,-0.019525,0.6755,0.6841
194.142,-0.006189,0.009321,-0.009283,-0.000395,0.009526,-0.000152,0.6755,0.6817
194.192,-0.00288,0.009212,-0.00432,-0.000396,0.013194,0.008478,0.6755,0.6784
194.242,0.001709,0.009087,0.002564,-0.000395,0.018333,0.020501,0.6755,0.6738
194.293,0.003641,0.009008,0.005461,-0.000394,0.00771,0.012778,0.6755,0.6719
194.343,0.009502,0.009001,0.014253,-0.000389,0.023255,0.037119,0.6755,0.666
194.393,0.012114,0.009048,0.01817,-0.000383,0.010547,0.028334,0.6755,0.6634
194.443,0.010217,0.009094,0.015325,-0.000378,-0.007597,0.00735,0.6755,0.6653
194.494,0.00697,0.009127,0.010455,-0.000374,-0.01297,-0.002889,0.6755,0.6686
194.542,0.005875,0.009179,0.008813,-0.000371,-0.00439,0.004051,0.6755,0.6697
194.597,0.006202,0.009223,0.009304,-0.000368,0.001306,0.010241,0.6755,0.6693
194.646,0.002522,0.009204,0.003783,-0.000367,-0.014767,-0.011351,0.6755,0.673
194.692,-0.000621,0.009163,-0.000932,-0.000367,-0.012564,-0.013863,0.6755,0.6762
194.743,-0.004704,0.009147,-0.007056,-0.00037,-0.016291,-0.023717,0.6755,0.6802
194.792,-0.004192,0.009111,-0.006288,-0.000372,0.002058,-0.004602,0.6755,0.6797
194.843,-0.00486,0.009079,-0.007289,-0.000374,-0.002669,-0.010332,0.6755,0.6804
194.893,-0.005121,0.009048,-0.007682,-0.000377,-0.001047,-0.009105,0.6755,0.6807
194.944,-0.004258,0.009023,-0.006387,-0.000379,0.003454,-0.003312,0.6755,0.6798
194.991,-0.000618,0.008951,-0.000926,-0.000379,0.014637,0.013332,0.6755,0.6762
195.044,0.002413,0.00891,0.003619,-0.000378,0.012066,0.015307,0.6755,0.6731
195.092,0.000814,0.008888,0.001221,-0.000377,-0.006386,-0.005543,0.6755,0.6747
195.143,0.001185,0.008895,0.001778,-0.000377,0.001483,0.002883,0.6755,0.6744
195.193,0.002598,0.008904,0.003897,-0.000376,0.005671,0.009192,0.6755,0.6729
195.247,0.007586,0.008944,0.011379,-0.000372,0.019869,0.030876,0.6755,0.668
195.293,0.011251,0.009004,0.016877,-0.000366,0.014696,0.031206,0.6755,0.6643
195.347,0.00791,0.009038,0.011866,-0.000362,-0.013369,-0.001866,0.6755,0.6676
195.394,0.008598,0.009093,0.012897,-0.000358,0.002747,0.015287,0.6755,0.6669
195.442,0.010814,0.009198,0.016221,-0.000352,0.008882,0.024751,0.6755,0.6647
195.493,0.011612,0.009294,0.017418,-0.000347,0.003191,0.020262,0.6755,0.6639
195.541,0.009035,0.009342,0.013552,-0.000342,-0.010365,0.002845,0.6755,0.6665
195.593,0.008953,0.009376,0.01343,-0.000338,-0.000323,0.012769,0.6755,0.6666
195.642,0.008476,0.009393,0.012713,-0.000333,-0.001914,0.010466,0.6755,0.6671
195.693,0.006204,0.009387,0.009306,-0.00033,-0.00905,-7.4e-05,0.6755,0.6693
195.742,-0.000327,0.009328,-0.00049,-0.000331,-0.026147,-0.026967,0.6755,0.6759
195.796,-0.003659,0.009303,-0.005489,-0.000332,-0.013251,-0.019073,0.6755,0.6792
195.842,-0.003072,0.009276,-0.004609,-0.000334,0.002367,-0.002576,0.6755,0.6786
195.893,-6.3e-05,0.009211,-9.4e-05,-0.000334,0.011991,0.011563,0.6755,0.6756
195.942,0.001546,0.009164,0.002319,-0.000333,0.006463,0.008449,0.6755,0.674
195.995,-0.001419,0.009133,-0.002128,-0.000334,-0.011694,-0.014156,0.6755,0.677
196.043,-0.000128,0.009129,-0.000192,-0.000334,0.005209,0.004683,0.6755,0.6757
196.095,0.00176,0.009125,0.002641,-0.000333,0.007581,0.009889,0.6755,0.6738
196.143,0.003831,0.009106,0.005746,-0.000331,0.008255,0.01367,0.6755,0.6717
196.193,0.00399,0.009064,0.005984,-0.000329,0.000636,0.006292,0.6755,0.6715
196.242,0.004006,0.009011,0.006008,-0.000327,6.5e-05,0.005746,0.6755,0.6715
196.293,0.009105,0.008968,0.013657,-0.000323,0.020364,0.033698,0.6755,0.6664
196.342,0.013355,0.008955,0.020033,-0.000316,0.016935,0.036652,0.6755,0.6622
196.394,0.01638,0.008972,0.02457,-0.000308,0.012154,0.036417,0.6755,0.6592
196.442,0.01603,0.009011,0.024045,-0.0003,-0.001401,0.022344,0.6755,0.6595
196.493,0.019403,0.009116,0.029104,-0.00029,0.013483,0.042297,0.6755,0.6561
196.542,0.02182,0.009284,0.03273,-0.000279,0.009687,0.042138,0.6755,0.6537
196.594,0.020279,0.009472,0.030419,-0.000269,-0.006149,0.024,0.6755,0.6553
196.642,0.01416,0.009611,0.02124,-0.000262,-0.02451,-0.003532,0.6755,0.6614
196.692,0.006953,0.009674,0.01043,-0.000258,-0.028806,-0.018634,0.6755,0.6686
196.744,0.004876,0.009699,0.007314,-0.000256,-0.008312,-0.001254,0.6755,0.6707
196.793,0.00263,0.009681,0.003945,-0.000255,-0.008965,-0.005275,0.6755,0.6729
196.843,0.003368,0.009655,0.005051,-0.000253,0.002955,0.007753,0.6755,0.6722
196.893,0.003857,0.009611,0.005785,-0.000251,0.001952,0.007486,0.6755,0.6717
196.943,0.007382,0.009576,0.011073,-0.000247,0.014119,0.024944,0.6755,0.6682
196.993,0.009857,0.009585,0.014785,-0.000242,0.009891,0.024434,0.6755,0.6657
197.042,0.009991,0.009607,0.014986,-0.000237,0.000539,0.015288,0.6755,0.6655
197.092,0.009747,0.009622,0.014621,-0.000233,-0.000976,0.013412,0.6755,0.6658
197.141,0.010065,0.009654,0.015098,-0.000228,0.001272,0.016142,0.6755,0.6655
197.195,0.013628,0.009718,0.020442,-0.000221,0.014219,0.03444,0.6755,0.6619
197.246,0.014965,0.009818,0.022448,-0.000213,0.005341,0.027575,0.6755,0.6606
197.293,0.016496,0.009956,0.024743,-0.000205,0.006105,0.030644,0.6755,0.659
197.343,0.015536,0.010107,0.023304,-0.000197,-0.003849,0.019258,0.6755,0.66
197.392,0.019671,0.010303,0.029506,-0.000187,0.016548,0.045867,0.6755,0.6559
197.445,0.023017,0.010532,0.034525,-0.000176,0.01321,0.04756,0.6755,0.6525
197.493,0.025675,0.010762,0.038512,-0.000163,0.010746,0.049095,0.6755,0.6499
197.543,0.027827,0.010985,0.041741,-0.000149,0.008609,0.050201,0.6755,0.6477
197.592,0.02822,0.011178,0.04233,-0.000135,0.001573,0.043768,0.6755,0.6473
197.643,0.02666,0.011333,0.039989,-0.000122,-0.006238,0.03363,0.6755,0.6489
197.694,0.022577,0.011449,0.033865,-0.00011,-0.016335,0.017419,0.6755,0.653
197.742,0.018002,0.011507,0.027003,-0.000101,-0.018364,0.008538,0.6755,0.6575
197.792,0.013164,0.011492,0.019746,-9.5e-05,-0.019292,0.000359,0.6755,0.6624
197.844,0.010268,0.011434,0.015402,-9e-05,-0.011562,0.00375,0.6755,0.6653
197.892,0.008122,0.011345,0.012183,-8.6e-05,-0.008627,0.00347,0.6755,0.6674
197.943,0.007473,0.011241,0.01121,-8.2e-05,-0.002585,0.008543,0.6755,0.6681
197.995,0.005022,0.011107,0.007533,-7.9e-05,-0.009816,-0.002362,0.6755,0.6705
198.043,0.001184,0.010938,0.001776,-7.9e-05,-0.015338,-0.013641,0.6755,0.6744
198.094,-0.001488,0.010759,-0.002232,-8e-05,-0.010692,-0.013003,0.6755,0.677
198.142,-0.000807,0.010568,-0.001211,-8e-05,0.002725,0.001435,0.6755,0.6763
198.193,-0.002924,0.010394,-0.004386,-8.1e-05,-0.008457,-0.012924,0.6755,0.6785
198.242,-0.004306,0.010247,-0.006459,-8.4e-05,-0.005545,-0.012088,0.6755,0.6798
198.294,-0.005359,0.010123,-0.008038,-8.6e-05,-0.004194,-0.012318,0.6755,0.6809
198.342,-0.004266,0.010004,-0.0064,-8.8e-05,0.004386,-0.002102,0.6755,0.6798
198.393,-0.001488,0.00986,-0.002232,-8.9e-05,0.011085,0.008764,0.6755,0.677
198.444,-2.3e-05,0.009685,-3.5e-05,-8.9e-05,0.00584,0.005716,0.6755,0.6756
198.493,0.003637,0.009496,0.005455,-8.7e-05,0.01467,0.020038,0.6755,0.6719
198.542,0.006465,0.009295,0.009697,-8.4e-05,0.011286,0.0209,0.6755,0.6691
198.595,0.005637,0.009061,0.008455,-8.1e-05,-0.003307,0.005067,0.6755,0.6699
198.642,0.004479,0.008825,0.006719,-7.9e-05,-0.004659,0.00198,0.6755,0.6711
198.694,0.002485,0.008604,0.003728,-7.8e-05,-0.007974,-0.004324,0.6755,0.6731
198.742,-0.000791,0.008408,-0.001186,-7.8e-05,-0.013108,-0.014372,0.6755,0.6763
198.791,-0.003285,0.008243,-0.004928,-8e-05,-0.010034,-0.015042,0.6755,0.6788
198.843,-0.006964,0.008117,-0.010447,-8.3e-05,-0.014575,-0.025105,0.6755,0.6825
198.892,-0.011726,0.00808,-0.017589,-8.9e-05,-0.019186,-0.036864,0.6755,0.6873
198.943,-0.02133,0.008199,-0.031995,-0.0001,-0.038262,-0.070357,0.6755,0.6969
198.992,-0.014263,0.008275,-0.021395,-0.000107,0.028273,0.006771,0.6755,0.6898